ffeb
fffb
fffb
fffc
fffc
fffb
fffb
fffb
fffa
fffb
fffb
fffb
fffb
fffb
fffb
fffb
fffa
fffc
fffb
fffb
fffb
fffb
fffa
fffb
fffc
fffc
fffb
fffa
fffb
fffc
fffb
fff8
ffdf
fff3
fff4
fff4
fff2
fff2
fff2
fff4
fff3
fff4
fff4
fff4
fff3
fff3
fff3
fff3
fff4
fff4
fff3
fff3
fff4
fff3
fff3
fff4
fff3
fff2
fff3
fff4
fff3
fff4
fff3
fff5
ffe1
fff3
fff3
fff3
fff3
fff2
fff3
fff4
fff2
fff3
fff3
fff4
fff1
ffd0
ffa0
ff8d
ffa0
ffd1
fff3
fff4
fff4
fff3
fff2
fff3
fff3
fff3
fff4
fff3
fff3
fff4
fff3
fff4
ffe0
fff3
fff4
fff3
fff4
fff3
fff3
fff2
fff2
ffe6
ffb6
ff6c
ff80
ffdc
fff5
0046
0030
ffeb
ff52
ff84
ffe5
fff2
fff3
fff4
fff3
fff3
fff4
fff2
fff3
fff2
fff3
fff5
ffe1
fff3
fff3
fff2
fff3
fff3
fff2
fff2
ffc0
ffa1
ffee
ffe4
ffa6
ffad
ffa8
ffa6
ff95
ff91
ff9e
ffd7
ff91
ffdd
fff2
fff4
fff3
fff4
fff2
fff2
fff2
fff2
fff3
fff6
ffe1
fff2
fff2
fff2
fff2
fff2
fff3
ffca
ffb3
ffb1
ffa4
ff8b
ff85
ff9c
ffa4
ff98
ff99
ff98
ff9c
ff9c
ffb4
ff45
ff69
ffd6
fff1
fff3
fff2
fff2
fff2
fff4
fff3
fff5
ffe0
fff3
fff3
fff2
fff2
fff3
ffe3
ffbe
ffb9
ff97
ffa7
ffa3
ff99
ff93
ff99
ff9a
ff8b
ff98
ffae
ff9e
ff91
ffa9
ffcf
ff80
ff8d
ffea
fff3
fff3
fff4
fff3
fff3
fff5
ffe2
fff3
fff3
fff3
fff3
fff3
ffe0
ffb0
ff87
ff98
ff95
ffa2
ff9b
ff9f
ffa4
ffae
ffb5
ffb6
ffba
ffc8
ffb0
ffa1
ff8f
ffa5
ffce
ffac
ffeb
fff3
fff3
fff2
fff3
fff6
ffe1
fff3
fff3
fff4
fff3
fff3
ffdb
ffae
ff94
ff8a
ff8e
ff86
ff94
ff8c
ff96
ff98
ffbc
ffbc
ffa2
ffa1
ffae
ffa7
ff9b
ff9a
ff9f
ffaa
ffd8
fff4
fff4
fff2
fff3
fff4
ffe1
fff3
fff2
fff3
fff3
fff3
ffd7
ffa5
ff9f
ff8f
ff9e
ffa5
ffac
ffa7
ffd1
ffcf
ffba
ffc7
ffc4
ffb6
ffad
ffac
ff9d
ff98
ff9b
ff9d
ffd2
fff2
fff3
fff2
fff3
fff5
ffe0
fff3
fff3
fff2
fff3
fff3
ffee
ffb0
ff90
ff99
ffb6
ffb3
ffae
ffd0
ffc6
ffd5
ffd9
ffd9
ffd2
ffcc
ffc0
ffb1
ffa4
ff98
ff9a
ff9d
ffe1
fff2
fff3
fff3
fff3
fff4
ffe1
fff3
fff4
fff4
fff3
fff3
ffe5
ffd0
ffa5
ffc3
ff92
ffa7
01b4
0077
008a
00ac
00c0
00ca
0162
010f
ffab
ffa5
ffa7
ff9a
ff98
ffbd
ffed
fff1
fff4
fff2
fff3
fff5
ffe1
fff3
fff3
fff4
fff3
fff3
fff0
ffa9
ffa5
ffb3
ffc0
ffcf
ffec
fff9
fff7
fff8
fff7
fff8
fffa
fffa
ffd5
ffc3
ffa6
ff8d
ffae
ffd2
ffea
fff4
fff3
fff1
fff4
fff5
ffe1
fff4
fff2
fff4
fff2
fff4
ffe1
ffa7
ffa7
ffaf
ffa3
ffb6
ffdf
fff3
fff3
fff3
fff3
fff3
fff3
fff1
ffb7
ffaf
ffb5
ffad
ffa7
ffd4
fff1
fff4
fff3
fff2
fff3
fff5
ffe0
fff3
fff2
fff3
fff2
fff3
fff1
ffbf
ffb7
ffbe
ffbd
ffa5
ffe0
fff3
fff3
fff3
fff3
fff3
fff3
fff3
ffd9
ffc2
ffb7
ffb4
ffcc
ffe5
fff3
fff4
fff3
fff2
fff4
fff4
ffe0
fff3
fff3
fff3
fff3
fff3
fff6
ffd6
ffc5
ffbc
ffc0
ffc3
ffe0
fff3
fff3
fff3
fff3
fff3
fff3
fff7
ffd2
ffbf
ffb8
ffb5
ffcb
ffe9
fff4
fff2
fff3
fff4
fff3
fff4
ffe1
fff4
fff3
fff2
fff3
fff4
fff7
ffc4
ffaf
ffbe
ffc9
ffcf
ffe6
fff3
fff3
fff3
fff3
fff3
fff3
fff7
ffda
ffbf
ffb6
ffa5
ffc5
ffe9
fff3
fff2
fff3
fff4
fff3
fff4
ffe1
fff3
fff2
fff3
fff3
fff2
fff6
ffd8
ffbb
ffbf
ffc4
ffce
ffe8
fff3
fff3
fff3
fff3
fff3
fff3
fff2
ffd2
ffbd
ffb3
ffc9
ffe4
fff0
fff3
fff4
fff4
fff4
fff3
fff5
ffe1
fff3
fff3
fff2
fff2
fff2
fff4
fffe
ffdb
ffbc
ffbe
ffc3
ffe5
fff3
fff3
fff3
fff3
fff3
fff3
fff1
ffd0
ffbe
ffc2
ffec
fffb
fff2
fff4
fff2
fff3
fff3
fff3
fff4
ffe1
fff3
fff3
fff3
fff3
fff3
fff3
ffce
ffbf
ffcb
ffbf
ff9b
ff2f
ff35
ff47
ff4e
ff3f
ff27
ff2e
ff68
ffb8
ffb7
ffb9
ff9b
ffe9
fff2
fff3
fff3
fff2
fff3
fff3
fff5
ffe0
fff3
fff3
fff4
fff3
fff4
fff3
fff2
ffed
ffd5
ffbd
ffcc
ffd8
ffb0
ffed
fffa
ffe7
ff9e
ffb8
ffb9
ffbc
ffb9
ffd9
ffef
fff3
fff2
fff3
fff3
fff4
fff4
fff3
fff5
ffe1
fff5
fff3
fff3
fff4
fff3
fff3
fff4
fff3
ffda
ffbd
ffad
ffa5
ffb7
ff9d
ff7a
ff95
ffb5
ffa9
ffb5
ffb4
ffca
ffeb
fff2
fff3
fff3
fff3
fff4
fff3
fff2
fff3
fff6
ffe0
fff4
fff4
fff2
fff2
fff3
fff3
fff3
fff4
ffcf
ffbd
ffb9
ffc0
ffba
ffcc
ffd9
ffd5
ffbd
ffbf
ffb6
ffad
ffb9
ffe6
fff3
fff3
fff4
fff2
fff2
fff3
fff3
fff4
fff4
ffe2
fff4
fff2
fff2
fff4
fff4
fff3
fff3
ffdb
ffb8
ffd1
ffa8
ffb0
ffbd
ffbb
ffbc
ffc0
ffc1
ffb7
ffa7
ffab
ffa5
ffda
fff3
fff3
fff3
fff4
fff2
fff3
fff3
fff3
fff4
ffe1
fff3
fff3
fff3
fff3
fff3
fff4
ffc4
ffa7
ffcf
ffc1
ffc1
ffaa
ffab
ffb9
ffc4
ffc0
ffaf
ffa8
ffb2
ffaa
ffcb
ff8b
ffc8
fff4
fff3
fff3
fff3
fff3
fff3
fff3
fff6
ffe1
fff4
fff3
fff3
fff2
ffb2
ff59
ffe2
ffb5
ffc6
ffd2
ffcb
ffc3
ffb0
ff99
ffa2
ff9f
ffa4
ffb6
ffb2
ffbf
ffda
ffdc
ffe8
ff51
ff51
ffbb
fff0
fff4
fff3
fff4
fff5
ffe1
fff5
ffdc
ff64
ff98
0063
ffc1
ffa2
ffab
ffd0
ffe7
ffdd
ffbf
ffb8
ffc6
ffcd
ffca
ffb8
ffb7
ffb8
ffd6
ffdb
ffb5
ff9b
ffa0
ffdc
0040
ffb3
ff44
ff83
ffe7
fff6
ff8a
ff59
fff7
ffea
ff9f
ffa5
ffad
ffaa
ffa7
ffda
ffec
ffde
ffdf
ffbb
ffbc
ffb9
ffb6
ffba
ffb5
ffd9
ffda
ffe4
ffb7
ffa2
ffa3
ffa4
ffa1
ff9b
ffb2
ffff
ffca
ff67
002a
ffb0
ff9d
ffa6
ffa6
ffa7
ffa7
ffa6
ffa9
ffdb
ffe9
ffee
ffe1
ffcf
ffbe
ffbd
ffbb
ffbd
ffd3
ffda
ffe9
ffe5
ffb9
ffa6
ffa1
ffa5
ffa4
ffa5
ffa5
ffa4
ff9e
ffbb
ffaa
ffa5
ffa7
ffa5
ffa5
ffa5
ffa9
ffa8
ffa1
ffd7
ffec
fff1
ffbe
ffd1
ffcd
ffc2
ffc1
ffcf
ffdf
ffe5
ffef
ffe1
ffb3
ffa7
ffa2
ffa4
ffa5
ffa7
ffa3
ffa4
ffa5
ffa4
ffae
ffa6
ffa7
ffa7
ffa6
ffa6
ffa6
ffa3
ff9e
ffd0
ffeb
ff92
fff3
ffc0
ffe6
ffd6
ffd8
ffd2
ff9f
ff9b
ff8c
ffe0
ffb4
ffa5
ffa5
ffa4
ffa4
ffa5
ffa4
ffa4
ffa6
ffa3
fff7
fff4
fff4
fff3
fff0
fff1
fff8
fff9
fff5
ffac
ff60
006b
fff8
ffb9
ff74
ff8c
ff6f
ff94
000f
0048
0004
ff73
ffd0
fff8
fff5
fff7
fff7
000a
fff9
fff8
fff9
ffe9
ffff
fffc
fffc
fffc
fffd
fffc
fffb
fffd
fffb
fffd
fffc
fffe
fffc
fffc
fffc
fffc
fffd
fffe
fffb
fffc
fffc
fffc
fffd
fffd
fffb
fffd
fffc
fffd
fffc
fffd
fffc
ffef
0000
fffe
0000
fffd
ffff
fffe
ffff
0000
0000
0000
fffe
0003
fffe
ffff
ffff
ffff
0004
fffe
ffff
ffff
0000
fffe
0000
fffd
0002
fffe
ffff
ffff
fffe
ffff
ffff
ffeb
fffe
ffff
fffe
ffff
fffe
ffff
fffe
ffff
ffff
0000
ffff
ffff
0008
0005
fffb
fffb
fffd
fffc
000d
ffff
ffff
ffff
fffe
ffff
fffe
0000
fffe
ffff
ffff
ffff
ffff
ffeb
0002
ffff
ffff
fffe
0000
ffff
ffff
ffff
0000
0015
fffe
0057
00b6
002a
0072
0030
ffef
ffd3
ff99
fffe
0026
fffd
ffff
fffe
ffff
ffff
0001
ffff
ffff
fffe
ffff
ffeb
fffe
ffff
0002
fffe
ffff
ffff
fffe
ffff
008f
00df
0097
0025
002c
001a
fff9
fffa
fffd
0018
008b
ffb8
ff8d
0058
ffff
0000
ffff
ffff
fffe
fffe
ffff
0000
ffff
ffec
ffff
ffff
ffff
0001
ffff
fffe
0000
0097
011f
0092
ffff
0003
0008
fffb
0009
ffff
0003
fff7
fffe
0037
ffda
ff9d
ffef
002d
0005
ffff
fffe
ffff
fffe
ffff
ffff
ffeb
ffff
0000
fffe
ffff
fffe
fffe
004a
00f5
00ab
000d
0002
fffd
fff8
ffff
fff7
fffb
fff4
fffc
fffb
fffe
00d0
0037
ffcf
ffa1
ffd0
004f
0000
fffd
ffff
ffff
ffff
ffed
0003
ffff
ffff
ffff
0000
ffff
0082
01b9
fffd
000c
fff8
0004
0055
fffa
fffb
fffb
000a
fff8
fff2
0047
0023
00ea
ffed
0066
ffb8
ff8e
0044
0000
ffff
ffff
fffe
ffec
0002
0000
ffff
fffe
ffff
ffff
0096
0003
000a
fffb
fffd
ffff
0015
fff4
fff3
ffe9
fffb
ffec
0005
008f
001b
00ad
0010
ffea
009d
ff5d
002c
fffe
0000
ffff
ffff
ffeb
0003
ffff
ffff
0000
ffff
ffff
023a
fff3
0047
fff9
fff7
fffa
0043
fffc
ffea
ffe7
ffe6
000c
fffd
0036
ffec
0030
00c2
ffe6
0066
ffda
ff9f
000b
fffe
ffff
ffff
ffed
ffff
fffe
0003
0000
ffff
ffff
030a
fffb
ffeb
0017
ffe7
ffe1
000a
fff8
ffda
ffe9
ffff
001f
004e
fffe
009b
fffa
011a
ffec
fffc
fff5
ff66
0000
ffff
ffff
fffe
ffeb
0000
fffe
0000
fffe
ffff
ffff
ffcd
02e1
fffe
0020
ffd7
ffbe
009e
ffd8
fff9
001b
fffd
0003
0040
010a
fff5
000d
00db
fffb
fff0
ffea
ff79
fffe
0000
fffe
fffe
ffeb
0000
0000
ffff
fffe
ffff
ffff
fffc
0446
ffd3
fff6
ffee
00f0
ffea
0014
ffff
ffff
0000
fffe
fffd
ffe3
004a
001f
002f
0029
ffeb
ffc6
ffe1
ffff
fffd
ffff
0000
ffeb
0002
ffff
fffe
0001
fffe
0000
0041
038e
ffad
003c
fffa
ffdc
0055
ffff
ffff
ffff
ffff
ffff
ffff
0019
ffff
0040
0081
0038
ffd4
ffd0
fffc
0000
0001
0001
ffff
ffeb
ffff
ffff
0000
ffff
ffff
ffff
000b
0108
ff9e
ffff
009e
0163
ffeb
ffff
ffff
ffff
ffff
ffff
ffff
ffe0
00e0
ffe7
fffa
00bb
ffce
ffe2
0001
fffe
ffff
0000
0000
ffeb
0003
fffe
fffe
ffff
ffff
ffff
0019
007f
ffdc
ffee
0011
0042
fff0
ffff
ffff
ffff
ffff
ffff
ffff
ffe7
0054
002e
0001
0030
ffe6
ffde
ffff
ffff
ffff
0000
ffff
ffea
0002
0000
0000
0000
ffff
0000
ffe8
00f1
00a1
ffee
fff6
0031
fff3
ffff
ffff
ffff
ffff
ffff
ffff
fffa
0040
0043
003e
ffd6
fffa
fff4
fffe
0000
ffff
0000
fffe
ffeb
0000
ffff
ffff
ffff
0000
ffff
fff1
022e
0055
ffef
ffef
fffb
fff7
ffff
ffff
ffff
ffff
ffff
ffff
fffb
0065
003d
005d
ffd3
ffaf
fff6
ffff
ffff
ffff
fffe
ffff
ffeb
0001
ffff
0000
fffe
0000
0000
fffb
01dc
00c8
ffe6
fff8
fff1
fffc
ffff
ffff
ffff
ffff
ffff
ffff
fffe
0055
003c
002f
ffd2
ffb2
fffd
ffff
ffff
fffe
ffff
fffe
ffeb
fffe
ffff
fffe
0002
fffd
fffe
ffff
ffec
0274
ffd9
fff6
0068
ffe3
fffe
0000
000f
fffe
fffe
fffc
ffe8
0093
0038
ffe5
003e
fff8
0000
fffe
fffd
fffe
ffff
0000
ffeb
ffff
fffe
ffff
ffff
ffff
0000
ffff
ffff
fff5
009a
fff0
005d
0056
fff4
001c
fffc
0004
fffe
ffef
ffe5
0052
fff8
ffae
fff0
ffff
fffe
ffff
0000
ffff
fffe
ffff
ffeb
0000
ffff
ffff
ffff
0000
ffff
fffe
fffd
ffdd
0332
ffe9
ffe0
0053
0049
ffde
fff3
0071
004e
fffd
ffea
0056
fff5
ffb9
fffe
ffff
0003
ffff
0000
ffff
ffff
ffff
ffec
ffff
ffff
0000
ffff
ffff
ffff
fffe
ffff
ffff
00d4
ffff
ffeb
fff6
0001
0023
0059
fff1
001d
fffc
0016
004b
ffdb
fffa
ffff
ffff
0000
ffff
ffff
ffff
0003
fffe
ffeb
ffff
0000
ffff
0000
ffff
fffd
fffe
fffe
005f
fffa
0159
ffe1
fff6
fff8
ffea
0016
0010
002e
0036
0048
002d
ff83
0002
ffff
ffff
ffff
0000
0000
fffe
fffe
ffff
ffeb
fffe
ffff
fffe
fffd
fffe
ffff
ffff
0069
00a9
006e
01cb
0075
ffd6
0010
fff2
fff9
0009
0034
003a
002f
fffa
009f
ff33
0056
0000
fffe
ffff
fffd
0000
ffff
ffff
ffec
0000
fffe
0000
ffff
0004
0033
002c
00e5
007b
ffb1
0112
fff9
00a4
ffea
0009
ffff
000a
ffff
0022
fff7
ffec
ffa4
00f4
ffa2
ffc5
fff0
000e
001d
ffff
fffe
0000
ffeb
ffff
fffe
002c
0002
0101
0075
0032
fffb
fffe
ff80
ffb5
024b
fffc
007a
002c
0000
fffa
fff7
fffa
fff6
0021
fff0
015a
0020
002d
fffb
ffdb
ffc6
ffcf
fffc
0039
ffea
0038
0086
00bd
006c
0011
fff4
0009
fffe
0011
ff86
fff3
00e1
fff9
001b
001f
0000
fffc
0006
fffa
ffe8
ffbf
0016
01cd
fffa
fffc
fff6
fffe
0029
0048
ffed
ffb1
ff97
ffed
0054
fff8
fffc
fffe
fff8
ffff
ffff
001b
ff8c
fffa
ffdc
0266
ffee
0002
ffff
0001
ffff
ffef
ffe2
fff7
0049
0255
fff9
fffd
fff9
fffd
fffa
fffb
0000
004d
ffe6
fff7
ffff
ffff
fffc
fffc
fffd
fffc
fffe
0046
ff95
fffa
fff2
ffed
0193
fffa
fffd
0004
fffb
ffe7
ffeb
0011
0084
022d
001e
fff8
fffb
fffd
fffc
fffd
fffd
fffe
0016
fffd
fffd
fffe
ffff
fffd
fffe
fffd
0000
0098
ff57
0014
0056
0177
ffa3
00a3
fffc
0000
ffff
0115
ff8d
0014
0093
0234
0015
0005
fffb
fffb
0004
fffd
fffd
fffc
0027
002d
ffff
fffd
fff8
0000
0000
ffff
ffff
0028
ff5a
000a
024d
002e
ffaa
ffd0
001a
fff1
0076
0164
009e
ff6a
ffff
0292
000a
fffd
0004
fffc
0017
fff6
0007
fffd
007c
0040
00d4
00d5
00d4
00d5
00d3
00d5
00d3
00d5
00d3
00d4
00d4
00d3
00d4
00d3
00d5
00d4
00d4
00d4
00d4
00d5
00d4
00d4
00d3
00d6
00d3
00d3
00d4
00d4
00d5
00d3
008e
003a
00d8
00d8
00d7
00d7
00d8
00d8
00d8
00d6
00d8
00d7
00d7
00d7
00d8
00d8
00d7
00d7
00d7
00d8
00d7
00d8
00d7
00d7
00d8
00d7
00d7
00d7
00d8
00d6
00d8
00d6
009d
003c
00d7
00d8
00d8
00d7
00d7
00d8
00d8
00d7
00d8
00d8
00d6
00d2
00d4
00e6
00e7
00e2
00dd
00d2
00d7
00d8
00d6
00d8
00d7
00d8
00d7
00d8
00d7
00d7
00d8
00d7
009e
003b
00d8
00d9
00d7
00d8
00d6
00d8
00d8
00d7
00cc
00e2
00ef
014a
013a
00fc
00eb
00fd
0106
00bd
00b1
00d1
00d5
00d8
00d8
00d6
00d8
00d8
00d6
00d8
00d8
00d7
009d
003b
00d8
00d7
00d8
00d7
00d7
00d8
00d7
00ad
0166
013f
00ce
0088
0089
0084
0099
0094
008c
00a2
0112
0093
00a5
00d6
00d8
00d6
00d9
00d6
00d7
00d7
00d7
00d8
009e
003c
00d8
00d7
00d8
00d6
00d8
00d8
00a4
0167
00b7
0072
0079
0082
00a1
008a
007f
008f
0087
0076
0086
010c
0097
00cc
00c5
00d3
00d9
00d7
00d7
00d8
00d8
00d7
009e
003b
00d8
00d8
00d5
00d8
00d8
00bd
0131
00ae
006a
0098
006f
0093
0080
007c
0072
0073
0071
003e
0048
007d
00b4
00f4
00ce
00b0
00b5
00d8
00d7
00d7
00d7
00d7
009c
003b
00d7
00d7
00d8
00d7
00d8
008c
013f
006d
0078
0087
0080
006f
0072
0066
0062
0062
0016
0055
0075
0037
004f
009d
0095
010f
0074
00b8
00d7
00d8
00d7
00d8
009e
003b
00d6
00d8
00d8
00d7
00d8
00aa
013a
0087
007b
0071
005c
007a
0065
0085
0042
0033
0026
0023
0041
004f
002b
00ad
0072
0080
00fc
0042
00d8
00d8
00d7
00d8
009e
003b
00d7
00d7
00d8
00d6
00d8
00ae
0108
0066
0088
0081
0083
0064
0080
004e
0019
0022
0053
0069
0051
007c
003f
008a
007a
004b
00e7
0049
00d3
00d8
00d7
00d7
009d
003a
00d7
00d7
00d6
00d8
00d8
0055
0122
0086
0087
0072
0039
0009
0057
fff9
0043
0045
0045
0053
005b
0060
0062
005a
008b
004c
00d6
0062
00ca
00d6
00d7
00d8
009e
003a
00d8
00d8
00d7
00d7
00d8
0080
00e0
00a8
0077
004c
008e
0011
0002
004d
0068
0066
005f
0060
002f
00ba
006f
002c
0094
0078
00b7
0040
00d8
00d8
00d8
00d8
009e
003b
00d7
00d8
00d7
00d7
00d7
00d3
00b3
00a9
004f
0056
0048
0029
00c4
00c2
00c7
00c6
00c5
00c1
00ac
00f6
0093
0044
008c
00b6
fffc
00b9
00d7
00d8
00d7
00d8
009c
003b
00d7
00d7
00d8
00d7
00d8
00b5
00b2
00ba
0082
00ab
00bd
fffe
00d8
00d8
00d8
00d8
00d8
00d8
00d0
015d
0066
0034
00c0
006b
003a
00d6
00d8
00d7
00d7
00d6
009d
003b
00d6
00d7
00d7
00d6
00d8
00dd
0056
00da
0092
006b
0036
0030
00d8
00d8
00d8
00d8
00d8
00d8
00c3
012b
0068
005a
00d5
002c
002e
00d8
00d8
00d7
00d7
00d8
009d
003a
00d8
00d8
00d8
00d6
00d7
00df
0083
00b5
0087
0067
0049
0041
00d8
00d8
00d8
00d8
00d8
00d8
00f0
00e2
008a
007e
0083
0008
0038
00da
00d7
00d8
00d8
00d6
009e
003b
00d7
00d8
00d5
00d8
00d8
00e5
00b5
009a
0081
005b
0031
0058
00d8
00d8
00d8
00d8
00d8
00d8
00f4
00ea
0078
0076
0066
0021
0069
00d9
00d6
00d9
00d7
00d6
009d
003a
00d7
00d7
00d8
00d7
00d6
00e2
00ab
009f
0079
0049
0029
0063
00d8
00d8
00d8
00d8
00d8
00d8
00ee
00d4
0063
0077
0087
0022
00b3
00d8
00d8
00d7
00d7
00d7
009d
003c
00d6
00d7
00d8
00d6
00d7
00db
009d
009f
008c
0059
003c
0051
00d8
00d8
00d8
00d8
00d8
00d8
00ec
00e1
0063
0093
0040
0056
00d7
00d7
00d6
00d8
00d8
00d9
009e
003b
00d7
00d9
00d7
00d9
00d8
00d8
00a6
008e
0115
007b
003b
0079
00dc
00c5
00b6
00c5
00d7
00e5
0107
00e2
006a
0089
ffff
00e3
00d5
00d8
00d8
00d8
00d8
00d7
009d
003b
00d7
00d8
00d8
00d7
00d8
00d6
00d8
00b8
013d
0095
0050
00a8
004d
0002
fff8
fffe
001b
00a9
0075
008c
0096
0051
00ba
00d7
00d8
00d7
00d7
00d8
00d8
00d7
009e
003b
00d8
00d7
00d9
00d7
00d6
00d7
00d8
00e9
00cc
00ca
006e
004c
0049
fff4
ffec
ffef
fffe
003a
009e
0098
00b8
0048
00d6
00d8
00d7
00d7
00d8
00d7
00d8
00d7
009e
003b
00d8
00d7
00d6
00d7
00d7
00d8
00d8
00db
0079
0161
009e
0087
0070
0042
0027
0026
005e
0096
0099
0098
008d
0062
00d7
00d7
00d8
00d7
00d7
00d7
00d7
00d8
009d
003c
00d7
00d6
00d6
00d9
00d7
00d8
00d8
00b2
0182
00be
00cd
0095
00a7
0069
005b
0073
009b
0084
009f
00af
00a3
006e
00d8
00d7
00d8
00d8
00d6
00d8
00d7
00d7
009e
003c
00d7
00d8
00d8
00d7
00d8
00d7
00b2
013c
00cd
001b
00a2
00c2
009b
00a3
0085
0098
0094
00a3
00ab
0067
0049
0133
00ac
00d6
00d8
00d7
00d8
00d8
00d7
00d8
009e
003b
00d8
00d7
00d8
00d4
00c9
0107
014a
0059
0056
0000
00dc
0080
00a7
0099
009d
0090
0094
0087
0069
007c
fffb
0165
010d
00b0
00c5
00d2
00cf
00d6
00d8
00d8
009c
003b
00d8
00c6
00ee
0151
0117
0060
0055
0063
0031
0066
00c4
0087
006b
006f
0063
005a
005d
0068
0076
0041
fffc
00d8
0077
0083
00b1
00ef
00cf
00c3
00d2
00c2
009d
0030
0126
015d
00a4
0052
0058
005d
0053
005b
0022
0066
005b
0111
0080
007e
006e
006e
0078
0077
009f
fffa
005c
00a1
0076
0067
005a
0053
005f
008d
00eb
00e3
009c
0123
0061
0063
0060
0058
0053
0050
004c
005e
ffff
0065
0088
00a0
00d3
0097
008d
0089
008c
0092
0006
0082
005e
006d
007e
0060
0062
0050
0056
0058
0057
0064
00d1
00b3
0059
005a
0054
0051
0059
004f
0049
005f
fffd
0067
0086
0097
00eb
00a0
009a
008f
008e
0033
006a
0087
0052
0050
0072
0062
0058
004c
0056
0054
0057
0059
008c
00a9
0053
0053
0052
0056
0056
004d
004c
0048
0034
004e
006e
00f2
ffed
00ad
008b
0084
0047
007e
007c
fffb
003b
005a
0055
0057
0053
004f
0051
0055
0054
0053
0087
0090
005a
0057
005c
005b
005b
005b
0052
0047
0085
005b
00bd
ffd4
fff3
009a
00ca
007a
0089
0035
ffd8
ffff
0019
0062
0054
0052
0056
004f
005d
0050
0057
0058
006e
025f
fffc
fffc
fffb
fffb
fffd
fffb
fffc
fffb
fffc
fffc
fffb
fffd
fffc
fffb
fffc
fffb
fffc
fffc
fffc
fffb
fffc
fffc
fffc
fffb
fffc
fffc
fffb
fffc
fffb
fffc
02d6
0284
ffff
fffe
ffff
fffe
ffff
fffe
fffe
fffe
ffff
fffe
fffe
ffff
fffe
ffff
fffe
fffe
0000
fffd
0000
fffd
ffff
fffe
ffff
fffd
ffff
ffff
fffd
ffff
fffd
ffff
02d6
0284
fffe
ffff
fffe
ffff
fffe
ffff
fffd
ffff
fffe
fffe
ffff
0000
000e
ffff
fffd
fffd
fffc
ffff
ffff
fffd
ffff
fffe
ffff
fffe
ffff
fffe
fffe
ffff
fffe
ffff
02d5
0284
0000
fffd
fffe
fffe
ffff
fffe
fffe
fffe
0015
000d
0079
007b
fff1
fff8
fff9
fffc
ffdc
fffb
0039
fffe
ffff
fffe
fffe
fffe
fffe
fffe
ffff
fffe
ffff
ffff
02d2
0282
fffe
fffe
ffff
fffe
ffff
fffe
fffe
00c6
0087
fff7
fffe
ffe2
fff9
ffff
0018
fffa
fffc
ffef
ffd7
007f
004d
ffff
fffd
0001
fffd
ffff
fffe
fffe
fffe
ffff
02d4
0284
fffe
ffff
fffd
ffff
ffff
fffd
00c7
014e
ffb9
ffe8
fffc
001c
fffc
fffe
0000
fff8
ffff
0004
fffa
ffae
011c
001a
0005
ffff
fffe
fffe
fffe
ffff
fffd
ffff
02d3
0284
fffe
fffe
fffe
ffff
fffd
003a
021c
ff94
fff4
0012
0021
fff6
fff9
0000
0000
fff8
fff5
0042
001c
fff2
fffd
ffdc
0032
002e
0018
fffe
ffff
fffd
ffff
fffe
02d4
0287
fffe
fffe
ffff
fffe
ffff
02c7
ff8d
fffe
0021
ffef
000b
fff7
fffa
fffe
0002
ffe6
0050
0065
fffd
fff0
0032
fff1
fffb
ffba
0128
0016
fffe
ffff
ffff
fffe
02d4
0284
fffe
ffff
fffe
fffe
fffd
03cb
ff58
ffed
0028
fff3
0039
fffa
fffe
fff0
0017
ffe2
00af
0022
ffef
005a
009d
ffc6
0026
ffe3
ffab
01b2
fffe
fffe
fffe
ffff
02d5
0285
fffe
ffff
fffe
ffff
fffd
02ca
ff77
0015
fff8
0021
fff9
fff8
001d
ffe4
fff2
00b4
0035
000d
0029
fffb
00aa
ffc5
fff1
0083
ff75
023f
ffff
fffe
fffe
fffe
02d2
0289
fffe
fffd
ffff
ffff
fffd
02a1
ff83
0074
ffea
fff8
fff1
00ce
ffa9
00cb
0025
0023
0027
000b
0010
fff9
0064
ffe5
ffdd
00f2
ff86
0161
002a
ffff
fffe
fffe
02d6
028b
fffe
fffe
fffe
fffe
fffe
024f
ff9a
ffe4
ffe8
000c
fff5
ffff
ffe8
007d
0000
fffe
003c
ffff
0086
fffb
ffff
005a
ffc9
00b5
ff75
01c8
0002
ffff
ffff
fffe
02d1
0286
fffe
ffff
fffe
fffe
fffe
002f
00c1
ffa7
00a8
fff3
ff73
026d
0002
ffff
fffe
ffff
fffe
fffe
0317
ff86
fff3
00de
ffc9
ffce
ffbe
01d7
fffe
ffff
fffd
fffe
02d9
0284
ffff
fffd
ffff
ffff
fffe
012e
ffed
ffc8
009f
fffd
ff75
01eb
fffe
fffe
fffe
fffe
fffe
fffe
02a9
ff9d
fffe
00f1
ffc3
ff65
0285
000c
fffe
fffe
fffe
ffff
02d7
0286
ffff
fffe
ffff
fffe
fffe
0222
ffe6
ffb1
00c9
ffd9
ff66
02d6
fffe
fffe
fffe
fffe
fffe
fffe
0347
ff62
0053
0132
ff91
ffae
01e9
fffe
ffff
fffe
fffe
ffff
02d8
0285
0000
fffd
fffe
fffe
fffe
01bd
ffee
ffb6
0030
0001
ff93
0195
fffe
fffe
fffe
fffe
fffe
fffe
0237
ffa4
005f
0074
ffa6
ffd1
0140
fffe
fffe
fffe
fffe
ffff
02d4
0284
fffe
fffe
fffe
ffff
fffe
0135
ffe0
ffd5
0015
0027
ffab
010f
fffe
fffe
fffe
fffe
fffe
fffe
01b6
ffcf
002d
0002
ffd4
ffc1
013b
fffd
ffff
fffe
fffe
ffff
02d4
0287
fffe
fffe
fffe
fffe
ffff
0064
0011
ffd8
001c
0017
ffbe
00cd
fffe
fffe
fffe
fffe
fffe
fffe
01aa
ffd8
0006
fffd
ffe5
ffe2
0097
fffd
ffff
fffe
fffe
fffe
02d6
0284
ffff
ffff
fffe
ffff
ffff
000f
008b
ffdd
0007
0004
ffba
00db
fffe
fffe
fffe
fffe
fffe
fffe
01ca
ffd4
000c
ffe0
ffd7
007a
0004
fffd
ffff
fffe
ffff
fffe
02d6
0282
ffff
fffe
ffff
ffff
fffe
fffe
0034
00ef
ffd3
0022
ffb5
0136
fffd
fffe
0002
ffff
ffff
fffd
01bf
ffc2
0034
ff81
0111
006f
fffd
0000
fffe
fffd
fffe
ffff
02d5
0284
ffff
fffe
ffff
fffe
fffd
ffff
fffe
0217
ff9e
fffc
00fc
ffce
0038
fffa
005b
fff6
0031
ffd7
008e
0020
fffd
ffb4
010e
ffff
ffff
fffe
ffff
fffe
fffe
ffff
02d6
0289
fffe
fffe
fffe
fffe
ffff
ffff
fffe
008b
ffed
ffee
0097
fffa
ffe0
003b
0001
0066
ffe1
fff8
0069
0049
ff8e
0117
0001
fffe
fffd
ffff
fffe
ffff
fffe
fffe
02d4
0284
fffe
fffe
fffe
ffff
ffff
fffe
fffe
fffd
022d
ffa1
002d
0008
fffa
0020
fffa
000b
000a
001b
002a
002b
ff68
0211
fffe
fffe
fffe
ffff
fffe
fffe
ffff
fffe
02d8
027f
fffe
ffff
ffff
fffe
ffff
fffe
fffe
0053
0154
ffab
fff3
0054
fff2
0016
0000
004c
fffc
0013
001f
fff4
ff96
016f
fffe
ffff
ffff
fffd
ffff
ffff
ffff
fffe
02d1
0284
ffff
fffe
fffe
fffe
fffe
fffe
005f
01ba
ff3a
021f
ffe9
fff9
0012
0015
0011
0026
0003
0049
ffe6
ffe5
0083
fff6
002a
ffff
fffe
ffff
fffe
fffe
ffff
ffff
02cf
0287
fffe
fffe
ffff
ffff
0038
00b5
007c
ffc2
ff9c
0302
ffe5
fff3
fffc
0000
0019
000c
0025
ffed
ffec
fff5
02d7
ff66
0010
0010
001a
fffc
0000
ffff
fffe
fffe
02d9
0289
fffe
0029
0077
006a
fff9
ffeb
ffee
ffe8
ffe2
01b6
ffd3
004c
fffb
fffc
fffb
fffa
fff7
fff9
0058
ffa0
03a0
ff8c
0022
fff4
0002
fff9
fffc
fffe
ffff
000c
02d5
02cd
00b5
001c
ffed
ffe5
fffa
0004
fffe
ffcd
0036
003d
0194
ffcc
0016
fff8
fffb
fffc
fffa
000d
ffe4
0001
01ce
ffb5
fff9
fffa
0004
ffff
0003
fff9
fff2
fffa
02aa
0149
ffdf
fff3
fffe
fff9
000d
fffc
fffe
ffb6
00e4
ffff
00a5
000e
fff9
fffe
fffd
fffe
fffc
fffa
ffbd
016c
009f
ffdf
ffed
0000
fffa
0007
fffe
fffd
0000
0001
ffc9
ffb9
ffff
fffd
ffff
fffc
0007
ffff
fffe
ffa1
0186
fff3
0029
0112
ffd1
0025
fffd
ffff
fffd
ffbe
00e4
0055
0042
fffc
ffe7
fffd
fffa
0017
fffb
fffe
0005
fffe
ffb8
ffbc
ffff
fffc
fffc
000a
fffc
ffff
0008
ffc2
00ee
fff9
0175
ffb2
0096
fff2
fffc
fffe
ffdb
0187
ffb0
00be
0053
ffef
fff4
fff8
fffe
0008
ffff
fffd
0000
fffc
ffb6
ffc3
fffd
0004
fffc
ffff
ffff
0014
fff9
fff8
ffe2
0155
002a
ffa8
00c2
0097
ffe9
fff0
011e
ffdd
fff3
ffd3
0175
ffdc
fffa
0000
fffd
0000
fffe
fffe
fffd
0003
ffbf
0055
0155
0155
0154
0155
0154
0155
0154
0152
0153
0155
0154
0153
0155
0153
0155
0154
0153
0151
0153
0155
0155
0154
0152
0154
0153
0154
0154
0155
0155
0154
00f0
005e
014a
0148
014a
014b
014a
014a
014b
014a
014c
014a
014b
0149
014a
014c
014b
014a
0149
014a
014b
014a
0149
014a
014a
014a
014b
014b
014a
014a
014b
014b
008e
005f
0148
014b
014c
014b
0149
014b
014b
014b
014a
0149
014a
0148
012e
0100
00dd
00e5
0117
0141
014c
014b
014a
014a
014c
014b
014b
014b
014c
014c
014b
014b
008e
005f
014c
0149
0149
014c
014b
014b
014c
014a
013b
0119
00ac
ffff
ffc0
ff95
ff7f
ff82
ff97
ffc7
0057
0113
013a
0147
0147
0149
014b
014b
014a
014b
014c
014a
008c
005f
014b
0149
0149
014b
014c
014b
014a
0107
0052
ffb0
ff5b
ff15
ff13
ff16
ff1a
ff11
ff19
ff2d
ff67
ffcc
00dd
0143
014a
014b
014a
014a
014a
0149
014a
014b
008e
0061
014b
014a
0148
0149
014b
0149
010b
fff9
ff3d
ff0c
ff10
ff12
ff12
ff0c
ff06
ff04
ff09
ff11
ff2a
ff59
ffb6
003e
0101
0143
014b
0149
0149
0149
0148
014b
008e
0060
014a
0147
0147
014a
0149
0132
0035
ff3f
ff18
ff21
ff15
ff0c
ff05
ff0b
ff11
ff15
ff24
ff3c
ff41
ff3d
ff2e
ff53
ffa9
0000
0110
014b
0148
0148
0148
0148
008c
0061
0148
014a
014c
014a
014c
00ec
ff8f
ff27
ff28
ff1f
ff1f
ff16
ff16
ff21
ff31
ff41
ff5f
ff87
ff74
ff42
ff30
ff1a
ff28
ff64
ffda
0112
014a
014c
014a
014a
008e
0060
0149
014c
014b
014c
014d
fffe
ff57
ff17
ff1b
ff21
ff30
ff2c
ff29
ff3d
ff58
ff87
ffbd
ffbf
ffad
ffa0
ff6c
ff2c
ff11
ff2c
ff7c
003b
014c
014c
0147
014b
008e
0061
014a
014a
014b
014a
014d
ffdc
ff36
ff15
ff13
ff21
ff27
ff25
ff2e
ff42
ff86
ffd5
fff2
ffe9
ffd2
ffbb
ff89
ff45
ff1c
ff29
ff61
ffe5
0148
014b
014a
014a
008c
0061
014b
014a
014a
014c
014d
ffdd
ff48
ff1d
ff15
ff23
ff45
ff6b
ff6f
ffac
fffa
0018
ffff
fff2
ffdb
ffc0
ff91
ff53
ff29
ff2a
ff4b
ffc5
0139
0149
014a
014a
008e
0061
014b
014c
014a
014c
014d
002f
ff8c
ff1b
ff23
ff59
ffa8
ffbc
ffea
00a8
00b2
00ad
00a5
005a
fff4
ffcc
ff96
ff68
ff3a
ff25
ff43
ffd5
014d
014a
0149
0149
008c
0060
0149
014a
014a
014c
014c
00f1
ffcc
ff3a
ff7c
ff9f
ffbc
00ea
019e
017e
017a
017e
0175
0178
0142
ffcf
ffa1
ff72
ff3f
ff27
ff7a
00f9
014a
014a
0148
014b
008d
0061
014b
0147
014b
014a
014b
012a
ffb7
ff6f
ffb1
ffc0
ffd7
006a
0153
0153
0153
0153
0153
0153
00cc
ffde
ffad
ff88
ff4e
ff46
0021
0158
014a
0149
0147
014a
008e
0061
014a
014b
014b
0148
014c
0113
ffb5
ff99
ffbf
ffad
ffbd
0097
0153
0153
0153
0153
0153
0153
00d7
ffc9
ffab
ffa3
ff6e
ff9b
00c3
014b
014b
014a
014b
014b
008d
0060
014b
014a
014b
0149
014d
0100
ffd6
ffbc
ffc9
ffe4
fff9
00fc
0153
0153
0153
0153
0153
0153
00ee
fff3
ffe4
ffb5
ff9a
ffd3
00ce
014b
0148
014b
014c
014a
008d
0061
014a
014a
0149
014c
014b
0121
fffb
ffd8
ffd9
fffa
0040
011f
0153
0153
0153
0153
0153
0153
012c
0049
ffeb
ffbd
ffba
fff7
010b
014b
0149
014a
014b
014a
008d
0061
014c
014b
014a
0149
014a
0131
0036
ffce
ffd4
fffa
005f
0129
0153
0153
0153
0153
0153
0153
013a
003c
ffe2
ffbb
ffba
fffc
0142
014a
014b
014a
014b
014c
008e
0061
014b
014b
014a
014a
014a
0146
0076
ffd7
ffcf
fff2
0033
0110
0153
0153
0153
0153
0153
0153
0139
001e
ffda
ffb6
ffbb
0089
0150
0148
014a
014b
014c
014b
008d
005f
014c
014a
014b
014b
014a
0147
00fb
003e
ffd9
ffe0
fff1
00b0
00d5
00f4
0101
00f8
00d6
00d0
00db
fff3
ffcd
ffbb
0015
0168
0149
014c
0149
0149
014a
014b
008c
0060
014b
014b
0149
0147
014a
014a
014c
00c5
ffe7
ffd0
ffe8
ffbd
ffaa
ffc0
ffce
ffc1
ffac
ffa6
ffb7
ffd9
ffbf
ffe0
0137
014a
014b
0149
014a
0149
0148
014a
008e
0061
014b
0148
014a
0148
014b
014c
014b
00fc
0001
ffd0
ffd3
ffd4
ffc2
ffcd
ffde
ffdb
ffb8
ffba
ffdc
ffd3
ffb3
000c
0154
014c
014a
014b
014b
014b
014c
014b
008e
005f
014b
014a
0148
014b
014c
014a
014b
0144
009f
ffdd
ffc7
ffd8
ffe0
ffe4
ffdd
ffd6
ffe2
ffe4
ffd7
ffb6
ffbc
00c8
014b
014b
014c
014b
014b
014b
0149
0148
008d
005f
014b
014a
0149
014a
0149
014a
014b
0127
0066
ff9c
ffa7
ffc7
ffe0
fff2
0000
0002
fff0
ffd8
ffba
ff8d
ffb5
00bd
014d
014b
014c
014a
0149
014b
014b
014c
008c
0061
014d
0149
0149
014a
014c
014d
0113
006c
ff7f
ff9e
ffa0
ffa1
ffbe
ffd7
ffe3
ffe2
ffce
ffb5
ff86
ff74
ffb5
ffee
00c4
014a
014b
014d
014b
014a
014b
014b
008c
0060
014a
014a
014c
0149
010d
009c
ffe2
ff49
ff86
ffe9
ffc6
ffa5
ff99
ff9a
ffa0
ff9d
ff94
ff7c
ff80
ffa5
ffb0
ff9c
ff9c
ffd5
002d
00e1
013a
014d
014c
014b
008d
0061
014c
0131
00cc
001b
ffb6
ff56
ff3e
ff48
ffa0
0041
ffef
ffbe
ffa8
ff90
ff82
ff7e
ff83
ff99
ffb7
ffc3
ffd9
ff7d
ff45
ff49
ff68
ff9b
ffc3
ffeb
0087
011a
008f
000f
007a
ffdf
ff75
ff34
ff40
ff4d
ff49
ff4f
ffae
007f
0084
ffe7
ffcd
ffc1
ffba
ffba
ffc0
ffca
ffd2
fff6
ffff
ff86
ff37
ff38
ff3f
ff48
ff4f
ff59
ff83
ffb5
ffcd
ffae
ff43
ff34
ff43
ff45
ff49
ff4c
ff4b
ff55
ffb8
00a2
00b9
0054
ffe3
ffdb
ffd8
ffd7
ffd9
ffdb
ffe6
00f9
ffff
ff92
ff3a
ff36
ff3b
ff40
ff44
ff46
ff4b
ff53
ff4c
ff58
ff44
ff43
ff43
ff46
ff4a
ff4a
ff49
ff57
ffbf
0096
00ec
00c6
fff9
ffdf
ffe1
ffe1
ffdf
ffe3
00ee
00f7
000c
ff9d
ff40
ff37
ff3b
ff40
ff42
ff44
ff46
ff46
ff58
ff5c
ff43
ff43
ff44
ff47
ff47
ff48
ff47
ff53
ffb4
0087
00b1
ffef
ffc2
ffee
ffed
ffed
ffe8
0046
ffe6
001b
0004
ff9e
ff41
ff3a
ff3d
ff41
ff42
ff41
ff41
ff41
ff56
ff68
ff5a
ff5a
ff5c
ff5d
ff5c
ff5d
ff57
ff5d
ff9c
fffa
ffc7
ff5d
ffb6
ffe3
ffe4
ffe2
fff8
ff96
ff71
ffa1
ffd2
ff97
ff56
ff55
ff56
ff56
ff56
ff54
ff57
ff57
ff65
ffee
ffe3
ffe3
ffe2
ffe3
ffe2
ffe3
ffe2
ffe2
ffe2
ffe2
ffe2
ffe2
ffe2
ffe2
ffe3
ffe3
ffe2
ffe3
ffe2
ffe3
ffe2
ffe3
ffe2
ffe3
ffe2
ffe2
ffe3
ffe2
ffe3
ffe2
ffd1
003d
0000
ffff
ffff
ffff
0003
0000
ffff
ffff
ffff
ffff
ffff
0000
0001
ffff
ffff
ffff
ffff
ffff
ffff
ffff
ffff
0000
ffff
fffe
0000
ffff
ffff
ffff
ffff
ffff
fffc
003e
ffff
0000
ffff
ffff
ffff
ffff
ffff
0000
0000
0000
ffff
fffd
0055
0136
01a2
0174
00c6
fffe
fffe
ffff
ffff
0000
ffff
0000
ffff
ffff
ffff
ffff
ffff
0000
fffd
003f
ffff
ffff
0000
ffff
ffff
ffff
ffff
0000
0001
00c8
0204
03f0
03f2
036d
0300
0368
0401
04bd
027a
0058
0012
0000
0000
ffff
ffff
ffff
0000
0000
ffff
ffff
fffc
003c
ffff
ffff
0000
ffff
ffff
0002
ffff
0034
0327
03aa
031b
01fe
00ed
00e4
00fe
0101
00dd
017e
0339
0378
0044
0001
fffe
ffff
0000
0000
0000
0000
0000
ffff
fffc
003f
0000
0000
0000
0000
0000
ffff
0013
02db
0227
00d0
009e
00b1
00e4
00c7
009b
0089
007d
0052
003f
0233
048a
02fb
008d
0004
ffff
0000
0000
ffff
ffff
0000
fffc
003b
ffff
ffff
ffff
ffff
ffff
fffd
01ec
01b7
006e
007f
0055
00a8
007d
006a
003c
0044
0001
ffda
ffdf
0000
0168
0314
046c
02df
0017
ffff
0000
ffff
ffff
0000
fffc
003c
0000
ffff
ffff
ffff
ffff
fffe
0221
00d5
007d
0090
006c
0025
0041
0007
fffc
ffe8
ffc8
ffef
fffc
ffdb
ffde
007d
010d
02f6
031c
0019
ffff
ffff
ffff
ffff
fffc
003d
ffff
ffff
ffff
ffff
ffff
0067
010b
00fc
0104
007e
0079
0089
007c
00b4
003d
ffe0
ffec
ffea
ffe3
ffeb
ffe7
fffd
0099
0028
0255
00a2
ffff
ffff
0000
0000
fffd
003c
0000
0000
ffff
ffff
ffff
0051
006a
0015
00ac
00d1
00e5
0046
006e
ffe9
ffd2
ffe5
002f
0080
0081
00a5
0066
fffb
0088
0027
00f7
0160
ffff
0000
ffff
ffff
fffc
003c
ffff
ffff
ffff
ffff
ffff
ffdd
0012
010a
007d
fffd
ffc3
ffbd
ffbf
ffaa
ffd7
fffb
fffe
000c
0038
000d
00b4
fffa
0080
0099
00b3
00e7
0005
ffff
ffff
0000
fffd
003d
0000
ffff
ffff
ffff
ffff
ffed
ff7a
0070
ffed
ffff
00f4
ffa6
ffa3
ffe2
ffe9
ffed
ffed
ffe0
ffc8
0191
00c8
fffd
0046
00d3
001a
ffd8
0000
ffff
0002
ffff
fffc
003d
ffff
0002
ffff
ffff
ffff
002f
ffff
0003
ffcb
ffda
ffdf
ffe5
ffed
fff9
fff9
fff8
fffa
fff7
ffdd
ffe5
000e
008a
0062
00e9
ff98
ffdf
ffff
0000
0001
ffff
fffc
003c
ffff
ffff
ffff
0003
ffff
fff9
0078
0000
004f
0139
025f
0057
ffff
ffff
ffff
ffff
ffff
ffff
ffff
01ba
009f
fffb
000d
ffe7
ffb6
0004
ffff
ffff
ffff
ffff
fffc
003f
ffff
0000
ffff
0000
ffff
fffe
001e
fffa
005c
fff4
ffe3
ffff
ffff
ffff
ffff
ffff
ffff
ffff
fff3
ffeb
0003
0042
fff0
ffeb
0018
ffff
0000
ffff
ffff
ffff
fffd
003c
ffff
ffff
0000
ffff
ffff
fff7
002b
ffdf
005f
ffee
fff6
fffe
ffff
ffff
ffff
ffff
ffff
ffff
fffd
ffe7
fffa
007f
ffed
ffff
fffe
ffff
0000
0000
ffff
ffff
fffd
003d
ffff
0000
ffff
ffff
ffff
fffb
001c
0043
00a1
0072
0035
fffd
ffff
ffff
ffff
ffff
ffff
ffff
fffc
005c
008d
008d
0050
0059
fffc
0000
ffff
0000
ffff
ffff
fffc
003d
ffff
0000
0000
0000
0000
0000
fff9
008f
00af
0096
0072
fffd
ffff
ffff
ffff
ffff
ffff
ffff
fffa
0076
008e
00a3
0092
0010
0005
ffff
ffff
ffff
ffff
ffff
fffc
0040
ffff
ffff
ffff
ffff
ffff
0006
fff0
fffe
00d5
00c6
00f0
fffd
ffff
ffff
ffff
ffff
ffff
ffff
fff9
00ad
0098
00aa
fffc
ffe8
0002
ffff
0000
0000
ffff
0000
fffd
003e
ffff
0000
ffff
0002
0000
0000
fff3
ffc0
00a6
00cc
00c8
0206
01ea
016b
012f
0170
01da
0215
015d
0094
00ad
004b
ffc8
ffef
ffff
ffff
ffff
0000
0001
ffff
fffc
003b
ffff
ffff
ffff
ffff
ffff
ffff
0000
fff0
fff0
00c1
0034
00d6
019b
0110
00c3
00bd
0179
019c
016a
0086
00e3
ffe7
0000
ffff
0000
ffff
ffff
fffe
ffff
0000
fffc
0040
ffff
0000
ffff
ffff
ffff
ffff
ffff
000d
ffcd
00f4
00dd
fff3
fff9
00b8
013d
00c6
0025
ffe7
0049
00c2
00e5
ffd0
0000
0000
ffff
ffff
ffff
ffff
0000
0000
fffc
0040
ffff
ffff
0000
0000
ffff
0000
0000
0004
ffdc
0092
012c
00af
003c
fff7
fff1
fffd
fffd
0061
00bb
0126
00bd
fff8
ffff
ffff
ffff
0000
0000
ffff
ffff
ffff
fffd
003b
ffff
0000
ffff
ffff
ffff
ffff
ffff
fffd
0296
007c
0163
0130
00b9
009f
004d
004d
00aa
00ba
0149
0151
00ba
0073
ffff
ffff
0000
ffff
ffff
0000
ffff
ffff
fffc
003e
ffff
ffff
ffff
ffff
ffff
ffff
0028
02c0
01c6
ffd4
fff8
016a
017c
0179
0162
014e
0148
018a
0130
001b
fff4
0380
00fc
fffe
ffff
ffff
ffff
ffff
0000
ffff
fffb
003b
ffff
ffff
ffff
fffe
0088
02de
0324
01fb
fffd
ffe4
fffc
ffe8
00c7
018b
01ca
01c0
0185
00c4
fff9
0012
ffda
00b0
0364
0457
0347
013e
0005
fffe
ffff
ffff
fffc
003e
fffe
000d
01f1
03c0
030e
01ff
0107
0084
fffc
0018
ffd7
0046
ffe6
ffee
fff7
fff8
fff7
fff5
fff9
000e
ffea
fff8
0081
011b
0200
0306
03ed
0408
0265
003e
fffb
0112
035c
0383
0264
0167
0092
0075
0080
008c
0006
002f
ffe0
ffff
002e
fff7
fff3
fff6
fff7
0000
0071
ffcf
0014
fff7
009b
0093
00a1
007d
00a7
0141
026d
03c4
03f8
02cc
01dd
00ed
0081
0080
0078
0082
0082
0099
000b
0032
0011
ffcf
009a
004f
003f
0039
0052
007a
ffe3
fff0
001f
fff2
0080
008c
0091
008a
0097
0092
006e
006d
01aa
0079
0079
0085
0089
007d
0092
0088
0080
00a5
0056
001f
0025
fffb
ffff
008c
0068
005c
005f
fff9
ffe1
0014
0028
0018
0056
0090
007f
007d
007c
0090
009c
009c
0097
005d
0085
007c
0077
007c
0087
0082
0098
008f
013e
fffe
00e4
02e6
010c
fff8
0028
0010
fff7
013f
0337
01b4
0004
0068
0072
0062
0084
0097
0080
0095
008f
0088
0095
ffcc
ffce
ffcf
ffd0
ffd2
ffd1
ffd1
ffce
ffc8
0091
0267
0187
00e1
015c
01f0
0216
022c
01d4
014f
0099
01d0
021a
0015
ffcc
ffc9
ffc9
ffcd
ffca
ffcb
ffcc
ffcc
ffcd
032a
0342
0342
0342
0341
0343
0340
0342
0340
0343
0343
0341
0343
0343
0341
0342
0342
0341
0340
0343
0342
0343
0341
0341
033e
0342
0343
0342
0343
0341
0343
0307
fff9
ffff
ffff
0000
0000
ffff
0000
ffff
0000
ffff
ffff
0000
ffff
ffff
0000
ffff
ffff
0000
ffff
ffff
ffff
ffff
ffff
0000
0001
0000
ffff
ffff
ffff
0000
ffff
0027
fff9
ffff
0003
0000
ffff
ffff
ffff
ffff
ffff
0000
ffff
0001
0002
fffa
ffec
ffe6
ffea
fff6
0005
0000
0003
0000
ffff
0000
ffff
ffff
ffff
0000
ffff
ffff
ffff
0023
fffa
0000
ffff
ffff
ffff
ffff
0000
0002
ffff
0000
fff3
ffd6
ff8f
ff50
ff37
ff29
ff27
ff3c
ff82
ffdb
fffa
fffd
fffe
ffff
0000
0000
0000
ffff
ffff
0002
ffff
0022
fff9
0000
0002
0000
0000
ffff
ffff
ffff
fff9
ff96
ff40
ff1e
ff58
ffc4
ffe9
0005
fffa
ffda
ff5a
ff24
ffa0
0002
0000
0000
ffff
ffff
0000
ffff
ffff
ffff
0000
0027
fff9
ffff
0000
ffff
ffff
ffff
ffff
fffc
ff86
ff6a
ffde
0086
00ae
0091
0085
0094
0091
00a1
009f
0000
ff63
ff81
ffd1
fffb
0000
0001
ffff
ffff
ffff
ffff
ffff
0025
fffa
ffff
ffff
0000
ffff
ffff
0002
ffa8
ff8e
009f
00e3
009d
0054
00b1
00e3
00f6
0114
0149
01b3
0197
0055
ff4e
ff16
ff64
ffc8
000a
ffff
ffff
ffff
0001
ffff
0025
fff9
ffff
0001
ffff
ffff
0000
fff1
ff8a
00c8
00c0
00bb
00e6
010f
00f9
0122
0149
0159
01e1
0193
0107
0161
015d
0000
ff8b
ff37
ffab
0006
0001
0003
0000
0000
0026
fffa
0001
0000
ffff
ffff
0000
ffe6
ffee
fffe
0058
00bf
0105
00e0
00f6
00e3
0160
0203
0217
020f
0259
0242
01d3
00eb
00ac
001b
ff85
fff6
ffff
ffff
ffff
0000
0026
fff9
ffff
ffff
0000
ffff
ffff
ffef
00ac
00d3
0053
004a
fffc
0076
005c
00c8
0152
01cf
00d2
0061
0095
0092
012f
0135
00bd
010b
ffde
ffcd
0005
0000
0000
ffff
0023
fffa
0000
ffff
0000
ffff
ffff
0091
00cf
00a3
00b2
0103
01f4
026f
0201
034b
024a
00e6
00d8
00c8
00ac
00a4
008e
013d
0098
00af
0010
ffd8
fffe
ffff
ffff
ffff
0026
fff9
ffff
0000
ffff
ffff
ffff
016b
02a1
0058
0112
01cc
01af
0238
0330
01a4
0124
00f8
010b
0124
0144
0050
00ba
0158
00a7
0058
00be
00b7
ffff
ffff
0000
0000
0023
fff9
0000
ffff
0000
ffff
ffff
0053
01ea
017e
02ae
0140
00ac
02a3
019a
00e1
00ec
00f5
00f7
0183
01f8
0054
0061
00e4
00d9
0061
02c2
010d
ffff
ffff
ffff
0000
0027
fff9
0000
ffff
0000
ffff
ffff
fffe
fff4
012f
0113
00c4
0013
0000
ffff
ffff
ffff
ffff
ffff
ffff
0028
00ac
0102
00fc
0087
0184
0297
ffff
0001
0000
ffff
0000
0024
fff9
0001
0000
0000
ffff
0000
fffc
00b9
00c7
0085
0038
0048
fff3
ffff
ffff
ffff
ffff
ffff
ffff
0003
000f
008d
011a
016b
01d7
0000
ffff
ffff
0000
0000
ffff
0023
fff9
ffff
ffff
0000
ffff
ffff
0011
0146
0147
00bf
01a6
012e
fffa
ffff
ffff
ffff
ffff
ffff
ffff
0032
01fe
0144
00ae
01b9
014f
fffe
ffff
0000
0000
ffff
0000
0023
fff9
ffff
0000
0000
ffff
ffff
0026
0112
00f6
0075
00a6
00c4
fffc
ffff
ffff
ffff
ffff
ffff
ffff
0015
00c2
0071
0086
0115
00ca
0020
ffff
ffff
ffff
0000
ffff
0024
fffa
0000
0000
ffff
ffff
0000
000d
008c
0020
0039
003e
0069
fffd
ffff
ffff
ffff
ffff
ffff
ffff
0008
005b
0036
005d
0040
0092
fffd
ffff
ffff
0000
0000
ffff
0024
fff9
ffff
ffff
ffff
0000
ffff
0000
00a2
00b3
002a
0011
0003
fffd
ffff
ffff
ffff
ffff
ffff
ffff
0004
0039
0046
004f
00f8
00fa
fffd
0000
0000
0000
0000
ffff
0023
fff9
ffff
ffff
0000
ffff
ffff
ffff
00e7
01e1
0007
fffd
fff9
ffd5
ffdb
ffe2
ffe4
ffe0
ffd9
ffd8
ffe0
0015
003f
00c2
0263
00a8
0000
0001
ffff
ffff
ffff
0000
0022
fffa
0000
0000
ffff
0000
ffff
ffff
ffff
00b2
00d0
001f
0000
ff6c
ff75
ff86
ff90
ff84
ff72
ff69
ffa1
0045
001c
0134
fffc
ffff
ffff
0000
0000
ffff
ffff
0000
0028
fff9
ffff
ffff
0002
0000
0003
ffff
ffff
0036
018c
001b
0085
01c1
00c8
0132
0147
017a
00c4
0138
0065
0036
003c
0191
ffff
ffff
ffff
ffff
ffff
0004
0002
ffff
0023
fff9
0003
0000
ffff
0000
ffff
ffff
0000
0007
012b
001b
fff4
0043
00f1
0074
fff7
001c
0116
00a2
001d
fff8
0096
008d
ffff
ffff
0000
ffff
0000
ffff
ffff
ffff
0026
fff9
0000
0000
0000
ffff
ffff
0000
ffff
0002
ffc3
0018
ffeb
0012
003c
00b3
0124
010a
0064
0039
fff3
fff0
0052
fff7
ffff
ffff
0000
ffff
ffff
ffff
0000
0003
0021
fffa
0000
ffff
ffff
0000
0000
0000
fffd
ffa4
ff87
01d6
004a
ffdf
fff8
ffeb
ffea
ffeb
fff8
ffec
ffe9
00a6
0048
ff87
fff6
0000
0000
0003
ffff
ffff
ffff
0000
0024
fffa
ffff
0001
0000
0000
fff6
ffc6
ff70
ff79
0115
0152
0167
009a
ffe0
ffd6
ffcf
ffd0
ffd9
fff3
010f
0135
0129
ff90
ff4b
ff94
ffcd
fff0
0006
0001
ffff
ffff
002a
fff9
0001
fffe
ffdb
ff93
ff4b
ff43
ffcd
0090
00e7
0078
019d
015b
014b
007d
003c
0054
00b4
0164
0157
0115
0168
00f5
ffec
ff66
ff31
ff45
ff73
ffab
ffde
ffff
0024
ffeb
ffb6
ff67
ff36
ff7f
0030
0090
0079
008d
00a2
000b
0149
00d3
013b
01a5
01d2
01c3
017b
0130
00af
01d5
0038
00f4
0077
007c
006e
0027
ffb8
ff53
ff37
ff64
ffb6
ff39
ff48
ffd6
00a3
0094
0093
0089
008a
007b
008c
fffd
004f
019c
0080
00ce
00e2
00db
00ce
0083
0157
00f9
0040
0100
008c
008b
0075
0078
006d
007e
0084
ffd2
ff66
0049
00a0
0080
007e
0089
0072
0075
0077
006d
004a
fffc
ffff
00c4
00de
0078
0083
0087
007e
00f4
016f
fffc
0027
00c4
00b6
0084
0091
008a
007b
0077
0070
0070
0071
0099
0082
008b
0089
0086
0072
0081
0079
004e
ffe6
001c
ffea
ff7c
fff2
00e7
00ad
00b4
00ee
0069
ff87
ffe3
0029
0049
00b5
00a2
008f
007e
008d
0070
006b
0074
0065
0110
00f5
00fc
00f6
00ed
00f0
00e2
00d2
00de
ffe5
ffdb
ff8b
fffe
fff3
fffd
0035
0053
0027
ffac
ffe5
ff84
ffe7
0059
00fd
011e
010a
00f1
00e9
00ee
00f3
00f7
00d5
0003
fffd
fffd
fffe
fffd
fffd
fffe
fffc
fffc
fffc
fffc
fffd
fffd
fffb
fffd
fffc
fffc
fffc
fffe
fffb
fffd
fffd
fffc
fffc
fffe
fffe
fffd
fffc
fffc
fffd
fffd
0011
fffd
fffc
fffe
ffff
fffd
fffe
fffc
fffe
fffd
fffd
ffff
fffd
ffff
fffd
fffe
fffd
fffd
ffff
fffe
fffd
fffe
ffff
fffd
ffff
fffc
fffe
fffe
fffd
fffe
fffd
fffe
ffff
fffe
fffe
fffd
fffe
fffe
fffc
fffc
ffff
fffe
fffe
0000
fffe
fffe
ffff
0000
fffd
fff9
fff6
fffa
fffe
fffd
fffe
fffc
fffd
ffff
fffd
fffe
fffe
fffd
ffff
fffe
ffff
fffe
fffd
fffe
ffff
fffe
fffe
fffe
fffe
fffd
fffe
fffe
001d
012c
0434
043a
0470
04bd
0571
0439
0020
fffe
0010
fffe
0000
fffd
fffe
fffe
fffe
fffd
fffe
fffc
ffff
fffe
fffe
fffe
fffd
fffe
fffe
fffe
fffd
fffc
0114
03eb
04ea
01ba
0074
0083
00cc
009b
0070
0000
0329
0300
fff3
fffc
fffe
fffd
ffff
fffe
fffd
fffc
fffd
fffd
ffff
ffff
fffe
fffe
fffc
fffe
fffe
fffc
fffe
0190
0216
00b3
fff7
ffed
004c
00a4
004f
0008
0006
fffc
ffff
014d
0354
0027
fff5
fffc
fffd
fffd
fffd
fffc
fffe
fffe
0000
fffd
fffe
fffe
fffd
fffc
fffe
fffe
00fb
01ee
fffc
0000
0019
0033
fffa
fff6
fff9
ffee
ffe1
ffd7
ffce
ffda
005c
02ba
041b
012b
fff7
fffe
fffd
ffff
fffe
fffd
ffff
ffff
fffe
fffe
fffd
fffd
fffd
fff1
01ac
ffff
fffb
fff9
002b
ffee
fff5
ffec
ffeb
ffe6
ffc3
ffed
0079
0000
ffc5
0039
fff7
029c
02dc
fffa
fffd
fffd
fffd
fffd
0000
ffff
fffd
fffd
ffff
fffe
fffe
0043
00c7
0056
004e
fffd
ffde
fff4
fff3
0009
ffe8
ffdb
ffda
ffbe
ff9f
ffc4
ffd3
ffe3
000d
fff6
0121
0048
ffff
fffe
ffff
fffd
ffff
ffff
fffe
fffe
fffe
fffe
fffe
0043
0022
ffec
fffc
003a
00ca
006d
0050
0019
ffec
ffc4
ffee
0046
0007
0017
fff8
ffed
fffb
ffef
fffd
00db
fffc
fffe
fffd
fffc
ffff
ffff
fffd
fffd
fffd
fffd
fffe
ffef
fffb
005f
001c
fff2
ffd3
ff93
ffc2
ff87
ffbb
ffe5
ffe7
ffea
fff3
ffeb
0041
ffed
0001
0015
0008
0095
0008
fffd
fffe
fffe
ffff
fffe
ffff
fffe
ffff
fffe
fffd
fffa
ff7c
fff4
0053
ffdf
ffdd
ffec
ffb6
ffd6
ffeb
fff3
fff0
ffef
fffd
008e
fff5
ffe6
fff3
0029
fffa
ffd7
fffa
fffe
fffe
fffe
fffe
ffff
fffe
fffe
ffff
fffe
fffe
fffc
fffa
fff4
ffa4
ffdf
ffb4
fffd
fffc
fffe
fffe
fffe
fffd
fffe
0020
ffda
fff8
0045
ffef
0037
ffad
ffb9
fffe
ffff
fffc
fffe
0000
ffff
ffff
fffe
fffe
fffe
fffe
fffc
002c
ffed
fff4
0020
0182
0044
fffe
fffe
fffe
fffe
fffe
fffe
fffb
008c
000d
ffe4
fffb
ffe6
ffa2
fffb
fffe
fffe
fffc
fffe
ffff
ffff
fffe
fffd
fffe
fffc
fffd
0004
fff7
ffe7
fffa
ffee
ffa7
ffeb
fffe
fffe
fffe
fffe
fffe
fffe
001f
ffd8
fffa
fff5
fff2
ffe3
0038
fffc
fffe
fffe
fffd
fffe
ffff
fffe
fffd
fffe
fffe
fffd
fffd
fffd
ffef
ffd1
fff6
ffdb
ffde
fffb
fffe
fffe
fffe
fffe
fffe
fffe
000b
ffdc
ffdd
ffff
ffdf
ffd4
fffd
fffe
fffd
fffd
fffe
fffe
fffe
ffff
fffe
ffff
fffd
fffd
fffe
0013
ffec
ffec
0009
ffff
fff4
fffc
fffe
fffe
fffe
fffe
fffe
fffe
fffd
0003
0010
000c
fff0
ffe8
fff6
ffff
fffd
fffd
ffff
fffe
fffe
fffe
fffe
fffd
fffe
ffff
fffe
0004
fff1
001d
001b
000a
fffc
fffd
fffe
fffe
fffe
fffe
fffe
fffe
fffe
fffe
0011
001c
0025
fff9
fff7
fffe
fffe
fffd
ffff
fffe
ffff
ffff
fffe
fffd
fffe
fffd
fffd
fffd
fffb
ffef
0025
0028
0047
0005
fffe
fffe
fffe
fffe
fffe
fffe
fffd
0012
0028
0031
fff3
ffe6
fffc
fffe
fffe
fffe
fffd
ffff
ffff
fffe
fffd
ffff
fffd
fffe
ffff
fffc
fffd
ff8c
fffd
004c
0043
003f
fffb
fffc
fffc
ffff
0001
fffb
fffa
0012
002c
0047
ff7a
ffd4
fffc
fffd
fffe
fffe
fffd
fffd
ffff
fffd
fffe
fffc
ffff
fffd
fffe
fffe
fffd
fff5
ffdf
003a
fffc
0133
00bf
012b
016b
019e
00e8
00bb
00ab
0016
0044
ffe2
ffee
fffe
fffe
fffc
fffd
fffe
fffe
fffe
ffff
fffe
ffff
fffe
fffe
fffd
fffe
fffe
fffe
0029
ffc6
002d
005a
ffcb
ffc9
ffed
ffe4
ffd5
ffdb
ffb7
ffd7
001e
006a
ffce
fffd
fffe
fffd
fffe
fffe
fffe
fffe
fffd
ffff
fffd
fffe
fffd
ffff
fffd
fffd
ffff
fffd
fffd
ffe1
ffe4
007d
0037
fff9
ffe1
ffe0
fff7
ffe2
fff9
0029
0075
0007
ffef
fffe
fffd
fffe
fffe
fffe
fffd
fffd
fffe
0000
ffff
ffff
fffe
fffd
fffc
ffff
fffd
fffd
0000
00cf
0152
00b4
0064
0028
0025
fff7
fff3
002b
0021
0067
00a8
0041
fff3
fffe
fffe
fffd
fffe
fffd
fffd
fffe
fffc
0000
ffff
fffd
fffe
fffd
fffd
fffe
fffd
000e
00a0
024f
ffbd
ffe7
00e6
008e
0096
00ce
00d3
0073
0099
00dd
ffff
ffc2
02af
fff2
fffd
fffd
fffd
ffff
fffd
fffe
fffd
0000
fffd
ffff
fffd
fffd
fffe
0016
fffb
02a7
0251
ffec
ffcf
ffe4
ffd2
00a7
00d4
011a
0143
0110
00b6
ffec
ffe9
ffe9
ffe4
0451
0366
005a
fff1
fff9
fffe
fffd
fffe
0000
fffe
ffff
0001
000c
00d1
04b2
02e0
0019
0005
ffee
0020
ffc3
fff8
ffd3
ffdc
fff8
fffc
ffec
ffd9
ffe3
ffef
ffdc
ffeb
0019
fffa
00fe
03f1
04e8
0224
fff9
fff5
0001
0023
0002
032c
046f
00a4
fff5
ffff
0013
0000
fff6
fffb
ffe1
ffe3
fff5
ffe3
ffe1
ffe1
ffe5
ffe6
0000
ffc5
fff7
fff0
0001
0008
001c
0010
fff9
fffb
0213
0524
0224
0418
0225
fff9
fffd
0000
fffc
0000
ffff
0000
fff3
fffe
0025
ffc0
0004
fff9
fff7
fff2
fff7
0001
ffd8
ffd9
000c
ffeb
fffe
ffff
0008
0007
0004
000f
fffe
fff7
003e
fffc
fffc
0000
0001
fffe
ffff
0007
0008
0004
fffa
ffff
0004
ffff
ffbe
0020
fffe
fffc
fff9
fff0
ffcd
0000
000a
fff7
fff7
000a
ffff
fffe
ffff
0000
0003
0011
0008
ffff
0000
ffff
ffff
fffd
0000
0000
0002
fffc
00ab
fffc
fff4
02b6
0250
ffd7
fff1
ffee
fff8
ffc6
0471
004f
fffa
000c
fffd
fff9
0000
0008
0003
0003
0000
0007
ffff
fff9
ffff
fffe
000c
fffe
fffd
0001
0028
fffd
00ce
fff7
01b4
009c
0012
00cf
ffec
fff7
ffdb
0169
ffe5
01ff
00d1
fff4
000c
0000
fffa
fffe
0020
001e
0001
0006
001c
0007
0018
001a
001a
0019
0019
0019
0019
001a
0019
001a
001a
0019
001a
001a
0019
0019
001a
0019
001a
001a
0019
0019
001a
001a
0019
001a
0018
001a
0019
0019
0043
0022
0029
0028
0029
0029
0028
0028
0029
0028
0029
0028
0028
0029
0027
0028
0029
0028
0029
0027
0029
0028
0029
0027
0029
0029
0029
0028
0029
0028
0029
0028
0030
0023
0028
0028
0029
0028
0028
0029
0029
0028
0029
0028
0027
002c
003e
002c
0017
0007
ffff
0028
0029
0029
0029
0028
0029
0028
0028
0029
0028
0028
0029
0027
0030
0021
0029
002a
0027
0029
0028
0028
0029
0027
0038
0039
0068
0046
0036
0046
0064
0060
0049
ffef
ffed
0016
0024
0028
0029
0029
0028
0029
0028
0027
0029
0029
0030
0023
0028
0029
0029
0028
0029
0028
0027
007a
0070
0057
0039
0051
0081
0089
008f
0091
00af
00cb
0090
ffe1
0011
0026
0029
0029
0029
0027
002a
0028
0027
0028
0031
0022
0029
0028
0029
0028
0027
0029
0072
0077
0033
006e
007b
0088
0084
007b
0081
0083
007a
0077
0099
00e1
fff5
ffee
0006
0024
0029
0029
0027
002a
0029
0027
0031
0023
0029
002a
0028
0029
0029
0043
00ab
001c
007a
0085
008b
0082
0080
0077
0066
005c
0023
0012
0033
0071
00c7
00a5
fffe
ffea
001a
0029
0029
0028
002a
0028
0030
0023
0028
0028
0029
0028
0028
0082
0017
0060
0083
0073
0069
0087
007f
0082
0061
fffd
006e
0085
0005
fff0
0036
0099
00cb
00aa
ffe3
001a
0028
0029
0028
0029
0030
0022
0028
0029
0028
0028
0028
007f
0059
007a
0056
0069
0064
0069
0081
005b
0057
0061
0075
fffd
fff0
001a
ffeb
0050
0075
00ca
005f
fffb
0029
0029
0028
0028
0030
0023
0028
0028
0029
0028
0028
0072
0071
0096
008b
00a6
003e
0036
002e
0045
003e
00ae
0067
006c
0027
0054
fff3
fff4
006d
0090
00a8
fff8
0029
0027
0028
0029
0030
0022
0029
0029
0028
0029
0028
0031
00b4
0066
0082
001c
fff7
fffd
fff3
00d1
00d3
00b7
00b1
0094
0055
0063
000c
ffe8
0067
0072
00a2
0000
0025
0028
0028
0028
002f
0023
0028
0029
0028
0028
0029
fff0
012d
0060
0058
00d9
00b9
00e5
0111
0127
00ff
00ff
011c
0163
016d
0085
0034
ffeb
0025
0075
004d
0073
002a
0029
0027
0029
0031
0022
002a
0028
0028
0028
0028
001b
007d
000c
006d
0048
002e
0011
0074
0063
0063
0068
0069
0082
0069
00b7
00b7
0018
fffc
0034
004e
006e
0028
0029
0028
0029
002f
0023
0028
0028
002a
0027
002a
0015
fffa
00f4
006f
00c3
002e
ffe2
0028
0028
0028
0028
0028
0028
0098
00fe
fffd
fffe
fff5
fffc
0086
002b
0029
0028
0029
0028
0030
0022
0028
0027
0029
0027
0027
0029
fff9
00d4
0069
fffb
ffec
fff6
0028
0028
0028
0028
0028
0028
0031
0148
006c
000e
ffdc
003f
ffea
0029
0028
0028
0028
002a
002f
0022
0028
0029
0029
0029
0029
00b3
00bb
0079
0076
002e
0006
ffe5
0028
0028
0028
0028
0028
0028
0049
00fd
009f
0005
ffed
00fb
ffd7
002a
0029
0028
0029
0028
0030
0023
0028
0029
0027
0029
0028
007a
0182
003b
008a
003c
0014
ffde
0028
0028
0028
0028
0028
0028
005e
012d
0062
0026
006b
0032
ffe4
002a
0028
0029
0028
0028
0030
0022
0028
0028
0029
0029
0028
0045
01a4
0033
0093
0043
0008
ffdf
0028
0028
0028
0028
0028
0028
0067
012c
0067
001c
00b3
ffee
fff6
0027
0029
0029
0028
0028
0030
0022
0028
0028
0029
0028
002a
002e
016d
0085
009c
004c
fff8
ffe0
0028
0028
0028
0028
0028
0028
006b
012f
0061
0019
00da
ffea
0016
002b
0028
0027
0029
0029
0030
0022
0029
0027
0028
0028
0027
0028
00f4
0121
00fb
0066
fffc
ffbd
ffdf
ffdf
ffe2
ffe3
ffe9
ffde
fff3
0122
005b
0000
00f0
fffb
0027
0029
0029
002a
0027
0028
0030
0023
0028
0029
0029
0027
0029
0029
0027
007d
0192
007b
0051
fffa
0021
0001
fffa
000d
fffe
003b
0026
009e
004f
ffeb
ffff
0028
0029
0029
0028
0029
002a
0028
0030
0021
0029
0027
0029
0029
0028
0028
002b
0041
01c1
00a6
0013
fff7
0091
0093
0069
005d
fffb
0017
00c4
0067
002c
fff4
0023
0028
0028
0028
0029
0028
0029
0027
0030
0022
0029
0029
0028
0028
0029
0028
0027
0027
00f4
017e
005f
0035
0035
0074
0080
0091
0057
0057
0080
0076
fff1
fff4
0028
0029
0029
0028
0028
0028
0029
0029
0030
0024
0028
0028
0028
0029
0028
0029
0028
0054
0078
0153
00d4
0052
0057
0018
0050
007d
0064
0073
0088
0036
fff4
fff6
0028
0029
0027
0029
0028
0028
0028
0029
0030
0022
0028
0028
0029
0029
0029
0028
006a
007a
fff7
017d
00b3
0107
0091
0042
001b
0073
00b5
0099
001e
0039
000f
fff8
fff8
0028
002a
0028
0028
002a
0027
0028
0030
0023
0028
0028
0028
002c
0067
0058
0057
ffff
0038
016f
0078
004b
00e3
00d1
00b2
00ac
007c
ffff
0032
0091
ffeb
010d
0086
fffb
fff4
fffb
0024
0029
0029
0029
0030
0021
0029
0047
0074
004f
0041
002c
004a
006a
004d
00b0
0201
fffd
ffff
0042
0052
0046
0036
0049
0092
004f
ffed
00af
0099
00b3
00b8
0096
0027
fff8
fff3
0011
0031
006c
0052
0051
0027
0046
0061
0079
0076
0064
003c
004c
017c
0145
0017
001d
0041
0049
0049
0063
00a7
0006
fffb
009f
0086
0074
0067
008e
00a9
00c4
00c0
004b
ffea
006f
0037
005c
0078
006d
007a
0071
0075
0063
0036
004e
006b
020b
0098
0044
0045
004d
005b
008d
004a
fff3
0035
008d
0095
007c
006f
0073
0077
0079
007e
00ad
0088
006e
007a
0075
0076
0074
0075
006d
0076
0067
000b
005d
0039
00e1
01c7
005c
0052
005c
007a
0067
fff5
0020
0043
0072
009c
007f
0077
0074
007a
0078
0079
0077
007b
0066
0075
0075
0074
007a
0074
006f
0078
007c
fff9
005d
0064
ffee
00b3
014f
0084
008a
00c6
fff1
ffd5
ffdb
004c
0070
0082
0086
0076
0073
0079
0073
0079
0076
0079
005b
0076
0075
0078
0074
0074
0070
006e
007d
0086
000d
00e4
0174
fff0
018a
0134
00ce
0045
00af
0137
ffec
fff7
0016
007e
0075
007c
0077
007b
0077
0076
0079
009c
00ba
ffff
0000
0000
fffe
0001
ffff
ffff
0001
ffff
ffff
fffe
ffff
0004
ffff
fffe
ffff
fffe
ffff
0001
ffff
ffff
ffff
ffff
fffe
ffff
0000
fffe
ffff
fffe
0000
001d
fff9
fffe
fffc
fffd
ffff
fffc
fffe
fffc
fffd
fffc
fffe
fffc
fffd
fffd
fffc
fffe
fffc
fffe
fffc
fffd
fffc
fffe
fffc
fffc
fffd
fffd
fffc
fffd
fffd
fffd
fffd
0000
fffb
fffd
fffc
fffd
fffc
fffd
fffe
fffc
fffd
fffd
fffc
fffd
fffd
002a
0006
fffb
fff4
ffed
ffff
fffd
fffd
fffd
fffe
fffe
fffd
fffd
fffd
fffd
fffd
fffd
fffd
0000
fff9
fffd
fffe
fffd
fffc
fffd
fffd
fffe
fffc
0015
001c
0082
ffd9
ffb6
ffd6
fff2
002d
0069
00c4
fff1
fffb
fffd
fffe
fffc
ffff
fffd
fffc
fffd
fffc
fffd
fffe
ffff
fffb
fffd
fffc
fffe
fffd
fffd
fffd
fffc
00dd
ffba
ffbc
ff9f
ffff
0067
006f
fff5
fffc
fff2
001c
0078
00d2
002f
fffe
fffb
fffd
fffc
fffd
fffe
fffe
fffc
fffd
fffe
fff9
fffd
fffd
fffc
fffd
fffc
fffd
00c5
ff59
ffe6
005a
001b
0044
fff5
ffec
ffff
fff8
0013
000f
001b
00be
00d7
fff0
fffa
fffb
fffc
ffff
fffc
fffe
fffd
fffd
ffff
fffb
fffc
fffd
fffe
fffd
fffe
0032
ffa7
ffd8
00a4
ffe9
0062
ffee
000c
001d
fffc
002a
fff7
002a
006f
ffe8
ffe7
0102
009a
0002
0016
fffb
ffff
fffb
fffd
fffd
ffff
fff9
fffe
fffd
fffc
fffd
fffc
012a
ff26
00c0
fff6
0047
ffdf
0013
fffc
001c
fffa
ffed
0126
001b
ffcb
003b
fff9
ffef
0031
00c3
00ae
0012
fffc
fffd
fffd
fffe
fffe
fff9
fffd
fffd
fffd
fffd
fffd
ffe0
0005
fff8
fff4
fff9
0055
ffed
0079
ffe6
0086
0058
fff5
0023
001a
fff3
ffe4
fff3
ffff
002b
0101
00bb
fffd
fffc
fffe
fffc
0000
fff9
fffc
fffe
fffc
fffe
fffd
ff86
00a5
0014
0007
0025
ffe9
fffa
ffef
006e
0054
0114
fff9
fff3
fffe
fffe
fff3
ffee
0015
ffff
00ba
0079
fffe
fffd
fffc
fffe
fffe
fff9
fffe
fffb
fffd
fffc
fffd
ff82
0023
fff8
fff5
fff8
00d9
00c5
ffc5
01dd
006a
ffe7
fffc
fff7
fff5
fffd
ffe5
ffe9
000e
000d
0074
018b
ffff
ffff
fffd
fffd
ffff
fffa
fffd
fffc
fffd
fffd
fffd
ffc9
0030
ffea
ffe9
017e
fff9
ffcc
0293
ffde
fff4
fffb
fff8
ffea
003f
ffc6
fffa
fff7
fff2
fff4
fff0
0308
fff7
fffb
fffd
fffe
ffff
fff8
fffe
fffd
fffd
fffd
fffd
fffd
ff69
fffb
010c
fff2
0007
00ab
ffe7
fffa
fffe
fffe
fffd
001e
fffa
fff8
fff3
ffed
004e
ffba
0384
ffde
fffe
fffd
fffd
fffc
0001
fff9
fffc
ffff
fffc
fffd
fffc
005d
ff3f
0198
fff9
004c
ffe2
004e
fffd
fffd
fffd
fffd
fffd
fffd
0043
ffdb
fff9
fff7
ffd4
0078
01d1
ffe4
fffc
fffc
fffd
fffe
ffff
fffa
fffd
fffc
fffc
fffd
fffd
fff8
ffe3
0111
fff0
ffd9
002a
ffe8
fffd
fffd
fffd
fffd
fffd
fffd
fff0
fff7
009d
fff4
ffd7
0205
ffeb
fffd
fffd
fffd
fffc
fffb
ffff
fff9
fffc
fffe
fffc
fffe
fffd
ffe5
ffe1
012d
000a
0049
0027
ffeb
fffd
fffd
fffd
fffd
fffd
fffd
ffeb
00c8
fff4
ffe3
0041
0075
003a
fffb
ffff
fffd
fffc
fffe
0000
fff8
fffc
fffd
fffe
fffc
fffc
fff3
fffb
fff0
0031
0005
0024
fff3
fffd
fffd
fffd
fffd
fffd
fffd
fffc
0012
ffeb
ffeb
0129
fff0
fff6
fffe
fffc
fffc
fffd
fffd
0002
fffa
fffd
fffd
fffb
fffd
fffe
fff3
ffc6
fff2
0033
0034
0025
fff8
fffd
fffd
fffd
fffd
fffd
fffd
fffc
fff6
fff3
ffec
005c
01c4
ffe3
fffc
fffb
fffe
fffe
fffd
ffff
fff8
fffd
fffd
fffd
fffc
fffc
fffd
ffab
fffc
001d
0010
ffff
0015
fffd
fffd
fffd
fffd
fffd
fffd
ffff
fff0
fff2
ffd9
00d4
01e1
fff1
fffe
fffe
fffc
fffd
fffd
0000
fffb
fffd
fffd
fffd
fffd
fffd
fffd
ffea
ffef
ffe7
0012
005d
0008
fff6
fffd
0004
0003
0018
fff2
ffef
fff4
fffb
ffc7
01ee
ffda
ffff
fffc
fffe
ffff
fffd
fffd
ffff
fffb
fffc
ffff
fffc
fffe
fffb
fffd
fffc
fff0
000f
0003
003f
ffab
007e
ffef
0003
fffb
fffe
fff5
007a
007d
ffe7
026d
ffcb
fffe
fffd
fffe
fffd
fffb
fffd
fffd
ffff
fff9
fffd
fffd
fffc
fffd
fffe
fffc
fffe
ffe4
ffda
fff7
fff7
0049
fff0
00ba
fffc
ffe2
ffdb
00f1
0017
ffee
ffb5
0302
fff0
fffc
fffb
fffd
fffc
fffe
fffd
fffc
fffe
fffa
fffc
fffe
fffe
fffc
fffd
fffd
fffc
fffc
fffb
ffdb
fffb
0030
000a
ffe9
fff8
0035
0087
fff3
0000
ffeb
00a0
ffec
fffd
fffe
fffc
fffd
fffe
fffd
fffc
fffd
0002
fffa
fffd
fffe
fffc
fffd
fffd
fffe
fffe
004f
ffa8
0090
0018
000a
0012
0058
fffa
001e
ffe6
000e
ffe6
ffd7
02ba
ffe2
fffd
fffd
fffd
fffb
fffd
fffc
fffd
fffe
ffff
fff9
fffd
fffd
fffe
fffe
fffd
fffd
0086
ffba
ff8c
0050
0003
002f
0011
0009
000f
ffed
0018
ffe7
ffd7
009b
01a3
fffd
fff2
fffc
fffe
fffe
fffc
fffd
fffd
fffd
fffe
fffb
fffd
fffd
fffc
fffe
007a
0071
ff56
ffed
0258
ffc6
ffd7
0000
0015
fffd
fff6
fff5
ffed
ffe3
00b9
fff1
0203
fffd
008b
00a8
fffa
ffea
fffd
fffd
fffe
fffc
0001
fff9
fffd
0037
00c8
ffc6
ff79
ffe2
00ea
fff4
0272
ffe5
fff5
ffef
fff3
fff5
fffa
ffff
003b
005b
0077
ffcc
0015
fff0
ffec
fff0
0089
007f
0048
0062
ffe9
fffa
ffff
0084
0002
ff8c
ff9c
008e
00bd
fff4
fffc
fff2
01f6
ffff
ffec
ffef
fffd
fffd
0013
0012
fff9
005c
ffc3
0362
ff9a
ffd9
fff9
000c
ffff
fffb
ffec
000f
00b6
0050
004d
ff2d
ffeb
00d9
0025
fff8
001d
fffe
fffc
ffee
020b
fff5
fff0
ffec
ffe9
0002
fffe
0004
0004
ffec
0188
ffdc
ffdc
ffc7
fffa
ffff
fffd
ffff
ffff
fffc
ffff
ffe9
ffd7
000c
fffe
fffb
0000
0009
fff9
fffe
fffe
fff5
016a
ffff
0004
0006
ffd5
0001
fffe
fffc
0004
0015
00b5
ffe7
ffe1
ffb4
fffd
fffd
0002
ffff
fffe
0000
fffe
fffb
fffe
ffff
fffc
fffd
fffa
ffff
fffe
fffe
fffc
003f
0109
002a
01d3
ff21
0203
fff2
0004
fffe
fff1
01bc
ffcd
fff6
ffef
ff9e
ffff
fffe
0003
fffc
fffd
fff9
fffd
fffe
fffd
0026
fffd
000e
000d
fffc
ffff
fffe
fffa
0026
02bc
00ab
fefc
0218
016b
0041
ffea
fffd
fff8
ff5c
0101
0163
0040
ff7f
0005
0005
fffc
0007
fff2
0042
fffc
0003
0024
0064
0029
0028
0024
0025
002a
0029
002d
0023
0027
0025
0024
002a
0025
0027
0028
0028
0024
002b
0021
0026
0026
002a
0027
0022
0024
0029
002c
0024
0025
0029
01d3
0004
fffb
fffb
fffd
fffb
fffc
fffc
fffa
fffd
fffb
fffc
fffc
fffb
fffc
fffc
fffb
fffc
fffc
fffd
fffc
fffc
fffc
fffd
fffb
fffb
fffc
fffc
fffa
fffd
fffb
fffc
0059
ffff
fffb
fffc
fffc
fffc
fffc
fffb
fffb
fffc
fffb
fffc
fffc
fffb
fff3
fffb
0000
001c
0036
fff8
fffc
fffb
fffd
fffb
fffc
fffd
fffc
fffb
fffc
fffc
fffb
fffd
0056
0002
fffc
fffa
fffd
fffb
fffc
fffb
fffc
fffd
fff7
fffa
ffe4
ffed
ffee
fff8
ffdf
ffd7
ffbf
012f
00ec
fff8
fffe
fffb
fffb
fffc
fffb
fffb
fffd
fffc
fffd
fffb
0058
ffff
fffb
fffc
fffc
fffc
fffc
fffc
fffd
ffe6
ffeb
ffe9
00a8
fff5
ffef
ffed
fff9
0003
0061
ffd6
ff69
01fa
fff8
fffc
fffb
fffc
fffb
fffe
fffb
fffb
fffd
fffb
0053
0002
fffb
fffd
fffb
fffc
fffd
fffb
ffe9
0024
0013
fff2
0004
fffb
ffef
ffff
0013
fffb
0005
fffa
008f
ff4f
00d1
00ed
fffe
fffb
fffc
fffb
fffd
fffb
fffa
fffd
0054
ffff
fffc
fffa
fffd
fffb
fffb
fff3
fffe
fff7
fff8
ffff
000c
fff9
fffd
fffe
0000
fffe
002f
0031
fffa
008c
ffc6
ff7a
0033
0157
fff5
fffc
fffb
fffb
fffb
fffb
0059
ffff
fffd
fffc
fffb
fffc
fffc
00bb
ffe9
005e
fffe
fff3
fffa
fff9
0008
fff9
0028
0016
fff9
fff6
0014
007d
ffe7
0057
ffdd
ff69
0221
fff8
fffc
fffc
fffd
fffb
0054
ffff
fffc
fffc
fffc
fffc
fffb
001a
0020
ffee
0018
0010
0013
fffc
fff9
ffff
0042
001e
003f
008f
0002
0052
00a5
ffda
0011
000c
ff9b
0094
fffc
fffb
fffc
fffc
0058
ffff
fffc
fffc
fffb
fffc
fffc
ffe9
0014
fffd
fff2
fff8
fffe
fffc
0006
001c
fff7
000a
fffe
ffff
0067
0003
006e
fff4
fff6
0065
ffc6
009b
fffb
fffc
fffd
fffb
0054
0003
fffc
fffb
fffd
fffb
fffc
00b8
ffe1
0042
0008
0045
003f
006a
fff4
0011
fffe
0000
0008
0030
001f
fff1
0045
000b
ffe7
002e
ffec
fffd
0000
fffc
fffc
fffc
005c
0000
fffc
fffc
fffc
fffc
fffc
01e1
ffa5
ffed
fff6
fff8
00ca
ffc8
006c
fff4
000a
fffb
002e
000e
ffe9
00fb
004f
007b
fff2
fffb
0015
ffd6
fff9
fffa
fffd
fffc
004f
ffff
fffb
fffc
fffc
fffc
fffc
ffc7
0101
0078
0028
001b
ff90
0078
0014
fffa
fffa
fffd
fff2
fff3
0203
ffee
ffda
007f
ffef
fff9
0038
ffde
fffd
fffc
fffb
fffb
005c
ffff
fffd
fffc
fffa
fffd
fffb
004f
0054
001f
fff9
ffef
fff6
0026
fffc
fffc
fffc
fffc
fffc
fffc
ffe9
0082
00b5
0080
fff5
ffe6
fff6
fff6
fffa
fffc
fffb
fffc
0056
0000
fffb
fffd
fffb
fffd
fffc
009a
012b
ffde
0082
000e
ffe5
ffed
fffc
fffc
fffc
fffc
fffc
fffc
00d2
ffe0
fffb
0057
ffec
fff7
0005
fffc
fffd
fffc
fffc
fffa
005c
0001
fffc
fffb
fffc
fffb
fffc
fffd
00c9
ffd6
0012
007c
000f
fff2
fffc
fffc
fffc
fffc
fffc
fffc
fffc
007d
fffe
001d
0074
fff4
fff2
fffb
fffb
fffc
fffb
fffd
0056
ffff
fffb
fffb
fffd
fffb
fffb
fff8
fff1
fffc
fffe
0025
0043
fff6
fffc
fffc
fffc
fffc
fffc
fffc
fff5
002e
002e
0006
0033
002c
fffb
fffc
fffc
fffa
fffc
fffd
0053
0001
fffc
fffc
fffa
fffb
fffc
fff0
0002
fffa
0005
0009
0023
fff7
fffc
fffc
fffc
fffc
fffc
fffc
fffc
002e
ffff
000f
0004
0076
fff7
fffd
fffb
fffc
fffd
fffc
0057
ffff
fffc
fffd
fffc
fffc
fffc
fff6
007f
fff3
0015
fffa
0002
fff9
fffc
fffc
fffc
fffc
fffc
fffc
0000
0026
0017
fffc
fff3
fff4
fff9
fffa
fffd
fffc
fffc
fffb
0055
0000
fffc
fffc
fffd
fffc
fffc
fff9
0047
00a1
ffeb
002c
ffe8
003c
0016
fffd
fff9
fffb
fff5
0031
0048
ffed
001c
fff4
0032
ffe7
fffc
fffd
fffc
fffa
fffc
fffd
0056
ffff
fffc
fffb
fffb
fffd
fffb
fffc
fffb
00f6
ffd0
0000
015c
ffd5
0019
fff3
0029
fff4
007b
ffd2
ffea
0000
001a
00ce
ffee
fffc
fffc
fffa
fffc
fffc
fffa
fffc
0058
0003
fffb
fffd
fffb
fffa
fffd
fffd
fffc
ffe2
fffd
000b
0037
0112
ffda
fffc
0026
00cc
0014
003a
ffe3
0013
ffe5
ffee
fffa
fffc
fffb
fffc
fffa
fffc
fffc
fffc
0052
ffff
fffc
fffb
fffd
fffc
fffc
fffb
fffc
fff4
01c3
ffd2
0024
fff8
009d
0039
fff4
fff0
002e
fffc
fffa
0000
0033
fffd
fffd
fffb
fffb
fffc
fffc
fffc
fffc
fffb
005b
fffe
fffc
fffc
fffd
fffb
fffc
fffc
fffb
ffee
ffd7
0003
fff2
007f
fff2
001d
002f
0024
001c
0000
fffc
0028
fff7
ffff
fffc
fffc
fffd
fffb
fffc
fffc
fffc
fffc
0057
0004
fffd
fffd
fffb
fffb
fffc
fffc
ffe4
0062
ffea
0065
ffdb
ffe6
0054
fffc
0007
fffd
0009
0008
0035
ffff
fff9
0063
004a
fffb
fffa
fffd
fffc
fffa
fffd
fffc
0055
0000
fffb
fffc
fffc
fffa
ffe5
0004
fff8
001d
003a
012b
009a
ffe7
ffdb
fff6
fff4
0001
0030
0022
001c
fffd
00c4
ff92
ff95
00e9
00da
0039
fff9
fffd
fffb
fffa
005d
0000
fffc
fff1
ffee
ffe5
0018
007a
ffec
fff5
001b
fff5
ffde
00f3
0064
fff5
fffa
fffd
fff9
0000
0005
fff2
0004
ffed
00ad
ffe4
ffa2
ffa8
0000
00e3
00b0
fffc
0054
ffe5
fffc
ffe0
00ef
ffed
fff7
fffa
fffb
ffee
fff8
ffe1
01ac
ffd5
0052
0020
001f
0029
0020
ffff
fffd
0078
fff6
fff6
fffb
fffb
fffc
0037
003d
ffd1
ff85
ffdd
022c
fffb
003f
ffe6
fffd
fffa
fff8
fffc
fffd
ffee
fff9
fffa
ffe3
0056
0037
0018
0022
000b
0006
0029
fffa
fff6
fffb
ffff
fff7
fffe
fff8
fffc
fffa
fffa
002d
007f
ff73
ffef
fffc
fffa
fffc
fffd
fffb
fffc
fffb
ffe5
0015
fff7
fffb
0050
ffe6
0057
000f
0014
0015
fff4
0011
fff8
fffc
001b
fff7
fffb
fffa
ffff
fff7
fffb
fffa
fffc
fff3
fffa
fffc
fffb
fffa
fffb
fffa
fff9
fffc
fff7
0037
fff7
ffee
ffad
0209
ffeb
002e
0004
ffe2
ffee
ffdf
017b
fffb
fff7
000f
fff7
fffa
fffc
fffb
ffff
fffa
fff9
ffee
ffee
fff6
fffa
fff8
fff8
fff9
fffa
fff7
001d
ff9e
00d2
ffe5
0082
ffd0
009c
fff6
0004
00cd
fff5
0115
ff73
0154
0048
fff7
fffe
fff6
fff6
fff3
fffa
fff8
fff9
ffe0
ff1d
ffe2
ffe2
ffe3
ffe2
ffe2
ffe4
ffe2
ffe3
ffe1
ffe2
ffe1
ffe1
ffe3
ffe3
ffe2
ffe1
ffe0
ffe1
ffe2
ffe2
ffe2
ffe1
ffe2
ffe2
ffe1
ffe2
ffe2
ffe2
ffe2
ffe2
fffe
ff13
ffea
ffe9
ffea
ffea
ffea
ffeb
ffe9
ffe9
ffe8
ffea
ffe8
ffe9
ffea
ffea
ffeb
ffe8
ffe9
ffeb
ffe9
ffea
ffea
ffe9
ffea
ffe9
ffe8
ffe9
ffea
ffe9
ffea
ffe9
ffff
ff14
ffea
ffea
ffea
ffea
ffea
ffea
ffea
ffe8
ffe8
ffe9
ffe9
ffea
ffe4
ffdf
ffd8
ffdb
ffe6
ffe6
ffea
ffea
ffe9
ffeb
ffea
ffeb
ffe9
ffea
ffe9
ffea
ffea
ffe9
ffff
ff12
ffe9
ffeb
ffea
ffe9
ffe9
ffea
ffe9
ffe9
ffe7
ffe5
ffc6
ffb7
ffc0
ff9b
ff98
ff9c
ffa3
ffa1
ffb3
ffda
ffe9
ffea
ffe9
ffea
ffea
ffe9
ffe9
ffea
ffe9
ffea
0001
ff14
ffea
ffe9
ffe9
ffe9
ffe9
ffea
ffe9
ffe4
ffc4
ffba
ff92
ff8a
ff7c
ff73
ff6e
ff76
ff75
ff7b
ff82
ffa0
ffb8
ffe8
ffe9
ffe8
ffeb
ffe9
ffea
ffeb
ffe9
ffe9
ffff
ff14
ffe9
ffea
ffe9
ffe8
ffea
ffe9
ffe8
ff9d
ffce
ff8b
ff71
ff6a
ff6f
ff6a
ff6b
ff6f
ff6c
ff6f
ff7a
ff95
ff51
ffb5
ffd4
ffe8
ffeb
ffe9
ffe9
ffea
ffeb
ffe9
fffe
ff13
ffe8
ffe9
ffe9
ffea
ffeb
ffeb
ff86
ffdd
ff7f
ff71
ff7a
ff7c
ff6e
ff6f
ff71
ff75
ff72
ff75
ff83
ff6d
ff6e
ff8c
ff82
ffb8
ffcf
ffe8
ffea
ffe9
ffe8
ffe9
fffe
ff12
ffe9
ffe9
ffe9
ffe9
ffe9
fff7
ffcf
ff78
ff72
ff80
ff68
ff69
ff70
ff72
ff79
ff73
ff7e
ff8e
ff81
ff84
ff5a
ff87
ff7b
ff9b
ff9a
ffd0
ffe9
ffe9
ffe9
ffea
ffff
ff11
ffe8
ffe9
ffeb
ffea
ffe9
ffb8
025d
ff74
ff60
ff77
ff6a
ff6b
ff80
ff7b
ff7d
ff98
ff7f
ffa1
ff94
ff8c
ff7d
ffa1
ff6c
ff74
ffd3
ff58
ffeb
ffe9
ffe9
ffe9
ffff
ff11
ffe9
ffe8
ffe8
ffe9
ffe9
ff4f
0185
ff71
ff77
ff75
ff74
ff6a
ff64
ff9b
ff8b
ff93
ffaa
ffab
ffa1
ffad
ff91
ff99
ff82
ff60
ffc5
ff66
ffe6
ffea
ffe9
ffea
fffe
ff12
ffea
ffe8
ffe8
ffe9
ffe9
ff4f
010c
ff66
ff7a
ff7e
ff8e
ff81
ffad
ff87
ffc0
ffb3
ffb9
ffb4
ffb0
ff9c
ff92
ff7c
ff88
ff60
ffb5
ffcd
ffd8
ffea
ffea
ffeb
0000
ff12
ffeb
ffe9
ffea
ffea
ffea
ffce
ffe4
ff86
ff6a
ff7d
ff82
ff73
ffe7
ffb1
ffd1
ffd4
ffcf
ffd3
ffd2
ffc1
ff9d
ff7b
ffa3
ff62
ffab
ffba
ffe4
ffe8
ffe9
ffec
0000
ff12
ffe9
ffe8
ffea
ffea
ffea
ffe8
fef9
ffda
ff70
ffa4
ff76
ff0f
ffe4
ffe3
ffe4
ffe4
ffe2
ffe1
ffff
025b
ff97
ff70
ffa4
ff5d
ffca
ff84
ffeb
ffea
ffe9
ffe8
ffff
ff11
ffe8
ffea
ffe8
ffe9
ffe9
fff3
ff3d
fff4
ff6b
ff93
ff74
ff10
ffea
ffea
ffea
ffea
ffea
ffea
ffff
01d2
ff91
ff89
ffa5
ff99
ff4e
ffde
ffe9
ffe8
ffe7
ffe8
0000
ff12
ffe9
ffea
ffe8
ffea
ffe9
ffed
fffc
00b7
ff86
ff98
ff55
feeb
ffea
ffea
ffea
ffea
ffea
ffea
0020
026f
ff91
ff92
ffad
ffa1
ff39
ffeb
ffeb
ffea
ffe8
ffe8
ffff
ff12
ffe9
ffec
ffe8
ffe9
ffea
ffe7
0084
ffff
ff9a
ffa6
ff98
ff39
ffea
ffea
ffea
ffea
ffea
ffea
fffd
01eb
ffa4
ffa4
ffc1
ff81
ff64
ffea
ffea
ffea
ffe9
ffe9
0005
ff11
ffe8
ffe8
ffe8
ffe9
ffe9
fff3
ffe8
ffa8
ffa1
ffa6
ffa8
ff60
ffea
ffea
ffea
ffea
ffea
ffea
fff8
014f
ffaa
ffa7
ffdf
ffa9
ff6b
ffeb
ffe9
ffea
ffe8
ffe9
0003
ff12
ffe9
ffe8
ffe7
ffe7
ffe8
ffee
ff83
ffa8
ff9f
ffab
ffaf
ff77
ffea
ffea
ffea
ffea
ffea
ffea
fff9
010a
ffaf
ff9e
ffd7
003d
ffab
ffeb
ffe8
ffe9
ffea
ffe9
0000
ff12
ffe9
ffe9
ffe9
ffe8
ffe8
ffea
ff79
ffb7
ffad
ffa4
ffa3
ff6b
ffea
ffea
ffea
ffea
ffea
ffea
fffa
0116
ffac
ff98
ffbb
fff2
ffe2
ffeb
ffe9
ffea
ffea
ffea
ffff
ff15
ffea
ffeb
ffe9
ffea
ffea
ffe9
ffcc
ffab
003b
ffa2
ff9e
ff4e
ffcb
ffcb
ffce
ffcf
ffc6
ffcf
ffde
00b6
ffa3
ffbe
ff5d
ffd5
ffea
ffea
ffeb
ffeb
ffea
ffe9
0000
ff13
ffea
ffea
ffea
ffeb
ffe9
ffe8
ffea
ffdd
00d9
ff9f
ffa1
ffb3
ff98
ffa8
ffa8
ffb8
ffa0
ffb7
ff9d
ffb1
ff9c
00eb
ff8f
ffe9
ffe9
ffea
ffe9
ffe9
ffea
ffe9
0000
ff13
ffea
ffea
ffe8
ffe9
ffe9
ffea
ffec
fff0
ff92
ffbd
ff98
ffb8
ffa4
ff9c
ff9a
ff90
ffa6
ffa3
ffa4
ff99
ff97
ffbc
ffe3
ffea
ffe8
ffe8
ffe9
ffe9
ffe9
ffea
ffff
ff13
ffe9
ffe9
ffe9
ffe9
ffea
ffeb
ffea
ffe9
ffbd
00db
ff9a
ffa2
ffaa
ffac
ffa8
ffa9
ffa8
ffa9
ffa3
ff97
ffdf
ff3a
ffea
ffeb
ffe9
ffe8
ffe9
ffe9
ffe9
ffea
fffe
ff14
ffe8
ffe8
ffe9
ffea
ffea
ffeb
ffea
ffec
ffa4
ffe7
ff99
ff8f
ffa6
ffae
ffa9
ffb5
ffb5
ffa7
ff93
ff8b
0071
ff5e
ffea
ffea
ffea
ffe9
ffe8
ffe9
ffe9
ffeb
0000
ff14
ffe9
ffea
ffeb
ffea
ffea
ffea
ffe4
ffb0
ffe0
fee8
ffa8
ff9b
ff8b
ffa0
ffa3
ff9f
ffa7
ff92
ff96
ff8f
ffdb
002f
ffc9
ffe9
ffea
ffea
ffeb
ffea
ffe9
ffea
0000
ff13
ffeb
ffe9
ffe9
ffea
ffdc
ffcc
ffaf
ffab
0027
ff23
fff3
ff9c
ff98
ff89
ff88
ff88
ff8b
ff8d
ff95
ff79
fff4
01b9
ff91
ff97
ffb2
ffd7
ffe1
ffea
ffeb
ffe9
ffff
ff12
ffeb
ffe7
ffd3
ffb4
ffb1
ffa5
ff8f
ff80
008c
ffb9
ffbf
ffa3
ff9e
ff98
ff92
ff8e
ff8d
ff8f
ff98
ffa6
ff60
0013
ff86
ff8c
ff89
ff99
ff9a
ffaa
ffc1
ffda
0005
ff00
ffb9
ffbb
ffaa
ff96
ff90
ff84
ff86
ff76
fffb
ffc4
ffaa
0005
ff99
ffa1
ff9e
ff9e
ff9b
ffa0
ff97
ffec
ffa4
ffc0
ff8c
ff80
ff7f
ff88
ff8e
ff91
ff95
ff96
ffc0
ff64
ffa0
ff8c
ff86
ff83
ff88
ff89
ff86
ff73
ffdb
ffd3
ffdb
ffbc
ffd3
ffa5
ffa7
ffa6
ffa5
ff9e
ffd9
ffa6
ffd5
ff84
ff9e
ff7d
ff83
ff7e
ff86
ff85
ff86
ff8d
ff8d
ffea
ff83
ff85
ff84
ff88
ff83
ff89
ff89
ff70
ffb9
ffe4
ffdd
ffc8
ffdf
ffb0
ffac
ffa6
ffa9
ffd3
ffb8
ffdb
ffcd
ff5f
ffa6
ff82
ff83
ff7e
ff88
ff83
ff83
ff85
ff7d
ffec
ff84
ff86
ff84
ff84
ff87
ff86
ff83
ff7b
fff5
ffd7
ffc4
ffa2
ffb6
ffc6
ffba
ffaf
ffbd
ff7d
000a
ffaa
ffd1
ff58
ff96
ff85
ff81
ff81
ff84
ff86
ff82
ff86
ff78
ffe9
ff96
ff96
ff9c
ff93
ff95
ff96
ff99
ff92
0092
ff95
ff75
ffb1
ffa2
ffc2
ffc9
ffa9
ff97
ff82
ffc0
ffe0
ff77
ff6b
ff99
ff94
ff94
ff95
ff8f
ff9a
ff93
ff95
ff8b
03ec
0078
0076
0078
0075
007a
0077
0074
0078
007a
007b
0073
007e
0076
0076
007b
0075
0077
007b
007b
0077
0079
0074
0079
0078
0079
007b
0076
007b
0075
007b
fff7
0447
0078
0072
007b
0076
0076
0076
0075
0077
0077
007a
0071
007d
0077
0075
0076
0072
007c
0074
0079
0071
007d
0074
0079
0071
007d
0078
0074
0079
0074
007a
fffd
0449
0076
0079
0077
0076
0074
0079
0074
007a
0074
0077
007b
0076
006f
005f
006d
007e
0086
007f
0077
0073
0079
0076
0075
0076
0075
007a
0077
0077
0074
007a
fffd
0448
0078
0072
007a
0075
007a
0077
0075
0076
007c
005d
0012
ffd1
ffd0
ffe3
0005
0091
013f
023e
0135
008a
0085
0077
0077
0079
0077
0074
007a
0077
0075
0077
fffd
044a
0077
0071
007b
0077
0078
0076
0075
0066
ffb4
ffb7
ffc5
ffdc
001b
0073
0045
0038
0057
00f7
02bd
035d
0110
0080
0075
007d
0074
0079
0076
0077
0074
007a
fffd
044a
0076
0077
0072
007e
0076
0070
0075
ff7c
ff79
fff6
0049
0067
004c
0044
0044
0048
0087
008b
006f
0292
03cb
0135
00a9
007d
0071
0079
0075
0078
0074
0079
fffd
044a
0070
007a
0077
0078
0077
007c
ff96
ff5b
001a
003e
004e
0014
004d
008b
006d
0079
00a9
00dd
0059
ffea
0110
024d
02df
01cc
00b5
0070
007b
0073
0078
0078
fffd
0448
0076
0078
007b
0075
0079
fffb
ff0d
0021
0032
0041
005b
001b
008b
00af
009c
007a
0190
00d0
ffea
fffe
fff3
004d
00fd
02b8
03da
00b2
0078
0079
0073
007b
fffd
0449
0078
0078
0076
0077
0078
ffbd
ff0a
004e
009a
0088
00a8
0025
00b4
009f
0129
0143
01b7
0065
fffa
006b
ffd5
ffd0
00cf
0051
0434
0316
0076
0074
0077
007a
fffd
0449
0078
0079
0074
007a
0078
ff7d
ff53
004a
0067
00b1
0061
005d
006f
0124
01fa
0205
00b4
005f
000c
0021
ffe4
ffa7
00da
0068
01ce
054a
0078
0077
0073
007a
fffc
044a
0077
0073
007b
007b
0078
ff78
ff6a
009d
fffc
00d6
013a
00d9
0044
02dc
0165
00d6
0078
001a
0031
fff3
fffc
ffb5
0076
00c3
006e
05aa
00b7
0079
0074
007a
fffd
044a
0076
0073
007a
0077
0077
ffe0
ff05
fffc
00df
0238
01a4
0114
01b0
0183
00a0
00ac
0084
000a
001e
ffdd
ffff
ffd3
ffe8
00c5
009e
05d2
008d
007a
0077
0075
fffd
0448
0076
0076
007a
0077
0077
0090
ff1d
0000
01a9
00f6
0173
0408
0090
007f
0078
0075
007e
0072
fff5
ff58
0037
fff6
ffcc
0058
03c6
0385
0070
0078
0075
0078
fffe
0448
0077
0077
0079
0079
0075
004d
ff21
0170
0172
00b0
0122
03a9
0077
0077
0077
0077
0077
0077
0042
ff64
0019
fff0
ffb1
0214
0550
00b3
0075
0074
0078
007e
fffd
044a
0078
0074
0077
0078
007b
0004
ff4d
00b3
00f3
fff1
0122
04ec
0077
0077
0077
0077
0077
0077
fffb
ff39
0180
0002
ffa7
0355
03df
006e
0078
0075
0079
0079
fffe
0449
0079
0076
0073
007b
0077
0019
ff82
fff9
0154
00a7
00f2
0343
0077
0077
0077
0077
0077
0077
003b
ff86
007a
fff0
ffeb
02b0
032c
006f
0078
0076
0075
0079
fffd
0449
0078
0076
0078
007b
0074
0060
ff9e
ffeb
0186
0116
00c5
0278
0077
0077
0077
0077
0077
0077
0056
ffad
fffc
ffeb
00e0
01cd
0297
0074
0076
0077
0077
007a
fffd
044b
0077
0075
0079
0078
007a
0077
ff9d
fff2
018e
0147
00ff
020d
0077
0077
0077
0077
0077
0077
0056
ffaa
fff9
ffee
00f8
0292
017b
0073
0077
0076
007a
0077
fffd
0448
007a
0074
0077
0079
0079
007e
ffb9
ffdc
016c
0133
011c
0226
0077
0077
0077
0077
0077
0077
0052
ffa4
fff6
ffee
01a9
02eb
0091
0076
0079
0077
0076
0076
fffd
044a
0077
0076
0073
0078
0076
0076
0028
ffb8
fffd
011a
0114
024d
0066
0063
0064
0054
0054
0063
0030
ffa1
fffc
007e
032b
0152
0072
0078
0075
0076
0077
0073
fffe
044a
0076
0074
0074
0075
0075
007d
0078
fff5
ff87
0126
0081
ffe9
0114
00b9
00a8
0032
0031
0098
019f
fffd
fffb
024a
0231
0079
0076
0077
0073
0073
007a
007a
fffd
044a
0074
0077
0076
0078
0079
0076
0075
006f
ff7e
00c2
0132
ffed
004e
0194
00d1
0011
fff4
00f8
0156
0000
0000
03f4
0092
0077
0073
007d
0075
0079
0076
0078
fffd
044a
0073
0076
0077
007b
0077
0077
0076
007a
ffda
ffa2
0148
00bc
0067
009a
005d
00e2
008a
009d
004f
fff2
0147
03b6
0072
0076
0074
007a
0077
0078
0071
007a
fffe
0448
0077
007a
0075
0076
0079
0075
0076
0086
ffbb
ff8c
0149
013f
00ca
0131
0085
0084
0000
0031
fff5
ffe9
02ac
02d7
0076
0077
0075
0073
007b
007a
0076
0075
fffd
0449
0076
0073
0079
0076
0077
0077
007b
ffb0
ff9b
0165
fffd
016e
0103
0115
00bd
0051
0019
fff4
ffe4
00ab
01ee
02be
00f0
0077
0076
0075
0077
0074
0079
0076
fffc
0449
0077
0074
0079
0079
0068
fff6
ff99
ffa7
0243
01ed
ffc4
fff8
00c8
00af
00a5
005e
002d
fffc
00dc
00f8
01d5
ff76
02dc
01d2
0111
00a5
0087
0076
0076
0075
fffe
044a
0076
007b
001b
ffc7
ffb6
ffd6
fffb
0049
0385
01f0
ff92
003a
fff2
001a
005e
008e
00c4
00fa
0131
00e1
01eb
ff3b
006f
00bf
0172
01ac
01ae
016e
00de
00a0
fffd
0432
ffe6
ffb5
ffb5
ffed
0072
0068
0064
0074
0408
0174
ffe9
ffd3
0058
002c
006e
0096
00a1
00f3
008f
027c
fff8
ff4b
004a
0079
0099
006a
0076
00cf
01ab
022a
0130
006e
ffcf
002d
0062
0068
0096
0057
005f
0082
0476
00f2
00e2
ffac
0036
0076
0079
0089
0099
0090
01b9
01f4
ffd0
ff5d
ffff
007c
0084
0085
0077
006e
0062
0050
014c
ffb6
0068
0061
0070
0079
0078
0067
005c
0095
04b5
00a5
00ff
fffe
ffb2
00a5
0085
0085
008a
0149
0245
0056
ffd8
ff76
ffed
0073
0082
0086
0063
0076
0074
005b
00a6
ffb3
0065
0060
0070
0079
0062
0075
0051
0076
04b0
00ac
0085
ff8b
01e2
fffc
008b
0098
00e5
009d
00c4
0145
ffe0
ff74
fff8
004e
008b
0085
005b
0063
0067
0067
00ab
ffbe
005d
006c
0072
0065
0067
0060
0045
0066
03b4
012d
ff85
fff9
032a
00e7
002b
00d2
0038
ffa6
0043
030f
00d6
ff73
003e
0065
0060
007a
0048
0082
005a
006f
00ab
ff43
ff2a
ff2a
ff29
ff29
ff29
ff29
ff2a
ff2b
ff2b
ff2a
ff2a
ff2a
ff2a
ff29
ff2a
ff2a
ff2a
ff2a
ff2b
ff2a
ff29
ff2a
ff2a
ff29
ff29
ff29
ff2a
ff2a
ff29
ff29
ff2a
fff6
fffe
fffc
fffc
fffd
fffd
fffd
fffc
fffc
fffc
fffc
fffc
fffc
fffd
fffc
fffe
fffd
fffb
fffc
fffd
fffc
fffc
fffd
fffc
fffd
fffc
fffd
fffd
fffd
fffd
fffc
ffe5
fff5
fffc
fffc
fffc
fffd
fffe
fffe
fffb
fffc
fffb
fffb
fffc
fffc
000c
0041
005c
004f
0026
fffc
fffc
fffc
fffc
fffe
fffc
fffc
fffd
fffc
fffc
fffc
fffb
fffc
ffe5
fff4
fffc
fffc
fffc
fffc
fffc
fffc
fffc
fffd
fffd
0025
0022
ffde
ff97
ffb4
ffbb
ffaf
ff8e
ffc5
004a
fffb
fffa
fffc
fffc
fffd
fffc
fffb
fffd
fffd
fffc
fffd
ffe5
fff5
fffc
fffc
fffd
fffc
fffc
fffd
fffe
fff6
ffe5
ffa6
ffd2
00fe
ffe8
ffa9
ff7a
ff87
ffb8
0110
004d
ffea
0004
fffd
fffb
fffc
fffc
fffc
fffe
fffe
fffd
fffd
ffe4
fff3
fffd
fffc
fffe
fffd
fffd
fffe
fff3
fff5
0004
ffc8
ff9c
ff87
ff64
ff5d
ff71
ff7a
ff7d
ff81
ff9b
fff0
fff0
0081
000a
fffd
fffc
fffd
fffe
fffe
fffd
fffd
ffe4
fff5
fffd
fffd
fffe
fffe
fffd
fff9
fff5
ffe8
ff9b
ff6e
ff76
ff82
ff82
ff77
ff73
ff7d
ff82
ff80
ff89
ffab
00d5
00a5
ffd8
0000
fffc
fffd
fffd
fffc
fffc
fffd
ffe5
fff4
fffc
fffc
fffd
fffd
fffc
ffeb
ffed
ff9c
ff7d
ff80
ff6c
ff7a
ff7a
ff7c
ff7a
ff8b
ff89
ff61
ff5b
ff7d
ff88
ff95
002a
001e
ffe2
fffb
fffd
fffc
fffd
fffc
ffe4
fff3
fffc
fffc
fffc
fffd
fffd
ffe5
ffaa
ff8d
ff88
ff89
ff91
ff7c
ff79
ff7a
ff85
ff76
ff83
ffb1
ffac
ff7b
ff7b
ff7d
ff7c
ff9c
005c
0011
fffc
fffc
fffc
fffc
ffe5
fff4
fffc
fffc
fffc
fffc
fffd
ffde
ff97
ff86
ff8f
ff7b
ff7c
ff7a
ff85
ff88
ffa2
ffae
ffb2
ffb9
ffba
ffae
ff8e
ff77
ff7d
ff7a
ffc3
fffd
fffc
fffc
fffd
fffe
ffe5
fff4
fffd
fffd
fffd
fffd
fffd
ffcb
ff83
ff6e
ff77
ff88
ff94
ff9e
ff98
ff93
ff8c
ffbf
ffd0
ffcc
ffca
ffc0
ffa7
ff86
ff7f
ff7e
ff9d
ffe7
fffd
fffd
fffc
fffc
ffe5
fff4
fffc
fffc
fffc
fffd
fffd
ffd6
ff95
ff8f
ff6b
ff77
ff7f
ff70
ff86
ffa1
ffc5
ffcd
ffcb
ffbb
ff9a
ffb4
ffb1
ff8c
ff84
ff8a
ff9c
ffda
fffc
fffc
fffc
fffc
ffe6
fff4
fffc
fffc
fffb
fffd
fffd
ffe7
ff76
ff7e
ff7e
ff9d
fff6
ff7f
ff95
ffcf
ffd0
ffcd
ffcd
ffb2
ff90
ffdd
ffbd
ff8f
ff8b
ff94
ff96
ffd6
fffc
fffc
fffe
fffc
ffe4
fff4
fffb
fffd
fffc
fffd
fffc
fff8
ffd9
ff8d
ff92
ff89
ff8c
ffe1
fffd
fffd
fffd
fffd
fffd
fffd
ffe1
ff9d
ff98
ffa0
ff96
ff9d
ffa0
ffec
fffb
fffc
fffe
fffc
ffe5
fff4
fffc
fffc
fffc
fffe
fffd
fff6
ffc3
ff9a
ffba
ffeb
00f3
006f
fffd
fffd
fffd
fffd
fffd
fffd
fffa
fff8
ffc8
ff9b
ff83
ff7d
ffd4
fffe
fffc
fffc
fffd
fffc
ffe5
fff5
fffd
fffd
fffc
fffd
fffc
fff2
ffbb
ffb3
ffc0
ffab
ffb5
fff0
fffd
fffd
fffd
fffd
fffd
fffd
ffed
ffa4
ffa4
ffaf
ff9b
ffa8
fff4
fffd
fffd
fffc
fffc
fffc
ffe6
fff4
fffc
fffc
fffd
fffd
fffc
fff3
ffc2
ffb2
ffc0
ffc5
ffcc
fffa
fffd
fffd
fffd
fffd
fffd
fffd
fff3
ffc1
ffc2
ffb8
ffac
ffc4
fff7
fffc
fffd
fffe
fffc
fffc
ffe6
fff4
fffc
fffd
fffd
fffc
fffc
fffa
ffd5
ffd0
ffca
ffd9
ffde
fffc
fffd
fffd
fffd
fffd
fffd
fffd
fff6
ffd8
ffcf
ffbc
ffbb
ffd7
fffb
fffc
fffd
fffc
fffb
fffc
ffe5
fff4
fffc
fffd
fffd
fffd
fffd
fffc
ffd4
ffc5
ffc8
ffd7
ffe4
fffb
fffd
fffd
fffd
fffd
fffd
fffd
fff5
ffd7
ffc6
ffbf
ffb9
ffd6
fffb
fffc
fffc
fffc
fffb
fffc
ffe5
fff4
fffc
fffc
fffc
fffd
fffc
fffd
ffe7
ffd4
ffca
ffd4
ffe6
0086
0076
0057
0047
0057
006d
0083
002f
ffcf
ffc3
ffc6
ffe5
ffea
fffd
fffc
fffd
fffd
fffd
fffc
ffe6
fff5
fffd
fffd
fffb
fffc
fffc
fffd
fffd
ffe0
ffbd
ffcb
ffd1
00aa
014e
005d
0010
0034
0151
017c
00d7
ffd5
ffc4
ffc2
fff8
fffd
fffd
fffd
fffc
fffc
fffd
fffc
ffe4
fff5
fffb
fffc
fffc
fffc
fffb
fffc
fffd
fff4
ffbe
ffc8
ffc3
ffbc
ffd2
ffb7
ffb2
ffb0
ffd9
ffea
ffdd
ffc6
ffc9
ffcd
fff6
fffd
fffd
fffd
fffc
fffb
fffb
fffd
ffe5
fff5
fffb
fffc
fffc
fffc
fffc
fffc
fffc
fffa
ffd3
ffcd
ffcf
ffcc
ffbd
ffe6
003a
fff5
ffc8
ffb7
ffc5
ffc0
ffc1
ffdc
fffd
fffe
fffc
fffc
fffc
fffc
fffd
fffd
ffe5
fff4
fffc
fffc
fffd
fffe
fffc
fffd
fffe
fff8
ffed
ff8b
ffc0
ffc6
ffc9
ffbc
ffad
ffad
ffbd
ffc4
ffc3
ffb9
ffc9
fffb
fffd
fffd
fffc
fffc
fffd
fffd
fffc
fffc
ffe5
fff3
fffc
fffd
fffd
fffd
fffc
fffc
fffa
fff8
fffe
ffc6
ffbd
ffc0
ffc3
ffd0
ffd1
ffcf
ffca
ffbd
ffb9
ffb1
ffbc
fff7
001d
fffd
fffd
fffb
fffc
fffd
fffd
fffc
ffe4
fff5
fffc
fffc
fffc
fffc
0006
004b
ffc7
fffe
ffbc
ffb0
ffa4
ffc0
ffc3
ffc4
ffc1
ffba
ffbd
ffc1
ffb0
ff9c
ffa8
0012
ffc4
ffd2
0079
0044
fffd
fffc
fffd
fffc
ffe4
fff4
fffb
fffb
004b
ffe1
ff95
00bd
0058
ff9b
ffad
ffd7
ffb5
ffa1
ffb0
ffca
ffc3
ffc1
ffc1
ffa9
ff9a
ffaf
ffb6
ff9d
ffbf
0196
0195
ffbe
ff96
fff2
007d
ffff
ffe4
fffc
0026
ff9f
ffe0
0185
ffca
ff8f
ff94
ff98
ffb5
ffed
ffca
ffbd
ffa7
ff96
ff88
ff88
ff96
ffa9
ffb6
ffbe
ffce
ff9f
ff8f
ff8e
ff90
ffa6
0019
01f6
005f
ff9a
ffdf
ffb4
0145
003e
ff97
ff8f
ff94
ff94
ff93
ff9d
ffbe
fff1
ffeb
ffbe
ffc3
ffb7
ffb3
ffb7
ffb4
ffba
ffc8
ffd7
ffde
ffa4
ff8c
ff8d
ff91
ff93
ff95
ff93
ff99
ffe9
01a4
ffa9
ff8f
ff92
ff94
ff93
ff96
ff96
ff95
ffa0
ffc7
fff3
fff6
ffe2
ffd4
ffc5
ffc5
ffc5
ffc6
ffca
ffd2
fff1
ffe2
ffac
ff8a
ff8c
ff8e
ff92
ff94
ff95
ff95
ff93
ff9d
ff95
ff93
ff91
ff93
ff95
ff97
ff95
ff93
ff9a
ffcc
ffed
fff5
ffbe
ffb2
ffcc
ffcf
ffcd
ffca
ffc8
ff96
fffc
ffe2
ffb9
ff8d
ff8d
ff8d
ff90
ff8e
ff95
ff97
ff95
ffa1
ff85
ff80
ff7f
ff7e
ff84
ff84
ff81
ff80
ff86
ffc7
0003
ffe6
ffd9
ffcd
ffc6
ffe0
ffe6
ffdb
ffe1
fffb
0046
ffea
ffb6
ff7d
ff78
ff7e
ff81
ff7a
ff7d
ff7e
ff7c
ff86
0047
007f
007a
0075
007a
0075
0077
0079
0074
007a
0077
0077
0077
0079
0072
007b
0079
007a
0070
007a
0079
007a
007b
0076
0076
0075
0073
007c
0076
007a
0074
0096
fffe
ffff
fffe
fffd
fffe
ffff
0000
fffe
fffe
fffe
fffd
fffe
fffd
0000
fffe
fffe
fffe
fffd
fffe
fffe
fffe
fffc
ffff
fffd
fffe
fffe
ffff
fffe
fffe
fffe
fffe
fffe
fffd
fffe
ffff
fffe
fffe
fffe
fffe
fffd
fffe
ffff
fffe
fffe
fffb
0011
0137
021f
023a
018f
0027
fffc
fffd
fffe
ffff
fffe
fffe
ffff
fffd
fffe
ffff
fffd
fffe
fffe
fffe
ffff
fffd
fffe
fffe
fffe
fffe
fffe
0000
fff8
0093
01c7
0449
028b
0122
fff3
ffef
fffd
0277
0475
00fe
0011
ffff
fffd
fffe
fffe
fffe
fffe
ffff
ffff
ffff
fffd
fffc
fffe
fffe
ffff
ffff
fffe
ffff
ffff
ffef
02bd
0208
0017
ffe3
ffe0
ffdc
fff7
ffff
0005
fffa
ffcd
0207
0142
000b
fffd
fffe
fffd
fffe
fffe
ffff
ffff
fffe
fffd
fffd
fffe
ffff
ffff
ffff
ffff
ffff
ffea
027a
008c
ffd6
fff5
0028
0036
ffff
fff3
fff7
fff2
ffee
fff4
ffd3
0215
04bb
01a1
0027
fffe
fffe
0000
fffe
fffe
fffe
fffd
fffd
fffe
fffd
fffe
ffff
fffe
fff2
0187
0051
ffe4
0021
ffe7
fff3
fff7
fff8
fff0
fff4
0008
ffda
ffd4
0024
ffe9
ffce
0162
03b4
00e9
fffe
fffe
fffd
fffd
ffff
fffd
fffd
fffd
fffe
fffe
fffe
fffe
0015
0078
0040
0045
fffe
ffff
fff0
fff1
ffe7
ffec
ffdb
ffc7
ffde
ffea
ffb6
ffd9
fff0
fffb
ffce
01e0
00c3
fffe
fffe
ffff
fffe
fffd
fffd
fffe
ffff
fffd
fffe
fffe
0027
006f
ffff
0047
0019
0037
004b
0004
006b
003e
ffee
ffea
0005
003c
005a
fffc
ffeb
fffb
fff1
fffa
00f5
fffd
fffe
fffd
0000
fffe
fffd
fffe
fffe
ffff
fffe
fffe
fffb
000c
fff0
ffed
002f
fff7
ffe1
ffed
ffd4
ffa5
ffe4
0014
fffa
0021
0018
0045
fffb
fff9
fffc
fff8
0096
000d
ffff
ffff
ffff
fffd
fffd
fffe
fffe
fffe
fffe
fffe
ffea
ffc6
0060
0014
fff0
ffb3
ffe6
ffcf
ffbf
fff2
fff4
ffe8
ffec
ffed
ffed
fff5
fff6
fff2
001b
001d
000b
fffa
fffe
fffd
fffe
fffe
fffd
fffe
fffe
fffd
fffe
fffe
003a
ffb0
ffe6
ffc7
ffcd
01ad
ffb5
ff78
ffcd
ffc8
ffc0
ffc6
ffb6
ff6a
ffef
0097
fffc
fffa
0001
000b
ffb5
ffff
fffe
ffff
fffe
fffd
fffd
fffd
ffff
fffd
fffe
fffe
fff3
00c5
ffff
fff5
ffdf
ffbe
ffdf
001c
fff9
fff9
fffa
fff8
fff8
002d
ffd4
ffd0
ffee
0022
0099
ffa4
ffe6
fffe
fffd
0000
fffe
fffd
fffd
fffe
fffd
fffe
ffff
ffff
fff7
0044
fff1
fff7
00bf
01a4
00dc
fffe
fffe
fffe
fffe
fffe
fffe
fff2
0131
0112
fff8
ffea
ffc8
ffe6
000d
ffff
fffe
fffe
fffe
fffe
fffe
ffff
ffff
fffd
ffff
fffe
0012
fffe
fffe
0026
ffdb
ffcf
ffe4
fffe
fffe
fffe
fffe
fffe
fffe
0015
ffda
ffbc
fffb
fff1
ffe2
0022
fffe
fffe
fffd
fffe
fffe
fffe
fffd
fffe
fffd
fffe
fffe
fffe
fffd
fff0
ffec
fffa
fffa
fff4
fffd
fffe
fffe
fffe
fffe
fffe
fffe
fffe
fff5
ffff
fffe
0004
fff1
fff4
fffd
fffe
0000
fffe
fffd
fffe
fffd
fffd
fffe
fffe
fffe
fffe
0000
ffee
0085
0018
0024
0000
fffd
fffe
fffe
fffe
fffe
fffe
fffe
fffe
ffff
0038
0008
001e
0044
fff0
fffe
ffff
ffff
fffd
fffe
fffe
fffd
fffe
ffff
ffff
fffe
ffff
ffff
fff5
fff6
0009
0016
0016
0002
fffe
fffe
fffe
fffe
fffe
fffe
fffd
0006
0007
0015
0029
ffe3
fff4
fffe
fffe
fffd
fffd
fffe
fffe
fffe
fffe
ffff
fffd
ffff
fffe
0000
fff6
ffc8
ffff
002d
006b
002c
fffe
fffe
fffe
fffe
fffe
fffe
fffd
001a
001c
001c
ffe6
ffce
fffe
fffd
fffe
ffff
ffff
fffe
fffe
fffd
fffe
fffe
fffe
ffff
fffe
ffff
fff8
fffa
ffe1
0024
ffee
0201
037b
02d1
0270
0288
02ed
03af
0334
0100
0024
fff4
ffed
fffe
fffe
0000
fffe
fffe
0000
ffff
fffc
fffd
fffe
ffff
fffd
fffe
fffd
fffd
ffff
001e
ffdc
0010
002b
ffcc
fff6
fff5
ffd0
ffbe
fffa
0037
0008
0015
0050
ffe9
ffeb
fffe
fffe
ffff
ffff
fffd
fffc
fffe
fffe
fffe
fffd
fffd
fffe
fffe
fffe
ffff
fffe
fffa
ffed
ffef
0030
00ad
fff3
0000
015c
01b2
002d
ffed
0006
0036
0035
ffd4
ffff
ffff
fffe
fffd
fffe
fffe
ffff
0000
fffd
fffe
fffe
fffe
fffd
0000
fffe
fffe
ffff
fffe
0000
fff0
0069
0010
0038
fff5
ffcb
ffbe
ffe3
0018
002f
005f
002c
fff6
fffe
fffe
fffe
fffe
ffff
ffff
fffe
fffd
fffd
fffc
fffd
fffe
0000
ffff
fffc
fffe
fffe
ffea
0228
006e
fffd
00a6
0027
003e
005e
004b
005c
002b
0084
008a
fff3
00ff
fffe
fffe
ffff
fffd
fffd
ffff
fffe
ffff
fffd
fffd
ffff
fffe
fffe
fffe
fffe
fffe
ffea
02f8
0067
ffd0
ffd9
ffe9
00b2
0099
00a9
0097
008b
00c3
0046
ffd9
fff4
009c
02cf
0004
fffd
ffff
fffd
fffe
fffe
fffe
fffc
fffe
fffd
fffe
fffe
fffb
fffc
0301
0387
ffea
ffef
ffee
ffda
fff1
ffd4
003a
0079
007e
006a
fff2
ffdb
0001
ffdc
fff7
ffd3
0289
04a2
02ba
005b
fffc
fffe
fffe
fffd
fffe
fffc
fff3
014d
0494
0181
ffd6
ffe4
fffe
fff6
fffc
ffdf
fff5
fff5
ffde
ffc9
ffc5
ffcc
ffea
ffef
fff2
ffd9
fff7
000b
fff1
ffde
ffd9
009c
037f
043c
011d
fffb
000f
03c1
035a
fff4
ffd4
ffee
fffd
fff9
fffe
fff9
fff6
0030
ffc6
0006
fffd
fff7
fffa
fffa
fff3
005e
ffc4
fffa
fff0
fffd
fffe
0001
0008
fffe
ffea
ffd4
fff2
03e4
000b
ffd6
ffe3
fffd
ffff
fffe
0000
ffff
0008
fff8
0000
fffd
fff1
ffdc
000b
0000
ffff
000b
004d
ffc7
ffef
0000
fff5
fff5
fffe
fffc
fffd
0001
ffff
0005
0001
ffdb
fff8
ffff
fffd
fffd
fffe
0008
0000
fffc
fffd
003b
fffa
0000
0009
0084
ffec
fffe
ffff
0000
ffda
ffe0
fffa
ffff
ffff
fffc
fffb
fffd
fffd
fffa
fffe
000f
000c
0002
fffe
fffd
fffd
fffa
fffd
fffd
fffd
000d
ffff
0080
0007
0042
02a6
ffff
ffef
ffea
ffee
ffcd
00f8
0123
0388
002a
ffff
0012
fff9
fffa
0003
fffe
0006
fffd
fffd
ffff
ffc3
ff9c
ff9c
ff9b
ffa1
ffa0
ffa1
ff94
ff98
ff97
0315
01d1
ff98
fff4
016d
0230
01fa
02f7
0023
ffd3
ff8f
01e4
0136
ff96
ff96
ff98
ff95
ff94
ff8c
ff97
ff96
ff86
ff8b
ff9d
ff9d
ff9d
ff9d
ff9d
ff9d
ff9e
ff9e
ff9e
ff9d
ff9e
ff9d
ff9d
ff9e
ff9d
ff9e
ff9d
ff9e
ff9d
ff9d
ff9d
ff9e
ff9d
ff9d
ff9d
ff9d
ff9e
ff9d
ff9d
ff9d
ff8c
ffd3
fff9
fff9
fff8
fff9
fff9
fff9
fff8
fff9
fff9
fff9
fff9
fff8
fff9
fff9
fff9
fff9
fff8
fff9
fff9
fff9
fff9
fff9
fff8
fff9
fff8
fff9
fff9
fff9
fff9
fff9
ffcc
ffd2
fff9
fff8
fff9
fff9
fffa
fff9
fff8
fff9
fff8
fff8
fff8
fff9
fffa
fffc
fffc
fffb
fff9
fff9
fff9
fff8
fff8
fff9
fff9
fff9
fff9
fff9
fff9
fff9
fff8
fff9
ffcc
ffd2
fff9
fff9
fff9
fff9
fff9
fff9
fff9
fff9
fff9
fffb
fff3
ffd3
ffc5
ffd8
ffd9
ffc9
ffb9
ffd7
fff4
fff6
fff7
fff9
fff8
fff9
fff9
fff9
fff9
fff9
fff9
fff9
ffcd
ffd2
fff9
fff9
fff9
fff9
fff9
fff9
fffa
fff3
ffda
ffcd
fff3
006f
ffee
ffcd
ffba
ffc6
ffe3
0063
ffde
ffe2
fff6
fff9
fff9
fff8
fff9
fff9
fff9
fff9
fffa
fff9
ffcc
ffd2
fff9
fff9
fffa
fff9
fff9
fffa
fff3
ffde
0045
ffe6
ffcb
ffbe
ffad
ffb0
ffba
ffbd
ffbb
ffbb
ffd7
ffdc
ffd6
fff7
fff8
fff8
fff9
fff9
fffa
fff9
fff9
fff9
ffcc
ffd2
fff9
fff9
fffa
fff9
fff9
fff8
ffdb
0036
ffd0
ffb4
ffbc
ffc1
ffc1
ffb9
ffb9
ffba
ffba
ffb8
ffbc
ffde
000b
ffec
ffd3
ffee
fff7
fff9
fff9
fff9
fff9
fff9
ffcd
ffd2
fff9
fff9
fff9
fff9
fff9
ffe1
0048
ffce
ffbd
ffbf
ffb4
ffc0
ffbd
ffbc
ffbb
ffc2
ffc1
ffba
ffbd
ffc5
ffbe
ffce
fffa
ffe1
ffd9
fff8
fff9
fff8
fff9
fff9
ffcc
ffd1
fff9
fff8
fff9
fff9
fff9
ffc7
fffe
ffc7
ffbf
ffc7
ffc3
ffbe
ffbb
ffb7
ffb9
ffc6
ffbf
ffd4
ffcf
ffbb
ffc0
ffc4
ffb8
ffdd
ffe2
ffea
fff9
fff9
fff9
fff9
ffcc
ffd2
fff8
fff9
fff9
fff9
fff9
ffd5
ffef
ffc5
ffc6
ffbc
ffbd
ffc0
ffb9
ffc6
ffcb
ffc2
ffc3
ffca
ffcf
ffc7
ffc1
ffca
ffbb
ffbf
fff0
ffcb
fff9
fff8
fff9
fff9
ffcd
ffd2
fff9
fff9
fff9
fff9
fff9
ffdf
ffe0
ffac
ffbf
ffbc
ffc4
ffc0
ffd1
ffc2
ffc9
ffdd
ffe3
ffe0
ffd5
ffd6
ffc3
ffcc
ffbe
ffb2
ffe7
ffc1
fff7
fff9
fff9
fff9
ffcc
ffd2
fff9
fff8
fff8
fff9
fff9
ffd1
fff9
ffc4
ffba
ffbd
ffca
ffc1
ffd5
ffc4
ffd7
ffd7
ffd1
ffd3
ffce
ffd5
ffcc
ffc7
ffc8
ffb7
ffeb
ffbe
fff8
fff8
fff8
fff9
ffcc
ffd2
fff9
fff8
fff8
fff9
fff9
ffe0
ffe1
ffca
ffb5
ffc9
ffeb
ff71
ff9e
ffb7
ffb8
ffb8
ffb2
ff9f
ff75
ffe8
ffc8
ffc4
ffca
ffc6
ffe2
ffc2
fff9
fff9
fff9
fff8
ffcc
ffd2
fff8
fff9
fff8
fff9
fff9
ffed
000d
ffc4
ffbe
ffc3
ffe6
ffd1
fff9
fff9
fff9
fff9
fff9
fff9
ffc1
ffee
ffc8
ffc4
ffc8
ffec
ffa7
ffec
fff8
fff9
fffa
fff9
ffcc
ffd2
fff8
fff9
fff9
fffa
fff9
ffda
001e
ffc9
ffcd
ffe3
004a
ffbb
fff9
fff9
fff9
fff9
fff9
fff9
ffbd
0055
ffcb
ffbf
ffcb
ffd4
ffc2
fff9
fff8
fff9
fff9
fff8
ffcc
ffd3
fff9
fff9
fff9
fff9
fff9
ffd9
fff8
ffd4
ffd1
ffd7
002e
ffd4
fff9
fff9
fff9
fff9
fff9
fff9
ffc9
0004
ffc9
ffc8
ffd6
ffe7
ffd0
fff9
fff9
fff9
fff9
fff9
ffcc
ffd2
fff8
fff9
fff9
fff9
fff9
ffd6
fff0
ffd7
ffce
ffcf
0002
ffd7
fff9
fff9
fff9
fff9
fff9
fff9
ffcc
fff1
ffd2
ffd1
ffcd
ffeb
ffd3
fff9
fff9
fff9
fff8
fff9
ffcd
ffd2
fff9
fff9
fff9
fff9
fff9
ffe9
fffc
ffe1
ffd3
ffd5
fff9
ffdb
fff9
fff9
fff9
fff9
fff9
fff9
ffd2
fff9
ffd8
ffd1
ffd1
ffe6
ffe3
fff9
fff9
fff9
fff8
fff9
ffcc
ffd2
fff9
fff9
fff9
fff9
fff9
fff3
ffea
ffdd
ffd0
ffd6
fff7
ffdb
fff9
fff9
fff9
fff9
fff9
fff9
ffd2
fffa
ffd7
ffd5
ffd3
ffc7
fff1
fff9
fff9
fff8
fff8
fff9
ffcc
ffd2
fff9
fff8
fff9
fff9
fff9
fff8
ffec
ffe9
ffda
ffd7
0011
ffe1
fffc
fffc
fffb
fffc
fffc
fffc
ffd4
fff7
ffd2
fff2
ffe6
ffd6
fffa
fff8
fff9
fff9
fff9
fff9
ffcd
ffd2
fff9
fff9
fff8
fff9
fff9
fff9
fff9
ffd1
fff4
ffd2
fff1
00fc
0175
0136
010d
0145
01a9
0181
00cd
fffa
ffd3
ffe9
ffda
fff9
fff9
fff9
fff9
fff9
fff9
fff9
ffcc
ffd2
fff8
fff9
fff8
fff8
fff8
fff9
fff9
ffdf
ffff
ffd5
ffc6
ffd8
ffd4
ffbf
ffc8
ffcb
ffdb
ffd9
ffc9
ffd1
ffea
ffc1
fff1
fff9
fff9
fff9
fff8
fff8
fff8
fff9
ffcc
ffd2
fff8
fff8
fff9
fff8
fff9
fff8
fff8
fff5
ffe1
ffeb
ffd2
ffd1
ffd6
ffe0
fff4
ffe1
ffd2
ffcb
ffd2
ffd1
ffef
ffbe
fff9
fff9
fff9
fff9
fff9
fff9
fff9
fff9
ffcc
ffd2
fff8
fff8
fff9
fff9
fff8
fff9
fff9
fff8
ffbc
fff0
ffca
ffcf
ffd1
ffc9
ffcc
ffc5
ffcf
ffd3
ffd1
ffcd
ffe2
ffd9
fff9
fff9
fff9
fff9
fff9
fff9
fff9
fff8
ffcd
ffd1
fff8
fff9
fff9
fff9
fff9
fff9
fff8
ffdb
00aa
ffda
ffd6
ffca
ffd7
ffd0
ffcd
ffcc
ffd8
ffcf
ffd2
ffd3
ffd9
ffd6
fff7
fff9
fff9
fff8
fff9
fff9
fff9
fff8
ffcd
ffd2
fff8
fff9
fff9
fff9
fffa
fff0
ffd3
0046
ffea
ffc2
ffdd
ffcc
ffc5
ffd6
ffd3
ffd5
ffce
ffcc
ffcc
ffce
ffa5
0077
ffbc
ffdf
fff9
fffa
fff8
fff9
fff9
fff8
ffcc
ffd2
fff8
fff9
fff8
ffd4
ffd0
008b
fffa
ffd0
ffcc
ffba
fff3
ffcd
ffd7
ffd2
ffcd
ffcf
ffd2
ffca
ffc2
ffed
ff9d
fff6
ffe5
008a
0019
ffc7
ffc6
ffec
fffa
fff8
ffcc
ffd3
ffe9
ffc0
001d
008a
ffdc
ffc6
ffca
ffd7
ffc2
ffe4
ffe5
ffdf
ffc9
ffc4
ffbf
ffc0
ffc4
ffc4
ffd4
ffdb
ffba
fff1
ffc6
ffc7
ffc2
ffd3
ffff
009f
ffe7
ffc0
ffc1
ffc0
00c6
fff8
ffc8
ffc6
ffc6
ffc9
ffc9
ffde
ffc0
fff3
ffd6
fff2
ffdb
ffce
ffce
ffce
ffce
ffd5
ffed
ffc3
ffe4
ffed
ffc9
ffc4
ffc6
ffc8
ffc8
ffc7
ffcb
fff7
0009
ffdf
ffc5
ffc6
ffc7
ffc9
ffc9
ffc8
ffca
ffe4
ffb8
fff7
fff4
ffdd
ffec
ffd4
ffd2
ffd3
ffd3
ffeb
ffcb
ffe9
ffef
ffe8
ffcd
ffc5
ffc6
ffc7
ffc8
ffc9
ffc7
ffc7
ffd9
ffd9
ffc7
ffc8
ffc9
ffc8
ffcb
ffc8
ffc8
ffe1
ffb8
fff8
ffe9
ffcd
ffcc
ffe0
ffdb
ffda
ffe7
ffae
ffb9
ffec
fff0
ffeb
ffcc
ffc8
ffc4
ffc5
ffc7
ffc9
ffc9
ffc9
ffdb
ffd6
ffc6
ffc5
ffc5
ffc7
ffc7
ffc5
ffc8
ffd0
ffc9
ffe8
fff2
0078
ffb8
ffd3
ffdc
ffe4
ffc9
ffe6
00ba
ffe7
ffe5
fff0
ffc7
ffc4
ffc5
ffc5
ffc3
ffc4
ffc6
ffc4
ffd8
ffcc
ffda
ffdb
ffda
ffda
ffda
ffda
ffda
ffdb
ffda
ffda
ffda
ffda
ffdc
ffda
ffda
ffda
ffda
ffda
ffdb
ffdb
ffdb
ffdb
ffda
ffda
ffda
ffda
ffda
ffda
ffda
ffda
ffcb
ffcc
fff1
fff0
ffef
fff1
ffef
fff1
fff0
fff0
fff0
fff0
fff0
ffef
fff0
fff0
fff1
fff0
fff0
ffef
fff0
ffef
ffef
fff0
ffef
fff0
fff0
fff0
fff1
fff0
fff1
fff0
ffed
ffcd
fff0
fff0
fff0
fff0
fff0
fff1
fff0
fff0
fff0
ffef
fff0
ffef
ffee
ffea
ffe9
ffe9
ffec
fff2
fff0
fff1
ffef
fff1
fff0
ffef
fff0
fff0
fff0
fff0
ffef
ffef
ffed
ffcc
fff0
fff1
fff0
fff0
fff0
fff0
fff0
fff0
ffee
ffeb
ffeb
ffe1
ffc8
ffda
ffe2
ffe3
ffd8
ffc0
ffe6
fff1
ffef
fff1
fff0
fff1
fff0
fff0
fff0
fff0
fff0
fff1
ffed
ffcd
fff0
ffef
fff0
fff0
fff0
fff0
fff0
ffef
ffda
ffd6
ffbf
0017
0028
fffa
ffe8
ffec
ffe9
0036
fffd
ffca
fff6
fff0
ffef
fff0
ffef
ffef
fff0
fff1
fff0
fff0
ffed
ffcc
fff0
ffef
fff0
fff0
ffef
fff1
ffec
ffc3
0008
ffff
fff4
fff4
ffe9
ffe3
ffeb
ffed
ffee
fff0
ffea
004c
ffbc
ffe3
fff2
fff0
fff0
fff1
ffef
fff1
fff0
fff0
ffed
ffcd
fff0
fff0
fff0
fff1
fff1
ffec
ffdf
fffb
0000
ffea
fff3
ffea
fff2
fff1
ffeb
fff1
ffea
fff2
fff8
ffea
fffb
0029
ffc8
ffde
fff5
ffef
fff1
ffef
fff0
fff0
ffed
ffcc
fff0
ffef
fff0
fff0
fff0
fff1
ffbb
0000
ffee
fff6
ffe3
fff6
ffee
fff2
ffec
fff1
0024
fff7
ffee
fff0
fff9
ffe0
001d
0019
ffc2
fff4
fff0
fff0
fff0
fff0
ffed
ffcc
fff0
fff0
fff0
fff0
fff0
ffe8
006b
ffed
ffe5
ffe9
fff8
ffe9
fff4
ffe3
fffa
fff7
fff5
0012
003d
fff4
fff2
fff5
ffec
fff4
003d
ffe7
fff0
fff0
fff0
fff0
ffed
ffcc
ffef
fff0
fff0
fff0
fff0
ffd4
00a9
fff4
fff1
fff0
ffe6
ffeb
ffe9
fff5
fff6
003d
0000
fffa
0001
fffd
0006
fff7
ffef
ffe7
0022
ffcc
fff1
fff0
ffef
fff1
ffed
ffcc
fff1
ffef
ffef
fff0
fff0
ffc2
0050
ffe3
ffef
fff5
fffc
000f
ffe4
0073
0026
fffe
003a
0030
0023
003b
fff8
fffc
fff1
ffe9
0003
fff0
ffed
fff1
fff0
ffef
ffed
ffcc
fff0
fff0
fff0
fff0
fff0
ffd2
011b
fff3
ffe1
0003
fffa
002c
0109
0005
0037
0051
003f
007a
005c
fff1
000e
fffc
ffeb
ffe8
fff8
007f
ffed
fff0
fff0
fff1
ffee
ffcc
fff1
fff0
fff0
fff0
fff0
fff7
ffb9
ffed
0034
fff3
0076
ffb4
ffd7
ffe5
ffe6
ffe6
ffe6
ffe8
ffcd
00e4
0006
fff7
0008
ffea
0096
ffd7
fff0
ffef
fff1
fff0
ffed
ffcc
ffef
fff0
ffef
fff0
fff0
ffeb
ffb8
fffb
ffee
fffc
fff9
ffd1
fff0
fff0
fff0
fff0
fff0
fff0
ffea
0082
fffa
fff9
ffea
fffb
fff0
ffe3
fff0
ffef
fff0
fff0
ffed
ffcc
fff0
ffef
ffef
fff0
fff0
ffe2
0056
fffa
fff3
fffa
0034
ffb0
fff0
fff0
fff0
fff0
fff0
fff0
ffe2
0142
0016
fffb
fff2
0085
ffb2
fff0
ffef
ffef
ffef
ffef
ffed
ffcc
fff0
fff1
fff0
fff1
fff0
ffe1
00ea
0079
ffff
fffe
0016
ffba
fff0
fff0
fff0
fff0
fff0
fff0
ffe7
011d
fffa
fffa
fff6
0074
ffd4
fff0
fff1
fff0
fff0
ffef
ffee
ffcc
fff0
fff0
fff0
fff0
fff0
ffe9
007b
fffe
0006
fffe
0028
ffc3
fff0
fff0
fff0
fff0
fff0
fff0
ffea
00cc
fff9
0008
0024
0010
ffcf
fff0
ffef
fff0
fff0
ffef
ffee
ffcc
fff0
fff0
fff0
fff0
fff0
ffef
ffe6
0003
0007
0011
0034
ffcb
fff0
fff0
fff0
fff0
fff0
fff0
ffe8
00c9
0009
0000
0015
00c6
ffd8
ffef
ffef
fff1
ffef
fff0
ffed
ffcc
fff0
fff0
ffef
ffef
ffef
fff1
ffc8
005e
fffe
000a
0032
ffce
fff0
fff0
fff0
fff0
fff0
fff0
ffe8
00cc
0009
0002
0076
00b1
ffe9
fff1
ffef
fff0
fff0
fff0
ffee
ffcc
fff0
fff0
fff0
fff0
fff0
fff0
ffd9
000c
001f
ffff
001c
ffb7
ffda
ffdb
ffd8
ffd9
ffd9
ffd9
ffda
00a9
000a
fff7
0069
ffea
fff1
ffef
fff1
fff1
fff0
fff0
ffed
ffcd
fff0
fff1
fff0
fff1
ffef
fff0
fff0
ffdd
00c1
fffe
fffe
ffee
0065
0047
0042
002e
0024
0071
0072
0073
0001
00a0
ffcb
fff0
fff0
fff1
fff0
ffef
fff0
fff0
ffed
ffcc
fff0
ffef
ffef
fff1
fff0
fff0
fff1
fff0
fff8
ffff
fff3
0018
0036
0082
0078
005e
007a
0061
0004
fffc
ffff
00c3
ffe9
fff0
fff0
fff0
fff0
fff0
fff0
fff0
ffed
ffcd
fff0
fff1
ffef
ffef
fff0
fff0
fff0
fff2
ffcc
006e
fffb
001c
fff8
fffd
0048
002d
002f
fffa
fffe
fffb
0031
ffc6
fff0
fff1
fff0
fff0
fff0
fff0
ffef
fff0
ffed
ffcd
fff0
fff0
ffef
fff1
fff0
fff1
fff1
ffea
ffe8
0058
fff5
fff9
000e
0001
fff8
0000
fff9
000c
fffa
fff9
00d5
ffcd
fff0
fff0
fff0
ffef
ffef
fff0
fff0
fff1
ffed
ffcc
fff0
ffef
fff0
fff1
fff0
fff0
ffea
ffe0
ffdb
fff4
002e
fff5
fffa
0001
fffb
fff6
0022
ffff
fff7
0002
0081
ffbb
ffef
fff0
fff1
fff0
ffef
fff1
fff0
fff0
ffed
ffcd
fff0
fff0
fff0
ffef
ffec
ffed
ffc0
fff6
006d
ffb0
0016
002d
fff7
fff8
fff7
fff3
fff5
fff5
0014
fffd
0060
0101
ffdc
ffc7
ffe1
ffed
fff2
fff0
fff1
fff0
ffed
ffcc
fff0
ffed
ffec
ffe6
ffb6
ffea
005b
fff3
0066
ffe0
0085
fff6
ffff
0011
0008
0004
0007
001d
ffff
fffa
ffef
0055
ffe4
0002
0061
ffec
ffbf
ffd2
ffe8
fff2
ffed
ffc7
ffec
ffcd
ffc0
005e
0015
ffed
ffef
fff1
0039
fff5
ffd2
0083
fffa
fffd
fffe
fffd
fff9
0007
fff8
00fc
ffc8
0000
fff1
fff0
ffee
ffee
fff4
0041
0040
ffc2
ffd7
ff85
fff6
0059
fff4
ffef
fff4
fff1
fff0
fff1
0022
fff0
fff1
fffc
000d
fffe
fffd
fffe
ffff
fffe
0098
ffdd
fff1
fff1
fff5
fff0
fff0
ffef
fff1
ffef
ffee
ffec
0067
0013
fff0
fff0
fff1
fff1
ffee
fff1
fff1
fff1
fff5
fff6
fff3
ffe0
0063
0003
fffe
fffe
0012
0043
ffff
ffe8
fff0
ffe3
fff9
ffef
fff1
fff0
fff2
fff1
fff0
ffef
fff1
0002
fff0
fff1
fff0
fff2
fff1
fff1
fff1
fff1
ffec
fff9
fffa
ffbb
ffd8
0057
001d
0018
0003
0072
ffaf
ffce
fff2
ffde
fff6
fff3
fff0
ffef
fff0
ffef
fff1
fff2
fff4
003f
fff7
fff7
fff6
fff5
fff7
fff7
fff5
fff7
0086
ffef
ffb9
01d7
00b5
ffde
0022
000a
0009
ffd0
020e
012c
ffe3
ffdf
fffa
fff5
fff7
fffa
fff5
fffb
fff6
fff7
fff3
ff25
ff1b
ff1b
ff1c
ff1c
ff1b
ff1c
ff1b
ff1d
ff1b
ff1b
ff1c
ff1b
ff1c
ff1c
ff1c
ff1b
ff1c
ff1c
ff1c
ff1b
ff1b
ff1b
ff1c
ff1c
ff1c
ff1b
ff1c
ff1b
ff1c
ff1c
ff0d
ff19
ff1c
ff1c
ff1c
ff1c
ff1b
ff1c
ff1c
ff1c
ff1c
ff1c
ff1c
ff1c
ff1c
ff1c
ff1c
ff1c
ff1c
ff1c
ff1b
ff1c
ff1c
ff1c
ff1c
ff1d
ff1c
ff1b
ff1c
ff1c
ff1c
ff1c
ff00
ff19
ff1c
ff1c
ff1c
ff1c
ff1c
ff1c
ff1c
ff1c
ff1b
ff1c
ff1c
ff1b
ff19
ff18
ff18
ff1a
ff1d
ff1b
ff1b
ff1c
ff1c
ff1c
ff1c
ff1c
ff1c
ff1c
ff1c
ff1b
ff1c
ff1c
ff00
ff18
ff1c
ff1d
ff1c
ff1c
ff1c
ff1b
ff1c
ff1c
ff19
ff19
ff0f
ff24
ff63
ff96
ffb6
ffb8
ffa0
ff5c
ff23
ff1b
ff1d
ff1d
ff1c
ff1d
ff1b
ff1c
ff1c
ff1c
ff1c
ff1c
ff00
ff19
ff1b
ff1c
ff1d
ff1c
ff1b
ff1c
ff1c
ff0f
ff21
ff78
ffbc
007c
0130
010f
00f0
0131
015f
013a
ffef
ff72
ff1d
ff1d
ff1c
ff1c
ff1c
ff1c
ff1c
ff1c
ff1c
ff1b
ff00
ff18
ff1b
ff1c
ff1c
ff1c
ff1c
ff1c
ff10
ff20
ffed
011f
0149
0130
0126
0135
0163
018c
0188
015e
017b
00b5
ff63
ff27
ff1a
ff1b
ff1d
ff1c
ff1c
ff1c
ff1d
ff1c
ff00
ff19
ff1c
ff1d
ff1c
ff1c
ff1d
ff17
ff0d
ffe5
011e
010e
0131
014e
0185
0179
0156
0161
0144
00f1
00cc
0125
010d
000c
ff83
ff3b
ff19
ff1c
ff1d
ff1c
ff1d
ff1c
ff00
ff18
ff1c
ff1c
ff1b
ff1c
ff1c
ff07
ff85
00d6
00b2
010e
00d9
013b
014f
0125
00fd
010b
00a1
fff1
fff4
00b0
00de
01a6
014f
001b
ff60
ff19
ff1c
ff1c
ff1c
ff1d
ff00
ff18
ff1c
ff1c
ff1c
ff1c
ff1c
fef5
00a5
010e
00d5
0103
00bc
00a8
00e2
009c
0058
0003
ffc1
ffbb
ffcf
ffd9
ffe7
015a
0144
0172
007a
ff28
ff1c
ff1c
ff1c
ff1c
ff00
ff18
ff1c
ff1c
ff1c
ff1c
ff1c
fef9
0188
0141
0155
0120
00d8
00ee
00e6
0137
001c
ffc0
ff8f
ff8f
ff9e
ffb9
ffc3
00a6
0147
00ad
0192
ff5b
ff1b
ff1c
ff1c
ff1c
ff00
ff18
ff1c
ff1c
ff1c
ff1b
ff1c
ff01
0157
00d5
0147
0172
0126
003c
00b9
fff1
ffa5
ff7a
ff7f
ff8f
ffa0
ffb7
ffc7
001b
013b
005c
0198
ffb0
ff1c
ff1c
ff1c
ff1c
ff00
ff18
ff1c
ff1c
ff1c
ff1c
ff1c
ff06
ffe8
0167
0160
00b9
ffdc
ffa9
ffd0
ff5d
ff5b
ff5c
ff58
ff6f
ff83
ffa7
ffce
ffe6
0113
0084
01bb
ffb8
ff1a
ff1b
ff1c
ff1d
ff01
ff18
ff1d
ff1c
ff1c
ff1c
ff1c
ff0e
ff29
0163
0037
ffeb
ffd8
ff1f
ff15
ff13
ff14
ff15
ff12
ff12
ff08
ffc8
ffd4
ffd1
00d5
0101
0110
ff3b
ff1c
ff1c
ff1c
ff1c
ff00
ff18
ff1c
ff1d
ff1c
ff1c
ff1c
ff13
ff42
011f
ffb2
ffb2
ffb6
ff10
ff1a
ff1a
ff1a
ff1a
ff1a
ff1a
feff
ffad
ffbe
ffc4
00a2
01a1
ff7b
ff14
ff1c
ff1c
ff1c
ff1c
ff00
ff18
ff1b
ff1c
ff1c
ff1d
ff1c
ff0f
ff8f
008a
ffac
ffca
ffed
ff13
ff1a
ff1a
ff1a
ff1a
ff1a
ff1a
ff01
ffe1
ffd0
ffaa
0070
00c1
ff1d
ff1c
ff1c
ff1c
ff1c
ff1b
ff00
ff18
ff1c
ff1d
ff1c
ff1c
ff1c
ff0c
ff8f
fff5
ffaa
ffa1
ffab
ff0f
ff1a
ff1a
ff1a
ff1a
ff1a
ff1a
ff06
ffae
ff98
ffa1
ffff
ffd5
ff29
ff1c
ff1c
ff1c
ff1c
ff1c
ff01
ff18
ff1c
ff1c
ff1c
ff1b
ff1c
ff0f
ff63
ffac
ffa4
ff7e
ff84
ff10
ff1a
ff1a
ff1a
ff1a
ff1a
ff1a
ff0b
ff7f
ff7f
ffa6
ffdf
ff9f
ff1b
ff1c
ff1b
ff1c
ff1c
ff1c
ff01
ff18
ff1c
ff1c
ff1b
ff1c
ff1c
ff15
ff36
ffb0
ffaa
ff82
ff76
ff11
ff1a
ff1a
ff1a
ff1a
ff1a
ff1a
ff0d
ff7a
ff8b
ffac
ffda
ffac
ff13
ff1c
ff1c
ff1c
ff1c
ff1b
ff00
ff18
ff1c
ff1c
ff1c
ff1c
ff1c
ff19
ff1c
ffac
ffb2
ff89
ff7a
ff12
ff1a
ff1a
ff1a
ff1a
ff1a
ff1a
ff0d
ff7d
ff92
ffbb
ffd8
ff7f
ff18
ff1d
ff1c
ff1c
ff1c
ff1c
ff00
ff19
ff1b
ff1c
ff1c
ff1c
ff1c
ff1b
ff13
ff4c
ffbf
ff9b
ff8f
ff12
ff15
ff14
ff13
ff13
ff11
ff16
ff09
ff85
ff9a
ffd1
ff71
ff25
ff1c
ff1c
ff1c
ff1c
ff1c
ff1c
ff00
ff19
ff1b
ff1c
ff1c
ff1d
ff1c
ff1c
ff1c
ff09
ffb0
ffab
ff96
ffb1
ffc6
ffb4
ffaa
ffb4
ffb9
ffd1
ffa2
ff9e
ffa9
ffdf
ff12
ff1c
ff1c
ff1c
ff1c
ff1c
ff1d
ff1c
ff00
ff18
ff1c
ff1c
ff1c
ff1c
ff1c
ff1b
ff1d
ff10
ff56
ffba
ff8a
ffac
ffc1
ffb4
ff90
ff95
ffc5
ffd7
ffa4
ff93
ffca
ff92
ff17
ff1c
ff1c
ff1c
ff1c
ff1c
ff1c
ff1c
ff00
ff18
ff1c
ff1d
ff1c
ff1c
ff1b
ff1c
ff1c
ff1a
ff0d
ffbb
ffab
ff98
ff9e
ffa0
ffab
ffa7
ffa4
ff99
ff98
ffa6
ffef
ff1f
ff1c
ff1c
ff1c
ff1c
ff1c
ff1b
ff1c
ff1d
ff00
ff19
ff1c
ff1b
ff1c
ff1c
ff1c
ff1c
ff1c
ff15
ff0a
ffc2
ffd0
ffa6
ff9b
ff85
ff71
ff78
ff84
ff98
ffa5
ffd0
0035
ff13
ff1c
ff1c
ff1c
ff1c
ff1c
ff1c
ff1b
ff1c
ff00
ff18
ff1b
ff1c
ff1d
ff1c
ff1c
ff1c
ff12
ff13
ffbf
ffa4
ffe5
ffd2
ffad
ff9a
ff86
ff81
ff9a
ffa6
ffd9
fffc
ffe6
ff6f
ff1c
ff1b
ff1c
ff1c
ff1c
ff1c
ff1c
ff1b
ff01
ff19
ff1c
ff1c
ff1c
ff1b
ff12
ff11
ff3a
ffcb
00e1
ff38
ffbd
ffde
ffd9
ffc9
ffbe
ffbc
ffc6
ffe3
fffe
ffdb
ffae
0034
ffa6
ff4a
ff22
ff1c
ff1a
ff1c
ff1c
ff1c
ff00
ff18
ff1c
ff17
ff0f
ff21
ff6b
ffcd
000e
0044
0041
ff30
ff7b
ffb5
ffd4
ffee
fffa
fffc
fff8
ffec
ffcc
ffc6
ff4f
fff0
00a1
007c
ffee
ffab
ff64
ff39
ff20
ff19
ff00
ff0d
ff12
ff45
ffa8
0007
0067
001a
0024
004d
ffe9
ff3c
ff23
ffa1
ffa3
ffb8
ffc5
ffc6
ffc2
ffb9
ffac
ffa9
ff19
ffca
0094
008c
005b
0059
0059
001e
ffd4
ff7a
ff29
ff70
ffe3
005e
0052
0041
0033
0019
0020
0062
ffcd
ff3d
ff1d
ff51
ff9e
ff9d
ffa2
ffa5
ffa5
ffa1
ffa9
ff2c
ff32
ffa3
00a5
008b
007c
0052
0046
0033
003e
005f
0000
0045
004a
0049
0047
0043
001e
0024
0028
0077
ffb1
ff44
ff2c
ff12
ff7d
ff9c
ff9a
ff99
ff9e
ffa3
ff51
ff1a
ff39
ff84
0086
008c
0081
004f
0056
0047
002f
002f
007f
004b
0042
004c
0048
003a
0035
002d
0024
007e
ffc6
ff42
ff1d
ff47
ff92
ff85
ff95
ff90
ff8f
ff60
ff65
ff2e
ff3d
ff80
0059
0085
0075
0049
0048
0052
004a
0053
008e
0042
004c
004d
004c
0033
003c
0039
0053
007b
fffb
ff34
ff4e
00b5
ffbf
ff5e
ff72
ff6e
ff5b
ff8c
00fd
ffde
ff49
ff91
005e
0067
006d
0067
005b
007d
0059
0060
008c
ffef
fff9
fff9
fff9
fffa
fff9
fff9
fff9
fff9
fff9
fff9
fffa
fff9
fff9
fff9
fff9
fff9
fffa
fff9
fff9
fff9
fff9
fff9
fff9
fffa
fffa
fff9
fff9
fff9
fffa
fff9
ffae
fff5
fff5
fff6
fff5
fff4
fff5
fff5
fff6
fff5
fff6
fff5
fff6
fff5
fff5
fff5
fff5
fff6
fff5
fff5
fff5
fff6
fff5
fff5
fff5
fff6
fff5
fff5
fff6
fff5
fff6
fff5
ffa8
fff5
fff5
fff5
fff5
fff5
fff5
fff5
fff6
fff5
fff6
fff6
fff5
fff3
ffe4
ffd7
ffd4
ffdc
ffee
fff5
fff5
fff5
fff5
fff5
fff5
fff5
fff5
fff5
fff5
fff5
fff6
fff5
ffa8
fff6
fff5
fff5
fff5
fff6
fff5
fff5
fff5
fff6
ffec
ffdb
ffba
ffc9
ffea
fff1
ffef
ffe8
ffe9
ffbd
ffda
fff4
fff4
fff5
fff6
fff5
fff5
fff6
fff5
fff5
fff5
fff5
ffa8
fff5
fff5
fff6
fff5
fff5
fff5
fff5
fff5
ffc8
ffd4
ffed
ffe6
ffc0
ffb5
ffb4
ffb7
ffb2
ffb5
ffc4
ffd9
ffcb
fff1
fff5
fff6
fff5
fff6
fff5
fff4
fff4
fff5
fff5
ffa8
fff6
fff5
fff5
fff5
fff5
fff5
fff6
ffca
ffdb
ffcd
ffb3
ffad
ffa9
ffb5
ffbb
ffb1
ffb3
ffb0
ffb3
ffba
ffd6
ffaf
ffd1
ffef
fff4
fff5
fff4
fff5
fff4
fff5
fff5
ffa8
fff5
fff6
fff5
fff5
fff4
fff5
ffe5
ffcf
ffd7
ffac
ffbb
ffae
ffb3
ffb0
ffaf
ffb4
ffad
ffbf
ffbd
ffb0
ffbf
ffc5
ffce
ffc4
ffd8
fff5
fff6
fff4
fff6
fff5
fff5
ffa9
fff6
fff5
fff5
fff5
fff5
fff5
ffa3
0005
ffad
ffb4
ffb3
ffbe
ffb9
ffb8
ffb8
ffc0
ffcc
ffc1
ffc2
ffce
ffbe
ffb6
ffb1
ffbe
ffdc
ffcc
fff6
fff5
fff5
fff5
fff5
ffa8
fff7
fff5
fff5
fff5
fff5
fff6
ff9b
ffb6
ffb9
ffb3
ffb8
ffad
ffbb
ffab
ffc2
ffba
ffd4
ffd0
ffc2
ffc3
ffc8
ffb6
ffb6
ffaf
ffc6
ffcf
ffea
fff5
fff6
fff5
fff5
ffa8
fff6
fff6
fff5
fff6
fff5
fff6
ffd0
ffab
ffb3
ffb0
ffb4
ffbc
ffc2
ffbc
ffd1
ffd6
ffc4
ffd4
ffd3
ffca
ffc2
ffb8
ffb7
ffb3
ffb5
ffe5
ffd0
fff5
fff5
fff5
fff5
ffa9
fff6
fff5
fff6
fff5
fff5
fff6
ffe0
ffb5
ffac
ffb9
ffc2
ffbc
ffb3
ffeb
ffc3
ffd4
ffe0
ffd8
ffd6
ffd0
ffcd
ffc1
ffbb
ffb9
ffaa
ffdd
ffb6
fff5
fff5
fff5
fff5
ffa7
fff5
fff5
fff6
fff5
fff5
fff5
ffc0
ffdc
ffbd
ffd0
ffb3
ffe3
0074
ffe0
fffd
fffb
fffa
fff9
0021
ffdc
ffc6
ffc0
ffb7
ffb9
ffad
fffa
ffae
fff6
fff6
fff5
fff4
ffa8
fff6
fff5
fff6
fff5
fff5
fff5
ffe8
0034
ffc4
ffbe
ffd6
00d4
ffe6
fff6
fff1
fff1
fff1
fff0
ffef
ff93
ffcf
ffcd
ffb9
ffad
ffe4
ffce
ffe8
fff5
fff5
fff5
fff6
ffa8
fff7
fff6
fff5
fff6
fff5
fff6
ffc7
0051
ffb7
ffcc
ffca
00ca
fff8
fff5
fff5
fff5
fff5
fff5
fff5
ff8e
ffd0
ffc9
ffbd
ffbc
fffb
ffc9
fffa
fff6
fff6
fff6
fff5
ffa8
fff6
fff5
fff5
fff5
fff5
fff6
ffae
ffd8
ffba
ffcd
ffdf
00e6
fff1
fff5
fff5
fff5
fff5
fff5
fff5
ff89
ffe4
ffc5
ffbc
ffca
0036
fff1
fff5
fff5
fff5
fff5
fff6
ffa7
fff6
fff5
fff5
fff6
fff5
fff5
ffb3
ffdd
ffc0
ffd2
ffd1
00d4
fff5
fff5
fff5
fff5
fff5
fff5
fff5
ff9f
ffd2
ffd1
ffc4
ffcf
0097
ffe2
fff6
fff4
fff5
fff6
fff5
ffa7
fff7
fff6
fff6
fff5
fff5
fff6
ffc3
fff5
ffd2
ffd6
ffda
00be
fff3
fff5
fff5
fff5
fff5
fff5
fff5
ffa9
ffd9
ffd4
ffc6
ffc1
0030
ffeb
fff5
fff5
fff5
fff6
fff5
ffa7
fff6
fff5
fff5
fff6
fff6
fff5
ffe3
0087
ffcf
ffd4
ffd7
0083
fff2
fff5
fff5
fff5
fff5
fff5
fff5
ffa9
ffd9
ffd0
ffc4
ffd3
ffc1
fff5
fff5
fff6
fff5
fff5
fff5
ffa8
fff6
fff5
fff5
fff5
fff5
fff6
fff2
00a1
ffd6
ffd0
ffd7
008a
fff2
fff5
fff5
fff5
fff5
fff5
fff5
ffa5
ffd9
ffd0
ffd6
fff2
ffb5
fff6
fff5
fff5
fff5
fff5
fff5
ffa8
fff5
fff5
fff5
fff5
fff5
fff5
fff6
ffeb
ffc4
ffce
ffd0
0000
ffb2
ffba
ffc1
ffbc
ffba
ffb1
ffb8
ff8a
ffd4
ffc8
fff5
ffd1
ffe2
fff5
fff5
fff4
fff4
fff5
fff5
ffa8
fff5
fff5
fff5
fff5
fff5
fff6
fff5
fff5
ffb8
ffe7
ffd6
ffd5
ffed
ffd0
fff1
ffe6
ffe5
ffc4
ffd5
ffc4
ffc9
ffd4
ffbd
fff9
fff5
fff5
fff5
fff5
fff6
fff5
fff5
ffa8
fff6
fff6
fff5
fff6
fff6
fff5
fff5
fff4
ffdc
0025
ffd4
ffc4
ffc0
ffd7
ffc0
ffc3
ffcf
ffd2
ffbd
ffc7
ffca
0050
ffb0
fff8
fff5
fff6
fff5
fff6
fff5
fff5
fff5
ffa8
fff5
fff6
fff5
fff5
fff5
fff5
fff5
fff5
fff6
ffba
ffd9
ffce
ffce
ffd0
ffd4
ffd5
ffce
ffc4
ffd0
ffcb
ffc6
fff8
ffef
fff5
fff5
fff6
fff5
fff5
fff5
fff6
fff5
ffa8
fff6
fff6
fff5
fff5
fff5
fff5
fff5
fff5
ffde
ffc6
ffeb
ffc6
ffcb
ffd5
ffce
ffd9
ffcf
ffd8
ffca
ffc5
ffc8
ffb7
fff4
fff5
fff5
fff5
fff6
fff5
fff5
fff5
fff5
ffa8
fff6
fff5
fff5
fff4
fff5
fff5
fff6
ffd3
ffc6
007c
ffec
ffce
ffc2
ffcc
ffcd
ffd3
ffd3
ffc7
ffc0
ffcb
ffc5
ffa5
ffb3
ffed
fff6
fff5
fff5
fff5
fff5
fff5
fff5
ffa9
fff5
fff5
fff5
fff5
fff4
ffd4
ffb0
fff3
ffd8
ffca
ffdc
ffcd
ffcd
ffc3
ffc2
ffc5
ffc6
ffc2
ffca
ffc3
ffeb
ff60
ffdf
ffd6
ffbe
ffc7
ffea
fff6
fff5
fff5
fff6
ffa8
fff6
fff6
ffe5
ffb2
ffd6
001b
ffd7
ffb5
ffcd
ffb4
ffc6
fffd
ffca
ffcb
ffc9
ffcc
ffcc
ffc4
ffc7
ffc4
005c
ff9b
ffd4
ffbd
ffc6
ffd4
ffea
ffd9
ffbc
ffdc
fff4
ffa8
ffcb
ffb6
fff8
fff2
ffbb
ffb3
ffc3
ffc1
ffdb
ffb4
ffee
ffda
ffdf
ffcf
ffcd
ffcc
ffcb
ffd0
ffc7
fffa
ffae
ffd2
ffdc
ffba
ffbc
ffbc
ffbe
ffc0
ffca
ffe2
ffdc
ff87
0000
ffd0
ffb1
ffbb
ffc1
ffbc
ffc0
ffc0
ffeb
ffb3
fff5
ffdb
fff5
ffd2
ffd0
ffd0
ffce
ffd1
ffe6
ffde
ffd7
ffdd
ffe5
ffba
ffbb
ffbd
ffbd
ffbd
ffbe
ffbe
ffc4
ffdc
ffbd
ffbd
ffbe
ffbd
ffbd
ffbf
ffbf
ffbf
fff0
ffb4
fff3
fff0
ffc4
fff1
ffd1
ffd3
ffd3
ffd9
ffec
ffd0
ffef
ffe7
ffe8
ffbc
ffbb
ffbd
ffbc
ffbe
ffbd
ffbd
ffbe
ffe2
ffbf
ffbd
ffbe
ffc0
ffbd
ffbf
ffbe
ffbd
ffda
ffac
fff3
ffa1
014a
ffb9
ffe6
ffd9
ffdc
ffe5
ffa7
ffe0
ffc9
ffe1
fff2
ffbc
ffbd
ffbc
ffbc
ffbd
ffbd
ffbd
ffbd
ffe3
ffd9
ffda
ffd8
ffd8
ffda
ffd9
ffd9
ffdd
ffdf
ff9d
ffb8
00cc
0069
ffa4
ffb5
ffca
ffc7
ffc3
0086
0001
ffc5
ffbe
002f
ffdb
ffd9
ffdb
ffda
ffe1
ffd7
ffdc
ffda
fff2
fffd
0000
0003
0003
0000
0002
0002
0000
0006
0001
0003
0001
0002
0003
0002
0002
0002
0000
0004
0004
0003
0001
0002
0002
0004
0000
0002
0000
0003
0000
0001
ffff
0012
003e
0039
003c
003c
003b
003a
003a
0038
003b
003b
0038
003e
0039
003a
003c
0038
003d
0039
003c
0038
003d
0038
003c
0039
003c
0039
003b
003a
003b
003a
003d
0018
003a
003a
003a
003a
003a
003d
003b
003b
003b
003a
0038
003b
006a
0066
0043
0019
ffff
0030
003a
003b
0039
003b
003a
003b
0038
003d
003b
003a
003c
0039
003f
0011
003b
003e
003a
003a
003a
003a
003c
0037
004c
006e
00c1
0074
0044
0039
008c
00c6
00dd
0048
ffe1
000d
0034
003b
003b
003a
003a
003a
0039
0039
003b
003b
003d
0017
003a
0038
003c
003a
003b
003b
0038
0098
00a0
0056
0010
0071
00b5
00d2
00af
0095
008e
00c8
0191
fff5
fffc
0037
003a
003b
003a
0039
003d
003a
0038
003c
003c
0014
003c
0039
003a
0039
0039
003b
0082
005e
001f
009e
00a6
00b9
00b8
0082
0096
0095
009d
007c
007c
0195
0083
ffeb
fffd
002e
003a
003d
0037
003e
003b
0039
003e
0015
0039
003e
0039
003e
003d
004b
00c5
0018
00b0
0092
00aa
00ac
009e
009c
0084
0098
0026
fffb
002a
0053
00fb
018d
00a5
ffe9
0000
003a
003f
0039
003d
0039
003a
0013
003b
003a
003b
0039
003b
007e
0008
00a4
0096
00b7
006e
008c
008d
008e
003e
fffe
fff0
ffec
ffe7
fff6
0041
00bd
00d2
01a4
fff2
0004
0039
003b
003a
003e
003c
0013
0038
003b
003c
003a
003a
007d
00a7
009e
0088
0064
007d
0088
00b7
005f
ffff
ffdb
ffcc
ffc4
ffcd
ffd0
ffdf
00b1
009c
00b0
0165
fff2
003d
003a
003c
0039
003f
0014
0038
003b
003a
0039
003a
001e
00a6
008e
00c0
007e
005c
0054
007f
fff9
ffe4
ffde
ffcb
ffc7
ffc3
ffd6
ffd5
0032
00ae
007f
010f
0025
0034
0039
0039
003c
003b
0014
003c
0038
0039
003b
003a
ffe5
0115
009f
0066
0000
fffa
fff0
ffe4
ffe7
ffdc
ffcb
ffcc
ffc5
ffc6
ffcf
ffdb
fff6
00ce
008c
00c9
0082
0035
003a
003b
003c
003c
0014
003b
003a
003b
003a
003b
fff3
00dc
00a5
0007
000d
ffde
ffcf
fffa
ffec
ffe9
ffed
ffe6
ffdb
ffe3
ffe3
ffd6
ffe6
0095
00a6
0029
0110
0040
003a
0039
003c
003e
0013
003a
003a
003a
003a
003a
0049
ffeb
0003
ffef
ffe4
ffef
006c
0040
005f
005f
005d
0063
0068
0023
fff4
fff0
ffe6
0089
003e
004f
00aa
0039
003f
003a
003a
003d
0013
0039
003d
003a
003a
0039
004a
ffe0
0050
ffd8
ffe4
ffee
ffee
003a
003a
003a
003a
003a
003a
001c
ffdb
ffc1
ffdb
006c
0012
00ae
0037
0039
0038
003b
003a
003d
0016
003a
0037
003b
0038
003c
0008
ffd1
003b
ffca
ffd0
fff1
0075
003a
003a
003a
003a
003a
003a
0018
ffe8
ffe2
ffd7
fff6
fff4
fffb
003a
003c
003a
003a
003b
003b
0012
003b
003d
003b
003a
003b
fff7
ffcd
fff7
ffcb
ffc7
ffd8
001d
003a
003a
003a
003a
003a
003a
ffff
ffce
ffcf
ffd4
ffd7
ffdc
002c
003a
003d
0038
003a
003a
003d
0013
0039
003a
0038
003b
0039
001b
ffe9
ffd7
ffd0
ffca
ffd3
002a
003a
003a
003a
003a
003a
003a
000b
ffd4
ffc9
ffd4
ffe3
ffd2
0046
003d
0038
003b
0039
0039
003e
0014
003a
003a
003b
003a
003b
002e
ffe1
ffdd
ffd3
ffd0
ffda
0028
003a
003a
003a
003a
003a
003a
000a
ffd3
ffcf
ffd8
ffdd
ffee
0054
0039
003b
003b
003b
003a
003d
0012
003a
0039
003d
0039
003a
003f
ffd8
ffe9
ffda
ffd1
ffd9
0011
003a
003a
003a
003a
003a
003a
0008
ffd1
ffcd
ffd7
ffdd
006c
0045
003c
0039
0039
003a
003d
003e
0016
003a
003b
0038
003d
003d
003a
fffd
ffe8
fff6
ffcd
ffdc
0035
fffa
fffd
ffff
000d
0028
fff9
ffeb
ffc7
ffd0
ffd3
0009
0086
003a
0039
003e
003e
0039
0038
003e
0015
003a
003d
003b
003a
003a
003b
003a
fff8
fffc
ffd0
ffc5
ffde
ffdb
ffc5
ffca
ffd1
ffd4
ffe2
ffc3
ffc6
ffd3
fff6
006d
003a
003c
003b
0038
003a
003d
003a
003d
0013
003b
0039
003c
0039
0039
003a
003c
002f
ffdc
ffdf
ffc9
ffc4
ffd8
ffdb
ffcb
ffbb
ffc6
ffdc
ffde
ffcb
ffce
0095
003c
0039
0038
003b
003a
003a
003c
0038
003c
0014
0039
003a
003c
003a
003a
003b
0039
003b
ffea
000b
ffcc
ffcc
ffc1
ffc8
ffd9
ffdb
ffd4
ffcd
ffcf
ffd3
ffe7
003a
0039
003c
003a
003b
003b
003a
0038
003c
003e
0016
0039
003c
0036
003b
003b
003b
003b
0057
00ab
ffd9
ffe9
ffc5
ffce
ffcd
ffcf
ffd4
ffc4
ffca
ffd6
ffe0
007e
fffd
003b
003b
0039
0039
003a
003a
003a
003b
003e
0014
003a
003b
003e
003c
003a
0039
0084
0094
ffe9
fff2
ffec
fff5
ffcd
ffd6
ffd2
ffce
ffcb
ffda
ffe0
ffe4
fffe
0160
ffe9
0037
003e
003a
003c
003b
0039
003a
003c
0015
003c
0038
003b
003c
009f
00ba
0008
0019
00ca
ffe7
ffe8
ffe3
0000
ffeb
ffe8
ffe2
ffe4
ffe1
ffdf
ffd9
0063
013b
018a
0042
fff5
fff5
0023
003b
003c
003a
003c
0014
003b
005d
00ed
005e
0007
0038
00e6
00b1
0104
0080
ffe9
ffc4
ffcf
ffe5
ffe8
ffe5
ffe3
ffd9
ffd5
ffc2
008e
00ab
0092
00de
014f
0140
009f
0022
ffec
fffe
003f
0094
00a4
002d
fffa
00b2
00e1
00b0
00b4
00b4
00fa
009f
ffe7
fffa
ffc5
ffcb
ffcf
ffd1
ffce
ffd3
ffc4
0055
0092
009a
00af
00aa
00b6
00af
00b4
0104
0173
00fd
fff9
0092
0040
00ea
00bc
00ae
00bd
00b1
00b7
00b2
0100
0095
0063
ffe1
ffdd
ffca
ffca
ffcc
ffcb
ffc6
ffeb
00ad
0074
006a
00c0
00aa
00b2
00b3
00b9
00b2
00aa
009f
0115
00ce
00b2
00b5
00b9
00b4
00b3
00b6
00bc
00c3
00d8
009e
006a
0046
ffe4
ffcd
ffcb
ffca
ffca
ffd6
00b1
0073
0074
0069
00bd
00ba
00b3
00b4
00be
00ba
00b6
00b1
00ae
00c2
00b7
00b4
00af
00b7
00b2
00b8
00be
00c2
00f1
0089
0139
ffee
ffe7
ffe5
ffd0
ffd0
ffd9
0104
0094
ffda
0076
007c
00a8
00ba
00c2
00b4
00b3
00ae
00bb
00b7
00b3
0093
00aa
00ac
00b4
00a4
00a7
00a9
00a8
00b2
021b
0073
ffd2
ffe8
00ea
0053
ffed
ffee
0019
ffd8
ffdc
017f
0028
ffee
00a7
00a7
00aa
00af
00a4
00b6
00a6
00b0
00ba
fff0
0185
018b
0186
0187
018a
0185
0187
0182
0183
0187
0188
0184
0188
0186
0186
0187
0185
0183
0183
0189
0186
0189
0184
0186
0186
0189
0185
0188
0187
0187
02ba
ffbe
fff0
ffef
fff0
fff0
fff1
ffef
fff0
fff0
fff0
fff0
fff0
fff0
fff0
fff0
fff0
fff0
fff0
fff0
fff0
fff0
fff0
fff0
fff0
fff0
fff0
fff0
fff0
fff0
fff0
fff0
011d
ffbf
ffef
fff0
fff1
fff0
ffef
fff0
fff0
fff1
fff1
fff0
ffef
fff3
000f
000c
fff3
ffe4
ffd8
ffea
fff0
fff1
fff1
fff0
fff1
fff0
fff0
fff0
fff0
fff1
fff0
fff0
011f
ffbf
fff0
fff0
ffef
fff0
fff0
fff0
fff1
ffef
fff9
002a
0114
0116
ffdf
ffa9
ff8b
ff8f
ff97
ff92
ff9d
ffdc
ffeb
ffef
fff0
fff0
fff0
fff1
fff0
fff0
fff1
fff0
011a
ffbe
fff0
fff0
fff0
fff0
fff1
fff0
ffef
00d7
01dd
ffe5
ff73
ff18
ff2e
ff5a
ff77
ff6c
ff54
ff3a
ff2f
ff3f
ffc6
ffed
fff0
fff1
fff0
fff0
fff1
ffef
fff0
fff0
011f
ffbf
fff1
fff0
fff0
ffef
fff0
fff0
00b6
0216
ff5b
ff36
ff61
ff7a
ff7f
ff78
ff6e
ff65
ff62
ff64
ff63
ff5e
ff79
ffa2
ffcf
ffec
fff0
fff1
ffef
fff0
ffef
fff0
011f
ffbf
fff0
ffef
ffef
fff0
ffef
0007
02af
ff59
ff5d
ff82
ff7c
ff70
ff61
ff67
ff6e
ff6c
ff57
ff60
ff85
ff87
ff4e
ff2c
ff6d
ff82
ffd4
fff1
ffef
ffef
fff0
ffef
011b
ffbf
fff0
ffef
fff0
fff0
fff0
01ab
ffe4
ff61
ff86
ff76
ff7c
ff7a
ff68
ff6e
ff6d
ff5d
ff5a
ffa4
ffa7
ff66
ff9d
ff68
ff4b
ff35
ff41
ffd7
fff0
fff0
fff1
ffef
011f
ffbf
fff0
fff0
fff0
fff0
fff0
028f
ff9b
ff6f
ff6d
ff5f
ff7e
ff87
ff81
ff77
ff6d
ff58
ff9b
ff9e
ff9d
ffa9
ffbc
ff98
ff63
ff6f
ff0c
ff8d
fff0
fff1
fff0
fff0
011f
ffbf
fff0
fff0
fff0
fff0
fff0
0262
ff77
ff6e
ff73
ff6e
ff70
ff67
ff7b
ff26
ff46
ff95
ffb5
ffa8
ff9e
ff98
ffb1
ffa9
ff65
ff88
ff3b
ff58
ffef
fff0
fff1
ffef
011b
ffbf
fff0
fff0
ffef
fff0
fff0
018b
ffb7
ff84
ff6b
ff3a
ff3e
ff88
ff44
ff75
ffc2
ffb9
ffad
ffa9
ff99
ffa3
ff97
ffa6
ff79
ff8d
ff4f
ff33
ffeb
fff0
fff0
fff0
011c
ffc0
fff0
fff1
fff0
fff0
fff0
fffe
00fd
ff76
ff3b
ff63
ff78
ff76
ffa6
ffef
ffd4
ffcb
ffcf
ffc1
ffe0
ffdb
ff8a
ffaa
ff89
ff88
ff08
ff6d
fff3
fff0
fff1
ffef
011c
ffbf
fff0
fff1
fff0
fff0
fff0
000f
026c
ff38
ff80
ff83
ff44
ffed
012d
005f
004c
0051
0059
007d
01cd
ffc9
ff89
ffac
ff9d
ff46
fef0
0059
fff0
fff0
ffef
fff0
011d
ffbf
fff1
fff0
fff0
fff0
fff0
007b
0089
ff3f
ffa1
ffc0
ff77
ffbf
fff1
fff1
fff1
fff1
fff1
fff1
011d
ffdd
ff87
ffb0
ff98
fed9
ffcf
002c
fff0
fff0
ffef
ffef
011f
ffbf
fff1
fff0
fff0
ffef
ffef
00ae
ffd5
ff6b
ff8c
ff6e
ff21
ffb9
fff1
fff1
fff1
fff1
fff1
fff1
00f4
ff91
ff65
ffbe
ff8a
ff2b
ffd8
fff0
fff0
fff0
fff0
fff1
011c
ffbf
fff0
ffef
fff0
fff0
fff0
003b
ffd1
ff8d
ff76
ff97
ff85
ffe5
fff1
fff1
fff1
fff1
fff1
fff1
007f
ffb4
ffc6
ffb9
ff5d
ff66
ffd0
fff0
fff1
fff0
fff0
fff0
011c
ffbf
fff0
fff1
ffef
fff0
fff0
0009
fff5
ffae
ff7f
ff9c
ff8d
ffe6
fff1
fff1
fff1
fff1
fff1
fff1
0063
ffcd
ffb8
ffab
ff6e
ff71
ffeb
fff0
fff0
ffef
fff0
fff0
011b
ffbf
fff1
fff0
fff0
fff0
fff0
fff5
0039
ff97
ff79
ff93
ff8f
ffe5
fff1
fff1
fff1
fff1
fff1
fff1
005a
ffcc
ffad
ffa7
ff68
ff5d
fffd
ffef
fff0
fff0
fff0
fff0
011d
ffbf
fff0
fff0
ffef
ffef
fff0
fff2
fff8
ffc4
ff80
ff96
ff87
ffd8
fff1
fff1
fff1
fff1
fff1
fff1
006d
ffcb
ffa9
ff8e
ff49
ffb6
fff8
fff0
fff0
fff0
fff1
fff0
011d
ffbe
fff1
fff0
fff1
fff0
fff0
fff0
ffe0
0096
ffac
ff85
ff8b
fffa
ffe2
ffe7
ffed
fff4
fffa
ffe1
fff6
ffa4
ffa7
ff36
ffb3
004d
fff0
fff0
fff0
fff0
fff0
fff0
0118
ffbf
fff0
fff1
fff0
ffef
ffef
fff0
fff0
003a
ffdf
ff79
ffa3
ff7f
ff3e
ff3f
ff60
ff60
ff57
ff26
ff37
ff83
ff96
ff35
0019
fff0
fff0
ffef
fff0
fff0
ffef
fff0
011f
ffbf
fff0
ffef
fff0
fff0
fff0
fff1
ffef
fff4
0036
ff93
ff8e
ff9d
ff95
ff93
ffb6
ffb5
ff80
ff67
ff98
ffaa
ff4c
ff9f
fffc
fff0
fff0
fff0
fff0
fff0
fff1
fff0
011e
ffbf
fff0
fff1
fff0
fff0
fff1
fff0
fff0
fff1
0053
ffd8
ff73
ff88
ff8e
ff90
ff84
ff75
ff9d
ffaa
ffa8
ffa5
ff20
ffea
fff0
fff0
fff0
fff1
fff0
fff0
fff0
ffef
011e
ffbe
fff0
fff1
fff0
fff0
fff0
fff0
ffef
0029
01f9
ff83
ff6f
ff73
ff8b
ff98
ffbc
ffcc
ffb4
ffa3
ffad
ff83
ff2b
ffcc
fff0
fff0
fff0
fff0
fff0
fff0
fff0
fff1
011d
ffbf
fff1
fff0
ffef
fff0
fff1
fff0
007c
0238
ff14
ff99
ff98
ff72
ff7a
ff92
ff9a
ffa4
ff99
ffad
ff74
ff4a
ff9f
ffa0
ffae
ffee
fff0
fff1
fff0
fff0
fff0
fff1
011b
ffbf
fff0
fff0
fff0
fff2
008a
014d
0042
ff5c
ff06
ffe7
ffc9
ff9c
ff83
ff7f
ff85
ff82
ff7f
ff5d
ff4d
ff7b
ffc8
ffd3
ff78
ffb6
ffb9
ffc2
ffe6
fff0
fff0
fff0
011e
ffbf
fff0
000f
014a
010e
ffcd
ff51
ff3b
ff7d
ff44
ffe5
fff7
ff9b
ff9a
ff7a
ff65
ff5d
ff5d
ff69
ff91
ff51
00e8
ffdf
ff77
ff43
ff44
ff89
ffb8
ffbc
ffb1
ffd5
011f
fff6
0175
0019
ff7e
ff24
ff58
ff96
ff8e
ff79
ff5c
ffe5
ffec
ffd3
ff9a
ff9e
ff9f
ff9d
ff97
ff95
ff7c
ff91
0166
fff4
ff86
ff81
ff87
ff85
ff67
ff43
ff61
ffa1
ffd9
ffe1
ff38
ff37
ff81
ff8d
ff8f
ff92
ff93
ff6e
ff6c
ffe7
ffea
fffd
ffb0
ff98
ff9b
ff9a
ff97
ff8d
ff5e
009d
0070
001d
ff8c
ff83
ff83
ff89
ff8a
ff8b
ff8a
ff77
ff33
ff9a
ff8e
ff8d
ff8b
ff89
ff91
ff8f
ff91
ff69
ff78
ffe3
ffe3
0036
ffdb
ff9b
ff97
ff96
ff90
ff60
fff7
0058
0032
0050
ff95
ff85
ff82
ff8b
ff8b
ff8b
ff8e
ff8e
ff67
ffa5
ff8d
ff8c
ff8a
ff8f
ff8c
ff8f
ff97
ff7b
ff5b
ffdf
019a
fff4
ff3f
ffb9
ff9c
ff99
ff8d
01f0
ffbd
ffa0
0009
0054
ff8e
ff89
ff89
ff8b
ff8f
ff8a
ff8c
ff88
ff66
ff90
ff8d
ff8e
ff8d
ff8f
ff8e
ff92
ff8a
ff87
ff8e
fffa
ffd5
ff16
ffbb
ffba
ffbc
ffb7
0003
ff9d
ff3f
ff56
ffdf
ffc3
ff89
ff8b
ff8c
ff8a
ff8d
ff87
ff8c
ff8c
ff75
0121
ffea
ffea
ffea
ffea
ffeb
ffea
ffeb
ffeb
ffeb
ffeb
ffeb
ffeb
ffea
ffeb
ffeb
ffeb
ffec
ffeb
ffeb
ffea
ffeb
ffeb
ffeb
ffeb
ffeb
ffeb
ffeb
ffeb
ffea
ffeb
ffe4
0165
ffec
ffec
ffeb
ffec
ffeb
ffeb
ffeb
ffec
ffec
ffeb
ffec
ffec
ffeb
ffeb
ffeb
ffec
ffec
ffeb
ffec
ffec
ffec
ffec
ffeb
ffec
ffec
ffeb
ffeb
ffeb
ffec
ffec
ffe8
0163
ffec
ffec
ffeb
ffeb
ffec
ffec
ffeb
ffec
ffec
ffeb
ffec
ffec
ffec
ffec
ffed
ffee
ffed
ffec
ffeb
ffeb
ffeb
ffeb
ffeb
ffeb
ffec
ffec
ffec
ffec
ffeb
ffec
ffe8
0166
ffeb
ffeb
ffeb
ffeb
ffec
ffeb
ffeb
ffec
ffed
ffec
ffee
ffeb
ffe6
0023
007a
0065
fffc
ffee
fff6
ffed
ffeb
ffeb
ffeb
ffeb
ffeb
ffeb
ffec
ffeb
ffeb
ffec
ffe8
0163
ffeb
ffec
ffec
ffec
ffeb
ffeb
ffec
ffee
ffea
fff2
00ab
024a
02d3
02f8
02d0
02d9
02e1
02bd
0190
0040
fff9
ffed
ffec
ffec
ffeb
ffec
ffeb
ffeb
ffec
ffec
ffe7
0162
ffeb
ffec
ffec
ffec
ffeb
ffec
ffee
fff2
0147
02cb
0321
0330
0303
02f2
031f
0339
033d
0330
02f5
01e6
00af
fff7
ffef
ffec
ffeb
ffec
ffec
ffec
ffeb
ffeb
ffe8
0163
ffec
ffec
ffec
ffec
ffeb
ffed
fff1
016f
02eb
02e7
02fa
0311
033e
0340
032c
032b
0325
030b
02f3
030b
02d7
01bc
005b
fff7
fff0
ffec
ffec
ffec
ffec
ffec
ffe9
0165
ffec
ffec
ffec
ffec
ffeb
ffeb
012b
02a0
02ce
02f1
02ec
0313
032d
031a
02f6
02f4
02d8
0245
0226
02ca
0351
02f6
02d9
018f
0050
fff0
ffec
ffec
ffec
ffec
ffe8
0166
ffec
ffec
ffeb
ffeb
ffeb
fff5
00aa
02f1
0301
02e7
030c
02f8
02df
02ab
028d
025b
0204
01c8
023f
0227
02a3
02cb
032c
02df
0178
009b
ffeb
ffeb
ffec
ffec
ffe8
0166
ffec
ffec
ffeb
ffec
ffeb
00b5
0128
0325
031e
02de
02c5
02e5
02d0
02a3
027a
01c1
0132
0111
015e
0179
01ed
027e
0303
0315
0218
015c
ffeb
ffec
ffec
ffec
ffe8
0165
ffec
ffec
ffed
ffec
ffeb
015b
0181
02ec
02e9
0314
02f1
02f6
02c8
027d
0151
010e
0104
0124
0158
0192
01ea
028c
02c6
02da
0241
0124
fff1
ffec
ffec
ffeb
ffe8
0165
ffeb
ffec
ffeb
ffeb
ffeb
0063
015b
0314
031d
02cb
01f6
01d2
0152
00fd
0086
0083
008f
00bc
010d
0155
01c8
027e
02a8
02ee
0291
012d
fff0
ffec
ffeb
ffeb
ffe8
0165
ffeb
ffec
ffeb
ffeb
ffeb
ffed
018a
026b
02ca
020a
0242
0173
ffea
ffef
ffee
ffee
fff0
fff1
ffe8
004f
01f1
0237
025c
02ef
0288
00e3
ffeb
ffec
ffec
ffec
ffe8
0166
ffec
ffec
ffec
ffeb
ffeb
ffeb
01ea
01c2
0216
015e
0116
0103
ffeb
ffeb
ffeb
ffeb
ffeb
ffeb
ffeb
fff0
019c
0234
0278
0316
0176
fff4
ffeb
ffec
ffed
ffec
ffe8
0166
ffec
ffec
ffec
ffec
ffec
ffeb
0114
012b
01bd
01ef
02b6
01de
ffeb
ffeb
ffeb
ffeb
ffeb
ffeb
ffe4
003a
0200
01bd
0224
01f1
0111
ffeb
ffec
ffec
ffed
ffec
ffe8
0168
ffec
ffeb
ffec
ffec
ffeb
fff3
0073
00f2
019c
0169
016a
0105
ffeb
ffeb
ffeb
ffeb
ffeb
ffeb
ffe8
fffe
0154
017d
01ef
01dc
00d6
ffeb
ffeb
ffeb
ffeb
ffec
ffe8
0165
ffec
ffeb
ffec
ffec
ffeb
ffea
002b
0127
0152
00fa
00dd
00a6
ffeb
ffeb
ffeb
ffeb
ffeb
ffeb
ffea
fff0
0100
0166
014f
0163
00a8
ffeb
ffec
ffec
ffec
ffec
ffe8
0166
ffec
ffec
ffec
ffec
ffec
ffea
007f
0169
015f
00f7
00b2
006d
ffeb
ffeb
ffeb
ffeb
ffeb
ffeb
ffe9
fff7
010f
017d
011f
00ce
0038
ffeb
ffec
ffec
ffec
ffeb
ffe8
0165
ffec
ffec
ffec
ffed
ffec
ffeb
00b5
0158
0162
00fd
00a9
006b
ffeb
ffeb
ffeb
ffeb
ffeb
ffeb
ffe9
fff9
011b
0196
016a
0054
fff0
ffeb
ffec
ffec
ffeb
ffeb
ffe8
0164
ffec
ffeb
ffec
ffeb
ffeb
ffec
0020
0121
00f6
012f
0105
0099
ffea
ffe9
ffe9
ffe8
ffe9
ffea
ffe6
fffc
0140
0199
01c6
0001
ffec
ffec
ffeb
ffeb
ffeb
ffec
ffe8
0163
ffeb
ffeb
ffeb
ffeb
ffec
ffec
ffeb
0016
0037
0158
0128
0130
0162
010c
00e4
00d7
0140
0141
012e
0108
0165
0106
009c
ffec
ffeb
ffeb
ffec
ffec
ffec
ffec
ffe7
0165
ffeb
ffec
ffec
ffeb
ffeb
ffeb
ffeb
ffe8
00b1
015b
0144
0158
01d2
0190
0145
0157
01c1
0209
0189
0152
019a
0095
fff0
ffeb
ffec
ffec
ffeb
ffeb
ffeb
ffec
ffe8
0165
ffeb
ffeb
ffec
ffec
ffec
ffeb
ffeb
ffeb
009f
00a9
015c
012f
013e
0161
0184
0192
0172
0136
0129
0173
019b
0101
ffeb
ffeb
ffec
ffec
ffec
ffec
ffec
ffec
ffe8
0164
ffec
ffec
ffec
ffec
ffeb
ffeb
ffeb
ffec
ffed
0059
01a8
0170
0127
00f9
00e4
00ca
00e2
012e
0172
01d0
00fb
00cb
ffeb
ffeb
ffec
ffec
ffec
ffec
ffec
ffeb
ffe8
0163
ffec
ffec
ffeb
ffec
ffeb
ffeb
ffed
ffeb
010d
02aa
01e3
01ac
0172
0115
00dd
00d9
011f
0167
01ca
024e
019f
001c
fff3
ffeb
ffeb
ffeb
ffeb
ffeb
ffeb
ffeb
ffe8
0163
ffeb
ffec
ffeb
ffeb
ffec
ffef
ffe8
0172
0195
0256
0153
01ed
01d7
01ad
0184
0180
01a2
0202
0249
0207
011f
004c
009f
fff0
fff4
fff0
ffed
ffeb
ffeb
ffeb
ffe8
0165
ffeb
ffec
ffed
ffed
ffed
0122
0283
0269
0111
0078
009a
01ad
01ea
0241
024f
0254
025b
023f
01d8
01dc
0132
0109
0274
0280
01f8
008e
fff0
ffef
fff4
ffef
ffe7
016b
fff0
ffe3
0061
0253
0293
0266
0267
0280
00f3
002b
00ba
00d5
017b
01a5
01c1
01c6
01ba
01a5
0168
011b
00b0
015e
0298
029e
028c
0264
025e
024f
0167
fffd
ffeb
010d
019c
02a8
027a
0279
0262
0260
0266
0282
010e
0010
fff8
0083
0127
014b
0155
015d
015b
0142
0172
0062
000c
0199
027e
02a9
0294
0289
0277
0270
026d
0256
0233
01c9
027d
027c
027c
0279
0271
0263
0265
028a
0120
fffd
fff6
0010
0099
013a
0131
013b
0143
0157
006f
fff7
0024
01b8
0257
02a1
0296
028f
027b
027b
0273
026f
0279
0198
027c
027c
027e
0272
026f
026b
0267
028f
00f5
fffd
fffa
ffee
009b
00f5
0124
0134
012f
00ce
ffd5
ffff
002e
01bb
025b
029b
0296
0285
027a
027f
0282
027c
0284
019a
0269
026a
025d
0268
0266
025f
0266
027b
00a8
0050
0073
022b
017b
008b
00ba
00e4
00b3
0167
01d7
012d
008a
01c9
0264
027a
027e
027a
0272
026d
0277
0273
0281
ffc0
fff6
fff4
fff7
fff5
fff5
fff6
fff6
fff6
fff6
fff5
fff6
fff5
fff4
fff8
fff5
fff6
fff5
fff6
fff5
fff5
fff5
fff5
fff7
fff5
fff5
fff6
fff6
fff5
fff5
fff5
ffd2
fff3
fffc
ffff
fffe
fffe
fffe
fffd
fffe
ffff
fffd
ffff
ffff
ffff
fffe
fffe
fffe
fffe
ffff
0000
fffe
ffff
ffff
ffff
fffe
fffe
fffd
ffff
fffe
fffe
fffe
ffff
ffe6
fff3
0003
fffd
fffe
fffe
ffff
fffd
ffff
fffe
fffe
fffe
ffff
0012
000a
fffb
fff9
fffc
fffb
ffff
ffff
fffd
fffe
fffe
fffd
ffff
ffff
ffff
fffe
fffe
ffff
ffff
ffe5
fff4
fffc
fffe
ffff
fffe
fffe
fffe
fffd
ffff
0032
0003
ffec
ffad
0008
0000
003e
fffc
008a
00c4
fffb
0001
0007
fffe
fffe
fffd
fffe
fffe
ffff
fffe
fffd
fffe
ffe8
fff4
fffe
ffff
fffd
fffe
ffff
fffe
ffff
0089
ffa1
ffe9
012e
0116
fff4
0017
fff8
0012
fffc
fff9
ffff
0083
fffc
ffff
ffff
fffe
ffff
fffe
fffe
fffe
ffff
fffe
ffe5
fff4
fffe
ffff
ffff
fffe
fffe
fffd
00bb
ff7c
018a
00bb
fff9
fff2
fff7
000c
000e
0002
fffd
0015
fff0
fffa
0031
fff2
0007
0004
fffd
fffe
ffff
fffc
ffff
fffe
ffe5
fff2
fffe
fffd
ffff
fffc
ffff
007e
ff4f
02b9
0007
ffdf
0017
0030
fffe
fffa
0019
fffe
001d
fffa
fff7
ffe3
fff9
002a
0051
000b
0016
fffe
fffd
0000
fffc
fffe
ffe7
fff3
ffff
ffff
fffe
ffff
fffd
ffe3
028f
ffd3
fff5
001d
fffd
fff5
fffe
0000
fffc
001b
fff2
ffe1
fff4
0107
ffe5
fff3
fff2
0019
008f
001a
ffff
fffd
fffe
ffff
ffe6
fff4
ffff
fffd
ffff
fffe
fffe
ffaa
0108
0068
ffff
004a
ffec
fffe
001b
0006
ffee
00ac
ffe7
0008
fffe
ffe2
001d
fff8
fffc
fff3
fffa
fff1
ffff
fffe
0000
fffd
ffe6
fff4
ffff
fffe
fffd
fffe
fffe
ffcc
0006
0001
ffff
ffeb
0063
0052
ffe3
0088
00ae
ffc1
fffb
0002
0014
fffd
fff8
002d
0013
0000
0028
005e
fffe
ffff
fffe
fffd
ffe7
fff3
fffe
ffff
ffff
fffe
fffe
00c4
fffc
ffe7
0030
0003
006f
ffde
0145
ffb8
ffdb
0020
fffd
fffd
fffd
fff7
000d
001e
fff7
fff5
fffd
005f
fffa
fffd
0000
ffff
ffe6
fff3
ffff
fffe
ffff
fffe
fffe
0005
ffc9
0003
00ac
ffea
ff9c
007a
ffe7
fff9
fffc
fffe
fff8
fff5
0159
fff9
0005
003b
0049
ffef
007e
ffc3
0006
ffff
fffc
fffe
ffe6
fff3
fffe
fffd
ffff
fffe
fffe
0056
ffc0
018b
ffb5
0069
00eb
ffbe
001c
0023
0010
000a
001a
000a
ffd9
013f
fff8
ffec
fffe
ffe2
01c1
ffad
0000
fffe
ffff
fffd
ffe6
fff3
fffe
ffff
fffe
fffe
fffe
004b
0156
fff1
0028
ffc4
ffdd
0097
fffe
fffe
fffe
fffe
fffe
fffe
002d
ffd4
002c
002f
0035
0205
ff76
005d
fffe
fffe
fffe
fffe
ffe6
fff3
ffff
ffff
fffe
ffff
fffe
ffea
00d5
fffc
ffef
0117
0102
ffdb
fffe
fffe
fffe
fffe
fffe
fffe
ffe2
0092
0002
ffe1
00c7
ffcb
003f
ffff
fffe
0002
ffff
fffe
ffe6
fff4
fffd
ffff
fffd
fffe
fffe
ffff
fff4
ffd3
0022
fff9
0022
003f
fffe
fffe
fffe
fffe
fffe
fffe
fff3
fff9
ffe7
fffc
00e7
ffca
0048
fffe
fffd
fffe
fffe
ffff
ffe6
fff3
fffe
fffd
ffff
fffe
fffe
fff0
ffeb
ffee
fffa
fffc
0017
003b
fffe
fffe
fffe
fffe
fffe
fffe
fffd
ffeb
fffd
0008
0046
008f
fffb
fffe
0000
fffd
fffe
fffe
ffe6
fff4
ffff
ffff
fffd
fffd
fffe
fff7
ffe3
0048
fffa
0004
0002
0037
fffe
fffe
fffe
fffe
fffe
fffe
ffff
ffef
0004
000b
ffe9
00f2
0025
0000
fffe
fffd
ffff
ffff
ffe6
fff3
fffe
ffff
ffff
ffff
ffff
fffa
0021
0026
fffe
fffe
fff3
002d
fffe
fffe
fffe
fffe
fffe
fffe
0002
fff2
fffe
fff9
ffec
fff0
0016
fffe
ffff
ffff
fffd
fffe
ffe5
fff4
fffe
ffff
fffe
fffd
fffe
ffff
008a
002a
fffc
0000
012d
fff8
fffe
fffc
0010
fffe
fffb
0002
ffcc
fffd
fffc
0181
ffd8
ffe5
ffff
fffd
fffe
ffff
fffe
fffe
ffe7
fff2
fffe
fffc
ffff
ffff
ffff
fffe
ffff
fffe
ffe6
ffff
ffe0
0135
ffe2
ffff
ffef
005a
fffc
ffff
0008
ffe0
ffe6
019e
0009
fffe
fffd
fffe
fffe
fffe
fffe
fffe
ffe5
fff3
ffff
0001
fffd
fffe
fffe
fffe
fffe
fff8
ffec
fff9
0032
fff8
0052
ffee
0000
ffe1
00aa
fffe
ffe4
fff8
002f
ffbc
0033
ffff
ffff
fffe
fffe
fffe
fffe
ffff
ffe6
fff3
fffe
fffd
0000
fffe
fffe
0000
fffe
ffff
00c8
fff7
ffff
0000
000f
0003
000c
0065
fff8
fff1
fff1
fffd
01bc
ffdd
fffe
fffe
fffe
fffe
fffe
ffff
ffff
fffe
ffe5
fff4
fffe
fffe
ffff
fffd
ffff
fffd
fffd
00bc
ff5a
00ea
fffe
0012
fffe
0015
0009
fff1
ffff
fffd
fff6
0006
0034
0035
fffe
ffff
fffe
0001
ffff
fffe
fffe
fffd
ffe8
fff4
fffe
ffff
fffe
fffe
fffe
fffe
00b8
ff5c
0451
ff96
fff5
fffb
0011
fff3
0006
fffb
fffd
ffec
0086
00b3
0014
0087
003d
ffff
fffe
fffd
ffff
fffe
fffe
fffe
ffe7
fff2
ffff
ffff
fffd
000c
0049
ffc0
ffb7
0298
0070
00c6
fffe
fff2
fffc
0002
fff8
001a
000f
00bc
0053
ffb9
fff3
ffde
fff7
0096
fff8
fffe
0000
ffff
fffe
fffe
ffe6
fff2
ffff
0057
ffe9
ff9c
0038
01cb
004d
fff0
fffd
ffec
ffea
000b
fffd
fffa
0015
0022
0039
fff6
ffed
0117
ffab
fff9
fff3
0034
ffe6
ffee
00c5
0050
fff3
0016
ffe8
0010
ffa8
ffc5
01c3
010e
fff7
fff8
0000
0005
ffed
fffc
0039
fffa
0014
fffe
fff9
fffa
fffc
ffff
ffcb
008a
002b
fffe
fffe
fffe
fffe
fffb
0006
fffd
ffe0
009e
ffcb
0025
01e8
0003
fff1
0002
fff4
0002
fffe
000a
ffee
0008
fffc
fff9
ffff
fffe
0000
fffe
fffa
ffd2
01ea
ffcc
fff5
fffe
0000
fffd
ffff
fffe
fffd
ffff
fffb
fffb
0037
0068
fffa
fffe
fffe
0011
fffb
fffe
0003
0053
ffe8
000e
fffc
fffb
fff2
0002
ffff
fffc
ffef
0168
ffd1
001d
ffff
fffe
fffe
fffd
ffff
fffd
ffff
fffd
fffc
0000
0038
0015
fffe
ffff
0009
fff6
0000
ffff
fff7
0080
000a
fffe
ffe4
ffce
00fa
0000
ffff
fffb
0108
ff79
0199
0025
001f
001e
fffd
ffff
fffd
fffe
ffff
0003
fffb
0000
0029
003a
0009
ffff
0012
000e
0001
fffa
003b
0000
fffc
ffc8
fff3
00c3
fff6
0026
fffb
004a
ffa6
01c4
ffb9
010a
ffe0
00bc
0003
000a
0002
0001
fffc
000e
0015
fffe
00e8
0013
001c
001d
001c
001d
001c
001d
001c
001d
001c
001d
001d
001d
001c
001c
001d
001c
001c
001d
001c
001d
001c
001c
001c
001d
001c
001c
001c
001c
001d
001c
0024
0021
0027
0026
0027
0026
0027
0026
0026
0026
0027
0026
0026
0027
0026
0027
0026
0026
0026
0026
0026
0026
0026
0026
0027
0026
0027
0027
0026
0026
0026
0026
001f
0021
0026
0027
0026
0027
0026
0026
0027
0026
0026
0027
0026
0024
0023
0027
0026
0023
0025
0023
0026
0026
0026
0026
0026
0027
0026
0027
0026
0026
0026
0026
001f
0021
0027
0026
0026
0027
0026
0026
0026
0026
0021
0024
001f
0033
0031
0021
001b
001b
0017
001f
0019
0022
0025
0026
0027
0026
0026
0026
0026
0026
0027
0026
001f
0021
0026
0026
0027
0026
0026
0027
0027
000b
0045
002d
0030
0009
0013
000e
001a
0017
0022
0025
003f
0026
0017
0025
0027
0026
0026
0027
0026
0026
0026
0027
001f
0021
0026
0026
0026
0026
0027
0027
0009
006b
0003
0008
0014
000c
0012
000e
000c
0013
0011
0029
004a
0041
002e
001c
001b
0025
0027
0026
0026
0027
0026
0026
001f
0021
0027
0027
0026
0027
0026
0017
0069
ffff
0006
001d
0007
0013
000d
0015
001b
0022
0016
008c
00bb
00a0
0044
001b
001f
0019
0018
0027
0026
0026
0027
0026
001f
0021
0026
0026
0027
0026
0027
0011
0042
0006
0014
0006
001f
000d
0012
000e
002b
0054
00a5
012b
0127
009e
00c3
0044
001e
0020
0015
0019
0026
0027
0027
0026
001f
0021
0026
0027
0026
0026
0026
0030
0019
0016
0017
0006
0043
002c
0005
0007
004d
0099
0170
0180
0183
0174
0184
0090
001b
0014
002d
0007
0027
0027
0026
0027
001f
0021
0026
0026
0027
0026
0026
0035
0015
000e
0015
0036
0042
002c
0029
0022
00c8
014f
0190
01b0
01d0
01a1
01c2
00da
001d
0002
0015
001e
0024
0026
0027
0026
001f
0021
0026
0026
0026
0027
0026
0017
0026
0018
0006
0047
0083
00fa
00ac
00f8
0167
0173
0179
019f
01d3
01b5
019e
0125
0037
0000
0014
001e
0026
0026
0026
0027
001f
0021
0027
0027
0026
0026
0026
0037
001c
001b
000d
0087
0140
0117
00dd
010c
00f7
00fd
00ed
0121
0114
0165
014e
0172
0073
001b
0026
0021
0029
0026
0027
0026
001f
0021
0026
0027
0026
0026
0026
0015
0040
fffc
00d3
0109
0162
008f
0036
0032
0031
0033
002f
0033
fffa
00b6
012e
0185
008b
0041
fffd
004f
0026
0027
0026
0027
001f
0021
0027
0026
0026
0027
0027
fffe
0069
0005
0126
0172
01d8
0052
0026
0026
0026
0026
0026
0026
ffe9
0112
0168
0199
00b0
0043
0044
002b
0026
0027
0026
0026
001f
0021
0026
0026
0027
0026
0027
ffee
014b
008e
016b
0184
0171
007b
0026
0026
0026
0026
0026
0026
fff3
00a9
015f
01d7
008a
013d
00b7
0025
0027
0026
0027
0027
001f
0021
0027
0026
0027
0026
0028
ffeb
015e
010b
016d
0187
0214
00a2
0026
0026
0026
0026
0026
0026
ffea
00f3
0191
01c3
00c5
0219
00c5
0025
0026
0026
0027
0026
001f
0021
0026
0027
0026
0027
0027
fff9
00c0
0135
0164
0186
021c
009f
0026
0026
0026
0026
0026
0026
ffe9
010b
018d
019e
010a
01f2
0081
0026
0026
0027
0026
0026
001f
0021
0026
0026
0027
0026
0026
000e
0066
013f
015a
0183
0207
0091
0026
0026
0026
0026
0026
0026
ffe9
010b
018f
0186
012d
01a2
004d
0026
0027
0026
0026
0026
001f
0021
0026
0026
0027
0026
0027
0023
0022
0126
0144
017c
021a
008e
0026
0026
0026
0026
0026
0026
ffe7
011a
0199
017e
015e
011f
002a
0025
0026
0026
0026
0027
001f
0021
0026
0026
0026
0027
0027
0026
0025
0015
0110
017a
01fe
00c2
0046
0052
004f
0055
0050
0040
fffa
0130
01a1
0193
00a5
005a
0025
0027
0027
0026
0026
0026
001f
0021
0027
0026
0026
0026
0027
0026
0026
fffa
00b0
016f
01c3
0157
011b
0158
016c
0173
0172
011c
0127
01b1
01bf
0135
004f
0026
0027
0026
0026
0027
0026
0026
001f
0021
0026
0026
0027
0026
0026
0027
0026
0018
001f
0156
019f
0170
0154
018c
018f
018c
01a9
015f
017a
01b4
01e9
00ac
0028
0026
0026
0027
0026
0026
0026
0026
001f
0021
0027
0026
0026
0027
0026
0026
0026
0025
fff8
00de
017f
0191
0193
01a0
017a
016f
0189
01af
01a0
01b3
0172
0060
0026
0026
0027
0026
0027
0026
0026
0026
001f
0021
0026
0026
0026
0027
0026
0026
0026
0013
0021
0058
012c
0174
019b
019e
015b
0149
019d
01bd
01b2
0150
012a
0041
0027
0026
0026
0026
0026
0027
0027
0026
001f
0021
0026
0027
0027
0026
0026
0026
0010
0060
fff7
0033
0143
011e
0156
018b
0177
016b
019f
01a8
0129
010a
011c
005b
0010
0026
0026
0026
0027
0026
0026
0026
001f
0021
0026
0026
0027
0024
001c
002c
004e
fffb
fff7
ffef
0130
015f
0127
011a
0135
0134
0137
010a
0101
01c7
0103
000f
002a
0006
0013
001d
0022
0027
0026
0026
001f
0021
0026
001c
0025
0038
0033
fffd
fffb
0003
fff5
fff4
002a
018b
0179
0147
0134
013b
012c
013f
016d
0207
0090
fffe
0017
0016
0006
0001
0007
000b
001b
001c
001f
0015
002f
0040
0018
fffd
fffd
fffe
fffe
0000
fff3
fff6
ffef
0100
0195
0182
0172
0170
0170
0177
01f9
0143
0018
fffb
0000
000a
0000
fffe
0001
0002
0009
000e
0018
006c
fffd
fffe
ffff
fffe
fffd
fffd
fffc
0004
fff1
fff5
fffa
fff9
015e
0196
0193
018a
0194
01d6
0188
0057
fffe
fff9
ffff
0000
0000
fffe
fffd
fffd
fffe
0006
0004
000d
fffe
fffe
fffd
fffd
fffe
fffd
fffc
0000
fff1
fff4
fffc
fffc
0060
0184
0195
0197
01ab
01ce
0067
000d
fffc
fffa
fffc
ffff
fffe
fffd
fffd
fffd
fffd
fffd
fffc
0005
fffd
fffd
fffd
fffd
fffe
fffd
fffc
fffb
fff8
fff3
ffee
00b4
002d
00c6
017b
018a
01b2
0093
00a9
0023
fffb
fffb
fffb
fffd
fffd
fffd
fffd
fffd
fffd
fffd
fffb
ffff
ffff
fffe
ffff
ffff
ffff
ffff
fffe
fffe
fffa
fff5
fff8
010a
00d3
fffe
00d0
0140
00ae
0001
014f
0116
fffb
fff8
fffc
fffe
fffe
ffff
ffff
fffe
fffe
ffff
fffa
0091
ffec
ffec
ffeb
ffed
ffeb
ffeb
ffec
ffec
ffed
ffec
ffee
ffec
ffeb
ffec
ffec
ffed
ffed
ffec
ffec
ffed
ffec
ffed
ffeb
ffed
ffee
ffec
ffed
ffec
ffed
ffed
ff3c
00bd
fffb
fffc
fffb
fffb
fffb
fffb
fffc
fffc
fffc
fffb
fffd
fffb
fffb
fffb
fffb
fffd
fffa
fffb
fffb
fffb
fffb
fffb
fffa
fffd
fffc
fffb
fffc
fffb
fffc
fffc
ff3e
00b7
fffb
fffb
fffb
fffb
fffb
fffb
fffc
fffc
fffc
fffc
fffc
fffa
fff3
ffeb
ffe8
ffe9
fff2
fffb
fffb
fffc
fffb
fffb
fffa
fffa
fffb
fffb
fffc
fffb
fffb
fffb
ff3e
00c1
fffb
fffa
fffb
fffd
fffc
fffb
fffc
fffc
fff4
ffeb
ffc6
ff8e
ff6c
ff75
ff6c
ff67
ff8c
ffb5
ffe2
fff6
fff7
fffb
fffc
fffb
fffb
fffc
fffb
fffb
fffc
fffa
ff3d
00b9
fffb
fffd
fffb
fffc
fffb
fffc
fffc
ffc1
ffa1
ff61
ff54
ff52
ff4f
ff44
ff40
ff3d
ff4c
ff63
ffa2
ffc3
fffd
fffa
fffd
fffb
fffb
fffb
fffb
fffa
fffc
fffc
ff3e
00ba
fffc
fffb
fffc
fffb
fffb
fffd
ffc0
ff98
ff3f
ff43
ff4d
ff3f
ff3b
ff3d
ff3a
ff3e
ff41
ff41
ff55
ff9f
ffc7
ffe1
fff4
fff9
fffb
fffb
fffc
fffa
fffb
fffb
ff3f
00bd
fffd
fffc
fffc
fffa
fffa
ffe7
ff99
ff48
ff4d
ff4d
ff32
ff39
ff41
ff3f
ff41
ff4b
ff61
ff60
ff51
ff70
ff5b
ff7d
ffb1
ffd8
fffb
fffc
fffa
fffc
fffc
fffc
ff40
00c1
fffb
fffb
fffc
fffc
fffc
ff47
ff9f
ff5c
ff48
ff49
ff54
ff57
ff50
ff55
ff5a
ff8e
ff77
ff6d
ff7b
ff67
ff63
ff42
ff53
ffa2
ffbb
fffc
fffc
fffc
fffc
fffa
ff3f
00c5
fffc
fffb
fffb
fffc
fffd
ff23
ff0e
ff4b
ff52
ff58
ff5b
ff5b
ff47
ff6b
ff75
ffa3
ffb3
ffa1
ffae
ff83
ff4f
ff48
ff40
ff71
ffae
0042
fffb
fffc
fffb
fffb
ff3e
00c4
fffc
fffc
fffd
fffc
fffd
ff8a
ff16
ff44
ff44
ff3b
ff4f
ff5e
ff66
ff6a
ffb4
ffb8
ffb7
ffb0
ff9d
ff83
ff4d
ff60
ff4a
ff4e
ffc3
ffc8
fffc
fffb
fffc
fffb
ff3f
00bf
fffb
fffd
fffd
fffc
fffd
ff98
ff2e
ff3d
ff4a
ff56
ff74
ff61
ffb5
ffb2
ffbe
ffce
ffc8
ffbe
ffa7
ffa2
ff68
ff74
ff59
ff3a
ffa5
ff7b
000b
fffb
fffa
fffa
ff3d
00bb
fffa
fffc
fffb
fffc
fffc
ff7a
ff90
ff50
ff7d
ff81
ffb5
ffd2
ffc7
ffe8
ffe7
ffe7
ffdc
ffd0
ff9d
ffa2
ff79
ff57
ff52
ff3f
ffc7
ff91
fffd
fffc
fffb
fffa
ff3e
00c3
fffc
fffc
fffb
fffc
fffc
ffde
0072
ff57
ff93
ff99
0173
00d2
fff3
fffa
fffa
fffa
fff9
fff8
ff53
ff65
ff9f
ff5c
ff4e
ff99
ffb5
0005
fffa
fffb
fffc
fffd
ff3e
00c6
fffc
fffb
fffc
fffc
fffd
ffb7
0000
ff4f
ffb3
ffa2
0136
0080
fffc
fffc
fffc
fffc
fffc
fffc
ff61
ff84
ff99
ff47
ff66
fff4
fff4
fff9
fffc
fffd
fffd
fffc
ff3d
00c2
fffb
fffc
fffc
fffc
fffd
ff97
ff67
ff3a
ffa1
ffc2
0263
00e7
fffc
fffc
fffc
fffc
fffc
fffc
ff4a
ff93
ff9d
ff50
ffb3
ffe5
0025
fffb
fffa
fffb
fffc
fffc
ff3d
00c3
fffb
fffa
fffd
fffb
fffc
ffaf
ff7a
ff82
ffb6
ffc3
00d3
0064
fffc
fffc
fffc
fffc
fffc
fffc
ff8b
ffa5
ffaa
ff73
ffb7
0008
fffa
fffc
fffb
fffb
fffd
fffb
ff3d
00c5
fffd
fffd
fffd
fffc
fffc
ffc0
ffb8
ffd1
ffc1
ffce
0075
0040
fffc
fffc
fffc
fffc
fffc
fffc
ffae
ffb0
ffaf
ff93
ff89
0040
0042
fffb
fffc
fffc
fffd
fffb
ff3d
00c0
fffc
fffd
fffd
fffd
fffc
ffe6
fff0
ffd1
ffbf
ffcd
0035
002e
fffc
fffc
fffc
fffc
fffc
fffc
ffb3
ffb2
ffaa
ff9f
ff84
ffbb
0012
fffb
fffc
fffc
fffb
fffc
ff3d
00c4
fffc
fffc
fffc
fffc
fffc
fff6
fff8
ffd4
ffb2
ffcc
004e
0034
fffc
fffc
fffc
fffc
fffc
fffc
ffac
ffac
ffa2
ffbe
ffb1
ffbf
fffa
fffb
fffb
fffb
fffb
fffb
ff3e
00b8
fffa
fffa
fffb
fffa
fffb
fffb
fff7
ffcf
ff95
ffbb
0003
fffe
ffe4
ffec
ffea
ffe8
ffe4
ffe2
ff97
ff9f
ff96
0042
004d
fff9
fffb
fffa
fff9
fffa
fffb
fffb
ff3d
00bd
fffb
fffb
fffa
fffa
fffc
fffc
fffc
ff93
ffa9
ffb9
ff91
ffb1
ffab
ffb3
ffaa
ffa6
ff9c
ffb4
ffa8
ffb5
ff9c
ffa4
003e
fffc
fffc
fffb
fffb
fffb
fffc
fffc
ff3d
00bb
fffb
fffb
fffd
fffc
fffc
fffa
fff9
ffd8
001d
ffb5
ffa1
ffa5
ffb9
ffa9
ffb4
ffa6
ffaf
ffb2
ffa4
ffa3
0013
ffc1
fffa
fffb
fffd
fffc
fffc
fffc
fffc
fffb
ff3f
00bb
fffc
fffb
fffc
fffb
fffa
fffa
fffb
fffc
ff96
ff96
ffa8
ffb2
ffbd
ffbb
ffc5
ffb8
ffbe
ffb0
ffa1
ff8a
fff6
007c
fffb
fffb
fffd
fffc
fffc
fffc
fffc
fffb
ff3e
00be
fffd
fffc
fffb
fffb
fffa
fffb
fffb
ffdf
ffbc
ff84
ff9f
ffac
ffc1
ffc0
ffcf
ffb7
ffb6
ffa1
ff91
ff87
ffad
0033
fffc
fffb
fffb
fffc
fffc
fffb
fffb
fffa
ff3e
00ba
fffb
fffb
fffa
fffb
fffb
fffc
ffdc
ff8b
ffeb
ffef
ff97
ff93
ffb1
ffae
ffb1
ffb1
ff9f
ff86
ff85
ff8a
ff6c
ff87
ffeb
fffb
fffb
fffb
fffa
fffc
fffb
fffb
ff3e
00b9
fffb
fffc
fffc
fffa
ffe7
ffac
ff86
ff6a
ffa7
ffcc
ff8a
ff92
ff87
ff91
ff8e
ff8a
ff7d
ff8b
ff93
ffb4
fee0
ff63
ff97
ffc4
ffdc
ffee
fffb
fffb
fffb
fffc
ff3e
00bd
fffb
ffec
ffc6
ff9a
ff7b
ff6d
ff6f
ff81
ff69
ffba
ffe2
ffa0
ff94
ff88
ff84
ff88
ff93
ffa5
ff96
fff8
ff63
ff7b
ff64
ff73
ff7f
ff90
ffb0
ffcc
ffea
fff6
ff3c
0041
ffac
ff7a
ff6f
ff6c
ff65
ff69
ff66
ffa4
ff74
fff7
ffc8
ffa4
ffad
ffa6
ffa0
ffa1
ffad
ffaa
ffd2
ff9f
ff84
ff9b
ff56
ff5c
ff5d
ff64
ff6e
ff7a
ff8d
ffad
ff27
ff85
ff6c
ff6a
ff63
ff68
ff61
ff66
ff66
ffc0
ff79
fff8
ffda
ffea
ffaf
ffb3
ffb1
ffb2
ffb5
ffb8
ffd8
ffe6
ffa6
ffb7
ff53
ff5a
ff5e
ff61
ff5f
ff63
ff67
ff71
ffa5
ff4b
ff60
ff62
ff61
ff62
ff65
ff62
ff62
ffd6
ff83
fff0
fff1
ffcf
ffce
ffb8
ffb8
ffba
ffb3
ffe2
fff1
ffe1
ffc2
ffc6
ff54
ff58
ff5f
ff5f
ff60
ff63
ff61
ff61
ffbe
ff4c
ff60
ff61
ff65
ff64
ff64
ff63
ff62
ffa6
ff5b
fff1
ffa2
fff2
ff8b
ffc3
ffc2
ffc5
ffdd
ffb6
ff97
ffcd
ffb6
ffd4
ff5a
ff5c
ff5f
ff5f
ff5f
ff5f
ff61
ff60
ffc4
ff5c
ff74
ff70
ff71
ff77
ff76
ff70
ff71
ff80
ff5c
ffb2
ffc8
ff96
ff81
ff95
ffb1
ffc5
ff9d
ffa3
ff6e
ff88
ffaf
ffce
ff73
ff70
ff73
ff71
ff77
ff6c
ff74
ff70
ffc2
fff8
ffac
ffac
ffad
ffac
ffac
ffad
ffab
ffac
ffac
ffac
ffac
ffad
ffac
ffac
ffac
ffac
ffab
ffad
ffac
ffac
ffac
ffab
ffac
ffad
ffac
ffad
ffac
ffac
ffac
ffac
ffa3
001c
ffc7
ffc8
ffc9
ffc7
ffc7
ffc7
ffc7
ffc8
ffc7
ffc9
ffc7
ffc9
ffc7
ffc7
ffc7
ffc7
ffc9
ffc8
ffc7
ffc8
ffc9
ffc7
ffc8
ffc7
ffc8
ffc7
ffc7
ffc8
ffc7
ffc8
ffc9
0021
ffc8
ffc7
ffc7
ffc7
ffc7
ffc7
ffc8
ffc8
ffc7
ffc8
ffc8
ffc8
ffc8
ffc2
ffbe
ffbe
ffbf
ffc6
ffc8
ffc7
ffc8
ffc7
ffc7
ffc8
ffc7
ffc8
ffc7
ffc7
ffc8
ffc8
ffc9
001d
ffc7
ffc8
ffc9
ffc7
ffc8
ffc7
ffc7
ffc7
ffc9
ffc5
ffbe
ffc3
00d1
018e
0256
02b8
0301
01ed
ffcb
ffc5
ffcb
ffc8
ffc9
ffc8
ffc7
ffc7
ffc8
ffc7
ffc7
ffc7
ffc9
0022
ffc7
ffc7
ffc8
ffc7
ffc7
ffc7
ffc7
ffcb
ffb8
00c0
0217
01d1
0190
017d
014a
0146
013f
01a5
036c
0209
ffca
ffc8
ffc8
ffc8
ffc8
ffc8
ffc7
ffc7
ffc7
ffc8
ffc9
0022
ffc7
ffc7
ffc7
ffc8
ffc7
ffc7
ffce
ffaa
00ae
0186
010a
00da
010d
0138
0131
0123
0135
0126
0110
02aa
0248
ffcd
ffc0
ffc6
ffc7
ffc8
ffc7
ffc7
ffc8
ffc8
ffc9
001e
ffc7
ffc9
ffc7
ffc7
ffc8
ffcb
ffa1
004a
0111
00cc
010e
0115
0113
0114
0106
00f7
00c4
00d3
00ab
0057
01c3
034b
029e
fffc
ffc4
ffc7
ffc8
ffc8
ffc8
ffc8
ffc9
001e
ffc8
ffc8
ffc7
ffc7
ffc7
ffbd
ffc2
00e4
00a1
00d5
00e1
00bf
00f9
00e7
00c4
00c2
00d7
00b5
00bb
0102
0071
013f
0172
033a
0202
ffc6
ffc7
ffc7
ffc7
ffc8
ffc8
001f
ffc8
ffc7
ffc8
ffc7
ffc7
ffb3
ffe5
0127
0121
00e9
00a1
008a
00df
00af
00a6
0078
0060
fff8
ffea
ffff
000a
00a4
0136
00d5
02e5
0018
ffc8
ffc7
ffc8
ffc7
ffc8
001f
ffc8
ffc8
ffc7
ffc8
ffc7
ff97
0017
00db
0119
0136
0164
0138
011c
0154
013f
0056
0000
0053
0050
0085
0066
005d
0135
0092
0188
019a
ffc6
ffc7
ffc7
ffc7
ffc8
001e
ffc7
ffc7
ffc8
ffc7
ffc7
ff86
000e
010d
00cf
0128
0115
0016
005b
0051
fff2
fff4
fff9
fffb
004b
004a
00c6
005e
0127
00db
00f1
0266
ffce
ffc8
ffc8
ffc8
ffc9
001f
ffc8
ffc7
ffc9
ffc7
ffc7
ffa9
ff72
00ed
0164
0136
0028
0031
003c
ffe2
ffe3
ffea
ffe1
ffe1
002e
001c
005a
004e
00ce
0101
00f9
01ed
ffc6
ffc8
ffc8
ffc8
ffc9
0020
ffc8
ffc8
ffc9
ffc7
ffc7
ffd2
ff56
00a2
0027
0075
008f
0034
ffb0
ffbb
ffbc
ffbc
ffbd
ffb9
ffa4
ffb4
0089
00ae
009d
00cf
018b
ffe5
ffc8
ffc8
ffc7
ffc7
ffc9
001e
ffc8
ffc8
ffc7
ffc8
ffc7
ffc8
ff7c
0117
006c
0054
00d1
004c
ffc7
ffc7
ffc7
ffc7
ffc7
ffc7
ffc6
ffc1
0048
0040
008b
018c
004e
ffc1
ffc7
ffc8
ffc7
ffc8
ffc9
001e
ffc7
ffc7
ffc7
ffc7
ffc7
ffbb
ffb1
00e4
0059
0065
0052
0084
ffc7
ffc7
ffc7
ffc7
ffc7
ffc7
ffc2
ffb3
0123
006e
0038
0175
0095
ffc6
ffc8
ffc8
ffc7
ffc8
ffc9
001d
ffc7
ffc8
ffc7
ffc8
ffc8
ffbb
ffbc
0066
0087
0001
000b
0038
ffc7
ffc7
ffc7
ffc7
ffc7
ffc7
ffc5
ffb4
fff7
004b
003a
00b1
00a2
ffc7
ffc8
ffc7
ffc7
ffc8
ffc8
001f
ffc8
ffc8
ffc7
ffc7
ffc7
ffc5
ffa6
fff5
009c
0045
000c
0008
ffc7
ffc7
ffc7
ffc7
ffc7
ffc7
ffc3
ffc3
fffb
003f
00b0
0077
0000
ffc8
ffc7
ffc7
ffc8
ffc8
ffc9
001e
ffc7
ffc7
ffc7
ffc8
ffc8
ffc9
ff8d
0039
00b0
0072
0029
fffa
ffc7
ffc7
ffc7
ffc7
ffc7
ffc7
ffc2
ffbf
000f
004d
00da
016c
ffdb
ffc8
ffc8
ffc7
ffc8
ffc7
ffc9
001f
ffc8
ffc7
ffc8
ffc7
ffc7
ffc8
ff8d
fff3
00b2
007d
006d
fffe
ffc7
ffc7
ffc7
ffc7
ffc7
ffc7
ffc1
ffc1
0023
0056
00ea
0110
ffc6
ffc8
ffc8
ffc7
ffc7
ffc8
ffc9
0021
ffc7
ffc8
ffc7
ffc8
ffc8
ffc7
ffb5
ff77
000b
009d
00ce
0031
ffbe
ffc1
ffc3
ffc3
ffc1
ffbe
ffb3
ffc4
0049
00db
ffe4
ffcc
ffc7
ffc7
ffc8
ffc8
ffc7
ffc7
ffc9
001e
ffc8
ffc7
ffc8
ffc8
ffc8
ffc8
ffc8
ffad
ffb5
00b1
0038
0119
018e
0182
019d
01a7
0157
0172
0187
0068
0066
0164
ffdd
ffc8
ffc7
ffc7
ffc7
ffc8
ffc9
ffc8
ffc9
001e
ffc8
ffc8
ffc7
ffc8
ffc8
ffc7
ffc8
ffcf
ff78
0090
00b5
ffe8
fffc
00a6
fffd
ffe1
001f
004f
0040
0032
00ad
0137
ffc4
ffc7
ffc7
ffc8
ffc7
ffc8
ffc7
ffc7
ffc9
001f
ffc7
ffc8
ffc8
ffc7
ffc7
ffc8
ffc7
ffc9
ff94
ffc7
00ec
0096
002b
001c
003f
00a5
0027
0044
005c
0079
013e
0015
ffc7
ffc7
ffc7
ffc8
ffc7
ffc7
ffc7
ffc9
ffc9
0022
ffc8
ffc8
ffc7
ffc7
ffc9
ffc7
ffc7
ffce
ffa9
ffec
0131
00c8
0087
008b
fff4
fff2
fffd
0058
0072
00b0
0217
ffea
ffc7
ffc7
ffc7
ffc8
ffc8
ffc7
ffc7
ffc7
ffc9
0022
ffc7
ffc8
ffc8
ffc7
ffc7
ffc7
ffce
ffa2
007a
ffdf
0078
0161
00c6
00cf
00a3
005f
0064
0085
00d3
011b
0136
01cc
ffc1
ffc7
ffc7
ffc7
ffc8
ffc7
ffc8
ffc7
ffc9
001d
ffc8
ffc7
ffc7
ffc8
ffca
ffb1
ffd3
0100
0177
ffbd
ffdc
0035
0133
0109
011f
0115
0108
0104
00ed
0089
0144
ffec
0345
0133
ffcd
ffba
ffc4
ffc7
ffc7
ffc7
ffc9
001e
ffc8
ffcb
ffbf
ffb2
00e4
01a6
00ea
0098
019e
ffe2
ff88
0050
000e
0081
00f0
0115
00fc
009f
0089
00b0
004e
ffbc
00c2
0127
01ee
02a9
023a
003d
ffbd
ffc1
ffca
002c
ffaa
fff4
0195
014c
00df
0088
009d
008e
01a6
ffe0
ff91
ffd4
003b
001a
0032
003d
0040
0061
0040
00e6
ffbe
ffb2
00b1
00cb
00ca
009f
00b0
012c
0247
02d0
004e
0158
017d
010f
00a9
0098
00a1
0085
0085
0082
0199
ffd1
ffd4
ff80
001d
0043
0043
0043
004c
0045
00df
ffe5
ffbb
ffa4
0098
00c1
00ca
00b5
00a8
00a0
0083
0084
01a2
0012
0098
009e
00a3
009d
0090
0097
0093
0090
0184
ffd0
ffd3
ffb1
ff92
0076
0054
0048
0045
00db
fff6
ffc4
ffbd
ffa5
004f
00c3
00be
00a7
00a4
00a4
009b
0098
0093
000d
009b
009b
00a1
0098
0099
009f
0086
0089
0218
ffce
ffc8
ffd9
017b
ffcd
0024
0017
0083
ffde
01b3
ffe2
ffbd
ffa8
0061
009c
00bc
00ac
009b
00a1
00a2
00aa
0097
0021
00bb
00c0
00c9
00ae
00b4
00b8
00d2
00b9
0286
ffcc
ffb7
013e
021a
ffeb
ffcf
fff7
ffc5
ffe4
0112
03a2
fff1
ffa2
00bf
00c9
00ba
00d4
00c9
00f6
00c4
00d1
00df
0045
fffe
fffe
ffff
ffff
ffff
ffff
fffe
fffd
fffe
fffe
fffe
fffe
fffe
fffe
fffe
fffd
ffff
fffe
fffd
fffe
fffe
fffe
fffe
ffff
ffff
ffff
fffd
fffe
ffff
ffff
fff9
002e
fffd
ffff
ffff
fffd
fffd
fffd
ffff
fffe
ffff
ffff
ffff
fffe
fffd
fffe
fffd
fffe
ffff
fffe
fffe
ffff
ffff
fffd
fffe
fffe
fffe
fffe
fffe
fffe
fffe
fffe
fff1
0037
fffe
fffd
fffe
fffe
fffd
fffd
0000
fffe
fffe
ffff
ffff
fffc
ffe1
ffb4
ff9f
ffac
ffd6
fffc
ffff
fffe
fffe
fffd
fffe
fffe
fffe
ffff
fffe
fffe
ffff
fffe
fff0
0032
fffe
ffff
fffe
ffff
fffe
fffe
fffd
fffd
fff4
ffc9
ff8d
ff99
004b
00e9
017a
0189
0142
ffb5
ff95
ffee
fffe
fffe
ffff
fffe
fffe
ffff
fffe
fffd
fffd
fffd
fff1
0038
fffe
fffe
fffd
fffe
fffe
fffd
fffd
ffd9
ffb7
008b
0097
ffae
ff9f
ff9c
ff9b
ff8b
ff89
ff9b
0012
ffd9
ffe9
fffc
ffff
fffe
ffff
fffe
fffc
fffc
fffd
fffe
fff2
0039
fffd
fffd
fffc
fffd
fffd
fffe
ffe1
ffc0
ffb4
ff96
ff71
ff6c
ff86
ff94
ff86
ff7f
ff82
ff88
ff95
ffc6
ffa1
ff7a
ffdd
fffb
fffe
fffd
fffd
fffd
fffe
fffe
fff1
0034
fffe
fffe
fffd
fffd
fffe
fff3
ffd4
ffae
ff81
ff8b
ff8f
ff80
ff77
ff7b
ff81
ff73
ff7f
ff96
ff7b
ff75
ffac
fff7
ffd8
ffaf
fff4
fffe
fffe
ffff
fffe
fffe
fff2
003d
fffe
fffe
fffe
fffd
fffe
fff1
ffa0
ff79
ff81
ff7d
ff8c
ff7f
ff83
ff89
ff92
ff9b
ffae
ffc5
ffd9
ffb0
ff7c
ff80
ff99
fff2
fff1
fff6
fffd
fffe
fffd
fffe
fff2
003b
fffe
fffe
ffff
fffe
fffe
ffe0
ff7d
ff81
ff7e
ff7a
ff6b
ff7a
ff7a
ff87
ff92
ffb3
ffb6
ff89
ff70
ff8b
ff84
ff71
ff82
ff90
ffb4
fffe
ffff
ffff
fffe
fffd
fff0
003a
ffff
fffe
fffe
fffe
fffe
ffd7
ff70
ff83
ff7a
ff92
ffa9
ffae
ffa6
ffcd
ffcb
ffba
ffd2
ffd8
ffc2
ffb3
ff9e
ff7b
ff7f
ff88
ff97
fffa
fffd
fffd
fffd
fffd
fff1
0037
fffd
fffe
fffe
fffe
fffe
ffe6
ff80
ff82
ff81
ff9c
ff95
ff75
ff95
ffa1
ffc4
ffdc
ffdc
ffd3
ffc8
ffbd
ffb0
ff8a
ff85
ff8d
ff8f
fff2
0007
fffe
fffe
fffe
fff0
0038
fffe
ffff
ffff
fffe
fffe
ffd8
ff88
ff89
ffbd
ff92
ff8f
0084
ffe7
fff6
0004
001b
0015
0062
007a
ffab
ff99
ff8d
ff7a
ff87
ff9e
fff7
fffc
fffe
fffd
fffe
fff1
003a
fffe
fffe
ffff
fffe
fffe
fff3
ffae
ff77
ff90
ffb8
ffbe
0055
fffe
fffe
fffe
fffe
fffd
fffd
0005
ffb2
ffc7
ffa7
ff6e
ff8e
ffbe
ffea
ffff
fffe
fffc
ffff
fff1
003b
ffff
fffd
fffe
fffd
ffff
fff9
ffb3
ffa1
ffbb
ffa3
ffc1
0022
ffff
ffff
ffff
ffff
ffff
ffff
ffec
ff8f
ffa8
ffa4
ff8f
ffa0
ffe8
fffb
ffff
fffe
fffd
fffe
fff1
0035
fffe
fffd
fffe
fffd
fffe
fffc
ffa3
ff9d
ffc5
ffb3
ff9d
0018
ffff
ffff
ffff
ffff
ffff
ffff
fff5
ffba
ffd1
ffb0
ff9a
ffc9
0017
fffd
fffe
fffe
fffd
fffe
fff1
0034
fffe
fffe
fffe
fffe
fffe
fffb
ffba
ffaa
ffc5
ffc6
ffd3
0019
ffff
ffff
ffff
ffff
ffff
ffff
fff9
ffbb
ffc1
ffb4
ff98
ffc9
0007
ffff
fffd
fffd
ffff
fffe
fff0
003b
ffff
ffff
fffe
fffe
ffff
fffb
ffc9
ffb3
ffd0
ffdb
ffdf
000a
ffff
ffff
ffff
ffff
ffff
ffff
fffc
ffd7
ffcc
ffb8
ffab
ffd3
000e
fffe
fffd
fffd
ffff
fffe
fff0
0037
fffe
fffd
fffe
ffff
fffe
fffb
ffe6
ffc1
ffd0
ffda
ffe3
0006
ffff
ffff
ffff
ffff
ffff
ffff
fffc
ffd4
ffcb
ffb8
ffc8
ffe7
ffff
fffe
fffe
ffff
ffff
fffe
fff1
0039
fffe
fffe
fffe
fffd
fffd
fffd
fffa
ffc6
ffc8
ffd5
ffdd
000c
ffff
ffff
ffff
ffff
ffff
ffff
fffc
ffd0
ffc8
ffbc
ffd3
fff2
fffd
ffff
fffe
fffd
fffe
fffe
fff0
0035
fffe
fffe
fffe
fffe
fffe
fffd
ffe8
ffbf
ffc5
ffd3
ffca
ff98
ff91
ffaa
ffb2
ffa5
ff8c
ff89
ffb2
ffc8
ffc2
ffb7
ffb9
fff2
fffd
fffe
fffe
fffd
fffd
fffe
fff1
0034
fffe
fffd
ffff
fffe
ffff
fffe
fffd
ffef
ffc1
ffcd
ffe8
fffa
ffe0
007f
00f1
009b
ffcc
ffd0
ffd7
ffcb
ffbc
ffd2
ffff
fffe
fffd
fffd
fffe
ffff
ffff
fffe
fff1
0036
0000
fffe
fffe
fffe
fffe
fffe
fffe
fff6
ffd7
ffc3
ffbf
ff98
ffa1
ffa1
ff85
ff91
ff98
ff92
ffb2
ffbe
ffbc
fff2
fffd
fffd
fffe
fffe
ffff
fffe
fffd
fffd
fff2
0031
ffff
ffff
fffe
fffd
fffe
fffe
fffd
fffd
ffe0
ffaa
ffc8
ffcc
ffc1
ffc8
ffd7
ffdc
ffc2
ffc8
ffc4
ffb5
ffb9
0018
fffe
fffd
ffff
fffe
fffd
fffe
fffe
ffff
fff1
003c
ffff
fffe
fffc
fffe
ffff
fffd
fffd
ffec
ffbe
ffe0
ffbf
ffc1
ffcc
ffd1
ffd1
ffd0
ffcc
ffc0
ffae
ffb6
ffb4
ffef
fffe
fffe
fffe
ffff
fffd
fffd
fffe
fffe
fff1
0039
fffe
fffe
fffe
fffd
fffe
ffff
ffdc
ffb5
ffd1
ffca
ffbf
ffcb
ffbd
ffc6
ffcd
ffcb
ffb8
ffb6
ffc3
ffb0
ffc2
ffbd
ffcb
fffe
fffe
fffe
ffff
fffe
fffe
fffe
fff2
0035
ffff
fffd
fffe
fffd
ffcc
ff71
fff0
ffc8
ffb4
ffe7
ffb0
ffb1
ffd0
ffc6
ffcd
ffcf
ffcd
ffc5
ffac
ffb5
ffc9
ffb2
00e8
ffa7
ff68
ffbc
fff9
ffff
fffd
ffff
fff1
0039
0000
ffee
ff86
ffa3
0159
ffe9
ff95
ff97
ffc4
fff0
ffd2
ffb8
ffa4
ffb0
ffc4
ffc3
ffaf
ffaa
ffb6
ffc6
ffd6
ff8c
ff92
ff98
ffea
017b
005d
ff81
ff8b
ffed
fff3
ffc7
ff70
0053
00a0
ff9d
ff91
ff99
ff99
ff98
ffd4
fff4
ffed
ffce
ffbd
ffb4
ffb2
ffb3
ffb9
ffb8
ffc9
ffdb
ffdf
ff9a
ff8c
ff8e
ff92
ff93
ff92
ffaf
008f
00ce
ff90
0119
ffc8
ff8b
ff92
ff93
ff94
ff95
ff95
ff99
ffd9
fff2
fff4
ffe4
ffd0
ffc7
ffc4
ffc1
ffc5
ffcf
ffd7
fff3
ffde
ffa5
ff8b
ff8e
ff91
ff92
ff92
ff94
ff93
ff91
ffa7
ff88
ff91
ff94
ff93
ff92
ff93
ff97
ff97
ff96
ffdb
fff2
fffc
ffd5
ffbd
ffd2
ffcd
ffcd
ffcd
ffd8
fff6
fff7
ffe1
ffa9
ff8b
ff8f
ff91
ff92
ff93
ff91
ff92
ff94
ff9a
ff8d
ff93
ff94
ff94
ff94
ff94
ff95
ff92
ff96
ffd3
fff5
ffc6
0040
0015
ffd5
ffd2
ffd5
ffcf
ffc1
fffd
ffbb
ffde
ffaa
ff8d
ff8f
ff91
ff91
ff92
ff90
ff92
ff93
ff98
ffd6
ffe5
ffe5
ffe5
ffe1
ffe2
ffe9
ffec
ffeb
ffc8
ff8a
fff9
ffc5
ffa9
ffa4
ff70
ff63
ff9b
ffd8
ffb5
ffec
ffa5
ffc1
ffeb
ffe6
ffe5
ffe7
fff2
ffed
ffe9
ffeb
ffe6
ffed
fff7
fff7
fff8
fff7
fff7
fff7
fff6
fff6
fff6
fff6
fff6
fff7
fff6
fff7
fff6
fff6
fff6
fff6
fff6
fff7
fff7
fff6
fff7
fff7
fff7
fff7
fff6
fff6
fff7
fff7
0001
ffb7
ffe9
ffeb
ffea
ffea
ffeb
ffea
ffeb
ffea
ffea
ffeb
ffea
ffea
ffeb
ffea
ffea
ffea
ffeb
ffea
ffea
ffea
ffeb
ffea
ffea
ffe9
ffea
ffea
ffea
ffea
ffea
ffea
009a
ffb8
ffeb
ffea
ffea
ffea
ffe9
ffe9
ffeb
ffea
ffeb
ffeb
ffeb
ffea
fff0
000f
0059
005a
0007
ffee
ffea
ffea
ffea
ffea
ffea
ffeb
ffe9
ffea
ffeb
ffea
ffeb
ffea
0099
ffb8
ffea
ffea
ffeb
ffea
ffea
ffeb
ffeb
ffea
ffed
fff7
0080
01cb
0309
0244
01d5
0211
02fe
0344
016b
000e
fff0
ffeb
ffec
ffea
ffeb
ffea
ffeb
ffeb
ffea
ffea
0099
ffb8
ffeb
ffea
ffe9
ffeb
ffea
ffeb
ffea
fff9
00e5
027f
0216
ffff
ffaa
ffa2
ffa5
ff96
ff6c
ff42
000d
0216
000c
ffeb
ffea
ffea
ffeb
ffeb
ffea
ffea
ffea
ffea
0098
ffb9
ffea
ffeb
ffe9
ffeb
ffeb
ffe9
fffa
00af
0141
ffc4
ff83
ff7d
ff95
ff98
ff8c
ff7b
ff79
ff78
ff4f
ff74
0223
0164
0031
ffee
ffea
ffea
ffea
ffe9
ffeb
ffeb
009b
ffb8
ffea
ffea
ffea
ffe9
ffea
fff0
002d
01aa
ff9f
ff80
ff84
ff85
ff7d
ff78
ff77
ff73
ff6c
ff62
ff5b
ff37
ff3c
fff3
0272
01ae
0005
ffe9
ffea
ffeb
ffea
ffea
0098
ffb8
ffeb
ffea
ffea
ffea
ffea
fffb
011a
ffb3
ff8a
ff8d
ff8c
ff75
ff71
ff6c
ff6d
ff61
ff57
ff70
ff93
ff8b
ff53
ff54
ff40
ffd6
01fb
ffff
ffe9
ffea
ffea
ffea
0099
ffb9
ffea
ffea
ffeb
ffea
ffea
00b0
0053
ff93
ff9e
ff88
ff79
ff87
ff83
ff8d
ff86
ff74
ff61
ff73
ff70
ff6b
ff85
ff5f
ff80
ff45
ff7a
0038
ffea
ffea
ffeb
ffea
009b
ffb9
ffea
ffeb
ffea
ffeb
ffea
00c8
ffce
ff6f
ff72
ff8a
ffa1
ff99
ff85
ff83
ff5e
ff5a
ff90
ffac
ffb0
ffa4
ffb4
ff8b
ff77
ff7b
ff30
ffe0
ffec
ffeb
ffe9
ffe9
0096
ffb9
ffea
ffe9
ffea
ffea
ffea
00ae
ff8d
ff9d
ff89
ff71
ff57
ff40
ff48
ff1b
ff45
ff79
ff8e
ff8a
ff91
ff88
ffaa
ff99
ff73
ff9f
ff56
ffa4
ffeb
ffea
ffea
ffeb
009b
ffb8
ffeb
ffeb
ffeb
ffea
ffea
010b
ff4e
ff6b
ff81
ff5e
ff62
ff72
ff2e
ff51
ff82
ff8e
ff90
ff7f
ff79
ff97
ffa2
ff9e
ff72
ff94
ff5f
ff47
ffe3
ffea
ffeb
ffea
0096
ffb9
ffea
ffeb
ffeb
ffea
ffea
005d
0050
ff8a
ff43
ff4e
ff42
ffc0
ffc0
ffe0
ffe5
ffe3
ffea
fff4
fffd
ff9b
ff84
ffa9
ff89
ff86
ff3e
ff39
ffeb
ffeb
ffea
ffea
009b
ffb9
ffea
ffea
ffea
ffeb
ffeb
fff7
00ba
ff71
ff91
ffa2
ffb0
ffdc
ffeb
ffeb
ffeb
ffeb
ffeb
ffeb
00dc
fff9
ffbf
ff96
ff84
ff60
ff26
ffd3
ffeb
ffea
ffe9
ffeb
0098
ffb9
ffeb
ffe9
ffea
ffe9
ffea
0017
005e
ff64
ff96
ff7e
ff1b
ff91
ffeb
ffeb
ffeb
ffeb
ffeb
ffeb
00b0
ffaa
ff80
ffa7
ff9a
ff36
ffb0
ffea
ffeb
ffea
ffe9
ffea
009b
ffb8
ffea
ffea
ffeb
ffea
ffea
004d
ffd2
ff64
ff99
ff89
ff4f
ffac
ffeb
ffeb
ffeb
ffeb
ffeb
ffeb
00b9
ffd2
ff76
ffae
ff94
ff1b
ffaa
ffeb
ffea
ffeb
ffea
ffeb
0095
ffb8
ffeb
ffea
ffea
ffea
ffea
0050
ffd0
ff99
ff9a
ffac
ff7d
ffbb
ffeb
ffeb
ffeb
ffeb
ffeb
ffeb
0079
ffdc
ffb8
ffb3
ff93
ff66
ffa8
ffec
ffea
ffe9
ffeb
ffea
0096
ffb9
ffea
ffea
ffea
ffeb
ffeb
fffd
ffce
ffab
ff96
ffa9
ff91
ffc8
ffeb
ffeb
ffeb
ffeb
ffeb
ffeb
005a
ffd8
ffb8
ffb3
ff89
ff90
ffbd
ffea
ffea
ffea
ffeb
ffea
0099
ffb9
ffea
ffea
ffea
ffea
ffe9
fff0
ffec
ff86
ff92
ffa8
ffa2
ffd7
ffeb
ffeb
ffeb
ffeb
ffeb
ffeb
0058
ffdf
ffb9
ffa9
ff74
ff74
ffe0
ffea
ffeb
ffeb
ffea
ffeb
009b
ffb9
ffea
ffeb
ffea
ffea
ffeb
ffeb
001b
ff80
ff78
ffa9
ff98
fffb
0132
0100
00ea
00f0
011e
0141
01a4
ffff
ffba
ff9d
ff31
ff86
ffea
ffea
ffea
ffeb
ffeb
ffea
0096
ffb8
ffeb
ffea
ffeb
ffea
ffea
ffea
ffea
0093
ff8c
ff9f
ff81
ff98
ffb7
ffcb
ffc9
ffca
ffbe
ffbf
ffef
ffd1
ffaf
ff7e
ff9b
ffeb
ffea
ffea
ffea
ffea
ffea
ffeb
0098
ffb8
ffeb
ffeb
ffea
ffea
ffeb
ffea
ffea
0055
ffb2
ff86
ffc4
ff9b
ff65
ff8d
ffa3
ff96
ff7d
ff62
ff71
ffb2
ff9a
ff65
ffdf
ffea
ffea
ffea
ffeb
ffeb
ffea
ffea
0099
ffb8
ffeb
ffe9
ffeb
ffea
ffea
ffeb
ffeb
ffef
0035
ff72
ffaa
ffbf
ffa9
ff6f
ff6b
ff94
ff8b
ff93
ffab
ffbf
ff8e
ff89
ffeb
ffea
ffeb
ffea
ffeb
ffea
ffea
ffea
009b
ffb8
ffeb
ffeb
ffea
ffe9
ffeb
ffea
ffea
fff3
011b
0089
ff9d
ffb6
ffab
ffbd
ffb7
ffa8
ffb5
ffb0
ffb5
ffbb
ff7f
ffcd
ffea
ffea
ffeb
ffea
ffea
ffea
ffeb
ffe9
0097
ffb9
ffea
ffea
ffea
ffea
ffea
ffea
fff7
0074
0195
ff6b
ff63
ff9b
ffb6
ffb6
ffde
ffde
ffc9
ffbd
ffbf
ff98
ff43
0062
00aa
ffeb
ffea
ffea
ffea
ffea
ffeb
ffeb
0098
ffb7
ffeb
ffea
ffea
ffeb
fff8
009b
01e4
018b
ff8d
ff9e
ff76
ff65
ff91
ffaf
ffc2
ffd2
ffc6
ffb9
ff8a
ff5e
ff9f
ff55
018c
02cc
0184
0073
fff2
ffea
ffe9
ffeb
009a
ffb9
ffea
fff0
0038
0191
029b
00ac
ffe2
ff95
ff6b
ffe8
ff95
ff9b
ff6e
ff67
ff72
ff75
ff75
ff73
ff70
ff6e
ff8f
ffbe
ff5e
ff50
ffb2
0166
0304
024c
0108
0001
0097
ffcb
00dc
0285
01ad
ffe7
ffaf
ff8f
ff99
ff8a
ff75
ffd4
ffef
ff73
ffa9
ff94
ff84
ff7e
ff7a
ff81
ff80
ff67
ffcf
ffcb
ff8c
ff8e
ff95
ff83
ff5a
ff68
ffed
02b0
0323
0017
0047
ffc6
ff99
ff91
ff91
ff9a
ff95
ff80
ff7c
ffd1
0046
ffa6
ff8b
ffa6
ff9d
ff98
ff9a
ff8f
ff7f
ff75
0018
ffd5
ff8b
ff8c
ff8e
ff93
ff96
ff99
ff8c
ff53
ff8d
ffae
ff8f
ff92
ff94
ff94
ff93
ff9a
ff98
ff7c
ff8b
ffd8
ffe5
005e
ff8b
ff9e
ffa2
ffa0
ff98
ff89
ff67
ffe2
fffa
ffe6
ff8f
ff8d
ff8d
ff8f
ff91
ff94
ff98
ff9b
ff82
ffab
ff94
ff94
ff92
ff91
ff96
ff97
ff98
ff7e
ffa6
ffdd
fff2
01bc
0187
ff7f
ff8d
ff8f
ff8a
ff86
0285
0175
fff7
ffe8
ffa0
ff88
ff8d
ff95
ff96
ff93
ff93
ff96
ff7d
ff9c
ff73
ff73
ff74
ff74
ff73
ff75
ff79
ff61
ff75
0076
0063
ffae
ff75
002f
ffc3
ffc3
ffb4
ffef
ff1f
ffc2
00fa
fffc
ff7a
ff70
ff68
ff6c
ff72
ff71
ff71
ff70
ff61
000a
fff2
fff2
fff2
fff2
fff2
fff2
fff2
fff2
fff3
fff2
fff2
fff1
fff1
fff2
fff2
fff2
fff2
fff2
fff2
fff2
fff2
fff2
fff3
fff2
fff2
fff2
fff2
fff2
fff2
fff2
ffc5
0087
fff9
fff9
fff9
fff9
fff9
fff9
fff9
fff9
fff9
fff9
fffa
fffa
fff9
fff8
fff9
fffa
fff9
fffa
fff9
fffa
fff9
fffa
fff8
fff9
fffa
fff9
fff9
fff9
fff9
fff9
ffb8
0086
fffa
fff9
fff9
fff9
fff9
fff9
fff9
fff9
fff9
fff9
fff9
fffb
000a
0035
0043
0031
fffe
fff9
fff9
fff9
fff9
fff9
fff9
fffa
fffa
fff9
fffa
fff9
fffa
fff9
ffb7
008a
fff8
fff9
fff9
fff9
fff9
fff9
fff9
fffa
0000
0028
0078
0049
ffff
fff5
fff5
fff7
001e
0077
002f
fffc
fff9
fff9
fff8
fff8
fff9
fff9
fff9
fff9
fff9
fff9
ffb8
0087
fff9
fff9
fff9
fffa
fffa
fff9
fff9
004e
000e
fff3
ffeb
ffec
ffe8
fff5
fff0
fff1
fffb
0040
005d
002c
fffc
fffa
fffa
fff9
fff9
fff9
fff9
fff9
fffa
fff9
ffb7
0087
fff9
fff9
fffa
fffa
fff9
fff9
004e
ffd6
ffe5
ffed
fff1
fff6
fff3
ffed
ffef
ffef
ffee
fff0
0010
0060
00d2
0043
fffe
fff9
fff8
fff9
fffa
fff9
fff9
fff9
ffb8
0085
fff9
fff8
fff9
fff9
fff9
0018
ffc6
fff7
ffee
ffe6
ffed
ffef
ffef
ffee
ffee
ffed
ffea
ffe4
ffef
002a
002f
0063
007a
001b
fffb
fff9
fff9
fff9
fff9
fff9
ffb8
0088
fffa
fffa
fffa
fffa
fff9
ffed
0081
ffe6
ffef
fff5
ffe9
ffeb
fff0
ffed
ffe9
ffe2
ffea
ffee
ffdb
ffec
fff3
fff8
0017
005f
0037
fffb
fffa
fff9
fffa
fff9
ffb8
0089
fff9
fff9
fff9
fff9
fffa
ffaa
ffdd
ffff
fff7
fff7
fff7
fffa
fff5
fff2
ffe6
0002
ffee
fff0
ffff
fff6
fff8
fff0
ffee
001c
fffb
000f
fff9
fff9
fffa
fff9
ffb8
008b
fff9
fff9
fff9
fff9
fffa
ffc2
ffc1
ffef
fff5
fff6
fff0
fff3
ffdb
ffe7
fff4
fff0
fff8
fff7
fffc
fff6
ffe9
fff0
fff3
fffa
009d
006d
fff9
fff9
fff9
fff9
ffb8
0088
fff9
fffa
fffa
fffa
fffa
ffef
ffd8
ffea
ffe9
ffdd
ffe5
ffed
fff8
ffe8
fff7
fffc
fff1
fff5
fff0
fff6
ffed
fff1
fff2
ffe9
0052
fff5
fffa
fff9
fffa
fffa
ffb8
0089
fff9
fff9
fff9
fff9
fffa
ffbf
ffc4
ffeb
ffed
fffb
fff7
ffdf
fff1
0002
fff5
fff5
ffee
ffeb
fff8
fff9
ffee
fffd
ffff
ffeb
0021
ffd8
fffd
fff9
fff8
fff8
ffb7
0086
fff9
fff9
fff9
fff9
fff9
ffe8
0017
fff2
ffe7
fff1
011b
0092
fff7
fffa
fff8
fff9
fff7
fff6
ffa4
ffd1
fff0
ffed
ffef
ffe3
0085
fffb
fff9
fff9
fffa
fff9
ffb8
008a
fff9
fffa
fff9
fff9
fff9
ffeb
00ae
fff1
0019
001f
011e
0099
fff9
fff9
fff9
fff9
fff9
fff9
ffb8
ffd0
fff9
fffc
ffe9
00bf
ffef
0011
fff9
fff9
fffa
fffa
ffb7
008a
fffa
fffa
fff9
fffa
fffa
ffbb
fff8
fff0
fff3
ffff
01f8
00f4
fff9
fff9
fff9
fff9
fff9
fff9
ff91
ffc8
fffa
ffe6
ffe0
00a3
00ae
fffa
fffa
fffa
fffa
fffa
ffb7
008c
fff9
fff9
fff9
fff9
fffa
ffbe
ffc4
ffda
fff8
fffb
0187
00d9
fff9
fff9
fff9
fff9
fff9
fff9
ff9e
ffcc
fff5
ffe8
0000
00d6
007b
fff8
fff8
fff9
fff9
fff9
ffb7
0088
fff9
fff9
fffa
fffa
fff9
ffc6
ffe3
fff7
fffb
fff8
0130
00ad
fff9
fff9
fff9
fff9
fff9
fff9
ffb6
ffcc
fff6
ffed
fff9
00e8
0066
fff9
fffa
fff9
fff9
fff9
ffb7
008a
fffa
fffa
fff9
fff9
fff9
ffe0
0017
0002
fffb
fffc
00ef
008b
fff9
fff9
fff9
fff9
fff9
fff9
ffba
ffcf
fff6
fff2
ffe8
0017
004f
fffa
fff9
fff9
fffa
fff9
ffb7
0089
fff9
fffa
fffa
fffb
fffa
fff4
0045
fff7
fffd
fffe
00df
0083
fff9
fff9
fff9
fff9
fff9
fff9
ffba
ffd0
fff6
ffee
fff9
ffe1
fffe
fff8
fffa
fffa
fff9
fff9
ffb7
0089
fff9
fff9
fffa
fff9
fff9
fff9
ffff
fff2
fff0
fffe
0145
00dc
002c
000d
0010
0021
0043
002a
ffbf
ffd8
fff8
0050
0065
fff6
fff9
fff9
fff8
fff9
fff9
fff9
ffb8
0085
fff9
fff8
fff9
fff9
fffa
fff9
fffa
ffce
ffdb
fffb
0018
003e
fff7
fff1
ffe8
fff0
ffff
fff9
ffe8
ffec
fff3
0067
0077
fff9
fff9
fff9
fff9
fff9
fff9
fff9
ffb7
0088
fff9
fffa
fff9
fff8
fff9
fff9
fff8
ffcc
fff9
ffff
fff1
fff3
fffd
fffa
0001
fff3
fff5
0008
fffd
fffc
0025
ffd1
0000
fff9
fffa
fff9
fff9
fff9
fff9
fff9
ffb7
0086
fff9
fff8
fffa
fffa
fff9
fff9
fff9
fff6
fffd
fff2
fffb
fff5
fffc
fff3
fff9
fff8
fffc
fff9
fffa
fffb
011c
0048
fff9
fff9
fff9
fff9
fffa
fff9
fff9
fff9
ffb8
0086
fff9
fffa
fffa
fff9
fff9
fff8
fff9
0031
ffac
ffeb
0009
ffff
fffe
fffa
fffe
fff3
fff7
ffff
ffff
ffee
0005
008c
fff9
fff9
fff9
fffa
fffa
fff9
fff9
fff9
ffb8
0089
fffa
fff9
fff9
fff9
fff9
fff9
004a
ffe0
007b
fff7
fff6
fffe
0024
ffff
000a
fff9
ffff
fff7
ffee
0004
001a
009e
0007
fff9
fff9
fff9
fff9
fff9
fff9
fff9
ffb8
0084
fff9
fff9
fff9
fffa
0040
0070
ffdf
fff6
0023
008e
ffee
fff5
fffa
0004
fffd
0000
fff2
ffeb
fff7
fffd
ffab
ffe5
002e
0080
0069
000d
fff9
fff9
fff9
fff9
ffb7
0086
fff9
0013
007f
0030
ffe7
ffe7
fff6
fff1
ffe5
ffcd
ffe4
fff0
ffef
fff0
ffed
ffee
fff1
fff3
fff8
00ce
ffb1
ffde
fff7
0029
001c
0008
0050
007b
0030
fffc
ffb7
0108
006f
ffef
ffe8
fff2
fff2
fff1
fff2
0010
ffd9
ffef
fffa
ffed
fff4
fff3
fff3
fff5
fff7
fffb
fff6
002b
ffe9
ffea
ffef
fff5
fff4
fff4
fffb
0028
0028
0048
ffc0
003b
fff1
fff0
ffef
fff1
ffed
fff2
fff2
004f
ffe0
fffc
ffd9
ffeb
fff6
fff9
fff8
fff8
fffb
fffb
00ab
ffeb
ffd9
fff2
ffed
fff3
fff3
fff3
fff2
fff2
fff4
fffc
ffe3
ffeb
fff1
fff1
fff2
fff6
fff4
fff1
fff2
0098
ffe2
fffa
fff9
ffe8
ffee
fff5
fff8
fff8
fffc
0052
fff0
fff5
ffec
fffb
ffea
fff2
fff2
fff2
fff1
fff3
fff3
fff2
0044
ffe3
fff2
fff2
fff2
fff0
fff3
fff1
fff1
00af
ffe4
fff7
0012
fff1
fff1
fff1
fff5
fffc
0042
ffee
0043
fff8
fff2
0022
ffeb
fff2
fff3
fff2
fff2
fff3
fff1
fff1
003c
ffd1
ffe0
ffe0
ffe1
ffe2
ffe2
ffde
ffe1
ffed
ffdb
0053
ffdb
007a
fffe
0040
0054
0095
fffc
fffe
ffec
0004
fff5
001f
ffdd
ffdf
ffdf
ffdf
ffdc
ffdc
ffe1
ffdf
0032
ff8d
ff84
ff84
ff84
ff84
ff84
ff84
ff85
ff85
ff86
ff85
ff84
ff85
ff85
ff85
ff85
ff85
ff85
ff85
ff86
ff84
ff84
ff85
ff85
ff83
ff83
ff84
ff85
ff85
ff84
ff84
ffac
fff4
fff3
fff2
fff2
fff3
fff3
fff3
fff2
fff3
fff2
fff1
fff2
fff2
fff2
fff3
fff3
fff2
fff1
fff2
fff3
fff2
fff2
fff3
fff2
fff2
fff1
fff3
fff2
fff2
fff2
fff2
0064
fff2
fff3
fff2
fff2
fff3
fff4
fff3
fff0
fff2
fff1
fff0
fff2
fff5
fff6
fff2
fff2
fff4
fff5
fff5
fff3
fff2
fff2
fff3
fff2
fff1
fff3
fff2
fff2
fff2
fff1
fff2
0065
fff2
fff3
fff1
fff1
fff2
fff2
fff2
fff2
fff3
fff8
fff4
ffdd
ff6b
ff01
ff06
ff04
feeb
fed2
ff44
ffe3
ffee
ffee
fff1
fff1
fff3
fff2
fff2
fff2
fff2
fff2
fff3
0067
fff2
fff2
fff2
fff3
fff2
fff2
fff2
fff3
fffd
ff78
ff01
ff2c
ffa0
ff92
ff70
ff55
ff65
ff86
ffbe
ff43
ff82
fffa
fff3
fff1
fff2
fff1
fff2
fff3
fff3
fff3
fff3
0062
fff1
fff2
fff2
fff3
fff3
fff3
fff3
fffe
ff87
ff7b
ff8a
ff85
ff78
ff50
ff4e
ff62
ff6b
ff6c
ff75
ff7b
ff66
ff70
ffe1
fff7
fff4
fff2
fff3
fff4
fff4
fff2
fff2
005f
fff3
fff2
fff2
fff3
fff3
fff3
fffb
ff9e
ff78
ff84
ff65
ff6e
ff6f
ff74
ff70
ff75
ff7b
ff89
ff9d
ffa4
ff8f
ffb0
ff53
ff3d
ffbf
fff7
fff2
fff2
fff2
fff2
fff2
0062
fff1
fff1
fff2
fff3
fff3
fff2
ffff
ff83
ff7a
ff7b
ff70
ff6d
ff78
ff77
ff82
ff86
ff8f
ffb0
ff88
ff66
ff8c
ff92
ff79
ffad
ff4c
ff8d
fff5
fff3
fff2
fff2
fff2
0060
fff1
fff2
fff2
fff2
fff2
fff2
fffb
ff63
ff6c
ff6e
ff86
ff8e
ff75
ff7c
ff73
ff8d
ffa3
ffc0
ffe8
ffd6
ffb5
ffa5
ff77
ff71
ff7d
ffa1
ffed
fff2
fff1
fff2
fff3
0062
fff1
fff1
fff2
fff1
fff2
fff2
ffdf
ff78
ff86
ff79
ff64
ff5b
ff66
ff67
ff84
ffbb
ffcf
ffba
ffb0
ffb1
ffa8
ffa1
ff73
ff76
ff81
ff7e
ffdd
fff3
fff2
fff3
fff4
0066
fff2
fff3
fff2
fff3
fff3
fff2
ffeb
ff6e
ff5c
ff6d
ff86
ffb7
ffd7
ffc0
ffed
ffd1
ffde
ffe0
ffd4
ffc9
ffbb
ffa1
ff81
ff6d
ff7d
ff65
ffdf
fff0
fff3
fff2
fff2
0064
fff2
fff2
fff1
fff1
fff2
fff2
0037
ffcc
ff75
ff6d
ff93
ff93
ffc2
ffcf
ffdb
ffdd
ffda
ffda
ffce
ffce
ff94
ffad
ff9a
ff78
ff7c
ff79
0015
fff4
fff2
fff2
fff3
0067
fff2
fff2
fff0
fff1
fff2
fff2
fff4
ff75
ff94
ffb1
ffc1
ffcf
ff94
ffb5
ffcb
ffca
ffc9
ffc8
ffb3
ffcb
ffcf
ffa8
ff92
ff7c
ff69
ffdc
003a
fff2
fff2
fff4
fff2
0062
fff1
fff1
fff2
fff2
fff2
fff2
0006
ff9d
ff98
ffa5
ff80
ff33
ffe5
fff3
fff3
fff3
fff3
fff3
fff3
0067
ff83
ff9a
ffb6
ff78
ff97
fff5
ffee
fff1
fff2
fff3
fff2
0066
fff1
fff2
fff3
fff2
fff4
fff2
001b
ffb6
ffb0
ffba
ffd5
ffd8
0010
fff3
fff3
fff3
fff3
fff3
fff3
00a5
ffce
ffbe
ffb5
ff76
ff7e
ffe1
fff3
fff1
fff2
fff3
fff2
0065
fff3
fff3
fff3
fff1
fff3
fff2
0049
ffd3
ffc2
ffc6
ffc9
ffab
fff4
fff3
fff3
fff3
fff3
fff3
fff3
0061
ffc4
ffc5
ffb5
ffa0
ffaf
fff3
fff2
fff2
fff2
fff2
fff2
006a
fff1
fff1
fff1
fff2
fff3
fff2
0004
ffce
ffad
ffb7
ffc2
ffb6
fff4
fff3
fff3
fff3
fff3
fff3
fff3
0027
ffbf
ffbb
ffb0
ffb0
ffbb
fff4
fff1
fff4
fff3
fff1
fff2
006a
fff1
fff2
fff2
fff2
fff1
fff1
fffb
ffd2
ffa8
ffb8
ffc9
ffbf
fff3
fff3
fff3
fff3
fff3
fff3
fff3
0030
ffcd
ffbe
ffa7
ffae
ffd4
fff5
fff2
fff2
fff1
fff1
fff2
0066
fff1
fff2
fff3
fff2
fff3
fff3
fff3
ffd4
ffb1
ffb3
ffc1
ffb1
fff2
fff3
fff3
fff3
fff3
fff3
fff3
0036
ffc6
ffb8
ff9d
ffbb
ffed
fff2
fff2
fff2
fff2
fff2
fff1
0066
fff2
fff2
fff2
fff3
fff2
fff2
fff4
fff8
006b
ffb4
ffba
ffbf
ffe7
fff2
fff1
fff3
fff1
fff0
fff2
0002
ffc3
ffb2
ffb4
00c4
000f
fff3
fff2
fff2
fff2
fff2
fff3
0069
fff3
fff3
fff2
fff1
fff2
fff2
fff3
fff3
000b
ffbe
ffb5
ffc4
ffd7
ffe4
ffca
ffc0
ffc8
fff2
ffeb
ffff
ffc3
ffa7
ffcf
fff9
fff2
fff3
fff3
fff3
fff2
fff2
fff2
0065
fff2
fff1
fff2
fff1
fff2
fff1
fff2
fff3
0005
ffdb
ffa8
ffc4
ffd5
ffd7
ffbd
ffc7
ffcc
ffdc
ffec
ffdc
ffb5
ff98
fff6
fff0
fff2
fff2
fff2
fff2
fff1
fff1
fff2
0063
fff3
fff1
fff2
fff1
fff2
fff2
fff2
fff2
fff2
0015
ffb7
ffb1
ffb9
ffbe
ffe9
fff2
ffdf
ffc9
ffb9
ffb4
ffa0
ff90
fff0
fff3
fff3
fff1
fff2
fff2
fff2
fff3
fff2
0061
fff1
fff1
fff1
fff3
fff3
fff2
fff3
fff3
0003
ff95
ff73
ff92
ffae
ffb3
ffb7
ffbc
ffbd
ffb4
ffb5
ffa0
ff87
ff9d
fff8
fff2
fff3
fff2
fff2
fff3
fff3
fff2
fff2
0065
fff1
fff2
fff2
fff3
fff3
fff2
fff2
ffff
ff97
ff90
ffdd
ffaa
ff8f
ff9f
ffa5
ffa1
ffa6
ffaa
ff94
ff85
ffa5
ffcc
ff8d
fffa
fff4
fff3
fff1
fff2
fff3
fff2
fff2
0062
fff2
fff2
fff3
fff2
fff4
fff8
ffce
ff51
ff89
ffa4
fff0
ffb9
ffba
ff8f
ff8d
ff82
ff7e
ff84
ff91
ffad
ffa0
fff1
ffac
ff16
ff63
ffdd
fff7
fff5
fff2
fff3
fff2
0061
fff2
fff2
fff9
ffe8
ff6d
ff07
ffa0
ffb0
ff83
ffbe
ffee
ffd8
ffaf
ffc9
ffbf
ffab
ffad
ffbb
ffb6
ffb6
ffb2
fffb
ff89
ffa0
ffe5
ffa2
ff0a
ff0d
ff98
ffed
fff8
0064
fff6
ffb3
ff17
ff58
ffcf
ff9c
ff86
ff85
ff79
ffcc
ffe5
fff1
ffc5
ffb5
ffb1
ffac
ffab
ffb1
ffba
ffad
ffe2
ffe9
ff8b
ff7f
ff7d
ff7e
ff90
ffcc
ffe4
ff59
ff04
ffad
ff30
ffb9
ffb7
ff85
ff84
ff8a
ff87
ff87
ff73
ffd7
ffe2
fff3
ffee
ffb9
ffb9
ffb9
ffbc
ffb5
ffb0
ffe0
fff8
ffdf
ff96
ff7e
ff80
ff80
ff84
ff85
ff84
ff8a
ffc0
ffdd
ff8d
ff85
ff83
ff84
ff87
ff88
ff86
ff87
ff6e
ffdb
ffe1
ffec
fff2
ffe4
ffb8
ffbc
ffbf
ffbc
ffd7
fff0
ffea
ffd9
ff96
ff82
ff7d
ff81
ff86
ff86
ff85
ff85
ff82
ff72
ff85
ff85
ff84
ff87
ff88
ff88
ff88
ff84
ff71
ffc3
ffe3
ffdc
ff27
ff85
ffdf
ffcd
ffcf
ffe0
ff8a
ff24
ffdc
ffdf
ff90
ff83
ff84
ff7f
ff82
ff83
ff85
ff86
ff85
ff75
ff8d
ff88
ff87
ff87
ff8b
ff8a
ff86
ff85
ff84
ffb6
ffcf
ffa7
ff8a
ffb8
ffb6
ffd1
ffd6
ffb4
ffa5
ffd5
ff9d
ffbc
ff99
ff83
ff84
ff88
ff88
ff7e
ff82
ff86
ff84
ff7c
ffb1
fffd
fffd
fffd
fffc
fffc
fffd
fffc
fffd
fffc
fffc
fffc
fffc
fffe
fffc
fffc
fffc
fffb
fffc
fffd
fffd
fffd
fffc
fffc
fffc
fffc
fffc
fffc
fffc
fffc
fffc
0011
ff96
ffff
fffe
fffe
ffff
fffe
ffff
fffe
fffe
fffd
fffe
fffd
fffe
fffe
ffff
ffff
fffd
fffd
fffe
fffe
fffe
fffe
fffd
ffff
fffe
fffd
fffe
ffff
fffe
fffe
fffe
002c
ff97
fffe
fffe
fffe
fffe
fffe
fffe
fffe
fffe
fffe
ffff
fffd
fffd
ffff
0007
0013
000e
0005
0005
fffe
ffff
fffe
ffff
ffff
fffe
fffd
fffe
fffe
fffe
fffe
fffe
002e
ff95
fffe
ffff
fffe
fffe
fffe
fffe
fffe
fffd
fffc
ffff
0007
000e
004f
002a
0024
0036
006d
003b
000a
000d
ffff
ffff
fffe
ffff
fffe
fffe
fffe
fffe
ffff
ffff
002d
ff97
fffe
fffe
ffff
fffe
fffe
fffe
fffe
fffa
fff7
0057
fffd
001d
0024
fff6
fff7
0000
0006
0021
0011
fff5
0000
fffe
fffd
fffd
fffe
fffe
ffff
ffff
fffd
fffe
002f
ff96
fffe
fffe
fffe
fffd
fffe
fffe
fff8
ffef
009c
0018
fffa
fff6
fff6
fff8
fff9
fff9
fff9
fff5
fff9
00b6
ffdd
0017
0014
ffff
ffff
ffff
fffe
ffff
ffff
fffe
002c
ff97
fffd
ffff
fffe
ffff
ffff
fffa
fff9
004c
0011
fffb
fffd
fff9
fffb
fff9
fff7
fffb
fff9
fff0
fff7
ffeb
fff7
0030
fff9
0013
000f
fffd
ffff
fffe
fffe
fffe
0027
ff95
fffd
fffd
fffd
fffd
fffe
fffb
ffc0
003f
fffb
fffe
fff2
fffd
fff5
fff9
fffa
fff6
fff4
fff0
fff2
fff2
ffd9
0017
0018
006f
ffe4
0005
fffd
fffe
fffd
fffe
002a
ff95
fffe
fffe
fffe
fffe
fffe
fffd
01f0
fff7
ffec
fffe
ffec
ffec
fffe
fffb
0000
fff6
ffe3
000f
ffec
fff5
ffd2
0070
fff4
0014
0125
ffd4
fffe
fffe
fffe
fffe
002d
ff95
fffd
fffe
ffff
fffe
fffe
ffc0
0255
fffa
fff9
0000
fff0
ffec
fff5
0030
ffea
fffc
fff4
fffe
fff6
004f
fff8
0045
fffd
ffe4
00df
ffb7
ffff
fffe
fffe
ffff
002a
ff95
fffe
fffd
fffc
fffd
fffe
ff86
0191
fff2
0026
0009
001b
ffe8
fff1
fffc
0014
fff3
ffff
0005
000c
001f
fff8
ffee
003c
ffec
00bf
001d
fff7
ffff
fffe
fffe
002b
ff95
fffe
fffd
fffe
fffe
fffe
ffd1
018c
fff9
ffed
fffa
0018
fffe
00cd
ffe5
0005
0008
0000
000f
fffc
ffec
004c
ffde
0046
ffec
0072
00d5
fff8
fffd
ffff
0001
0031
ff95
ffff
fffd
ffff
fffe
fffe
0008
ff92
00d5
ffed
fffe
ffe3
ffaa
000e
fffd
fffe
ffff
fffe
fffe
0037
0137
fffa
ffe7
00d6
fff6
0082
ffd4
fffe
fffe
fffe
fffe
002b
ff95
fffd
fffe
fffe
fffe
fffe
fffe
ff69
01b8
ffcc
001a
0014
ffcd
fffe
fffe
fffe
fffe
fffe
fffe
0007
012d
fffc
ffe1
0044
ffed
fff2
ffee
ffff
fffe
fffe
fffd
002d
ff95
fffe
fffe
fffd
fffe
fffd
0023
ffc7
026b
ffe1
ffef
ffc3
ff8a
fffe
fffe
fffe
fffe
fffe
fffe
0039
0181
fff4
fff6
0087
0042
ffb5
fffe
fffd
fffd
fffc
fffd
002c
ff95
fffe
ffff
fffe
ffff
fffe
fffa
0034
0254
fff0
fffc
ffe9
ffc5
fffe
fffe
fffe
fffe
fffe
fffe
0033
00fe
fffe
fffc
0069
ffea
ffe6
fffe
ffff
ffff
fffe
fffe
0031
ff95
fffe
fffe
fffd
fffd
fffe
0007
009d
0075
fff9
fffb
fffa
ffe2
fffe
fffe
fffe
fffe
fffe
fffe
0009
008b
fffa
fffd
0102
ffd9
ffe1
fffe
fffd
fffe
fffd
fffe
0032
ff95
fffd
fffd
fffd
fffe
fffe
000a
fffc
fff8
fff8
fffd
fffc
ffef
fffe
fffe
fffe
fffe
fffe
fffe
0005
0054
ffff
fff6
0120
0009
ffe2
fffe
fffe
fffe
fffe
fffe
002e
ff95
fffe
fffd
fffd
fffc
fffd
ffff
ffd7
fff5
fffa
ffff
fffd
fff2
fffe
fffe
fffe
fffe
fffe
fffe
0004
0044
0006
fff9
00d9
00b3
fff9
ffff
fffd
fffd
fffe
ffff
002f
ff96
fffe
fffe
fffe
fffe
ffff
ffff
ffe8
ffde
0060
fffc
fff8
ffde
0004
ffff
fffe
fffe
0004
0002
0015
0098
ffff
fff3
fff1
0008
ffff
fffe
ffff
0000
fffe
fffe
002a
ff97
fffe
0000
fffe
ffff
fffe
fffd
fffe
ffe1
016f
0007
fff9
fffd
0001
fffb
fffa
000e
fff8
0064
ffff
0011
0001
00ab
ffc2
fffe
fffe
ffff
fffe
fffe
fffe
fffe
0030
ff95
fffe
fffe
fffe
ffff
fffe
fffe
ffff
0020
0007
ffff
fff9
0042
fffd
ffff
ffff
0005
fffe
ffff
ffff
fff4
fffe
0152
fff5
fffe
fffd
fffd
fffe
fffe
fffe
fffe
002d
ff96
fffe
ffff
fffd
fffd
fffe
fffe
ffff
ffff
ffc2
00e7
000b
0020
ffff
fffe
ffff
fffa
fffc
fffe
0024
fff8
0011
ffc7
ffff
ffff
fffd
fffe
fffe
fffe
fffd
fffe
002b
ff96
fffd
fffd
fffe
fffe
fffe
0000
ffff
fffa
000f
0160
0028
fff8
001f
fffc
fff9
002a
fffe
0007
fff9
0000
016b
ffc3
fffe
fffe
fffe
fffd
fffd
fffe
fffe
ffff
002c
ff96
fffd
fffe
ffff
ffff
fffe
fffe
fffb
fffa
fff1
ffd1
0013
0024
fffd
001d
000f
0009
000f
fffe
001e
0002
fff9
0000
000c
ffff
ffff
fffe
fffe
ffff
fffe
fffe
002e
ff97
fffe
fffe
fffe
fffe
ffff
0002
001b
fffa
011e
ff7e
fffc
001f
fffb
fffe
0001
ffff
0000
fffb
0010
fffc
00b4
0260
0001
0022
0021
0019
0002
fffe
ffff
fffe
002d
ff95
ffff
fffd
000c
0000
0015
0025
fff6
fffe
018d
ffe0
00ca
ffec
0000
fff9
fff7
fffa
fffc
fff8
fffe
ffe0
000c
0132
fffe
fffd
fffa
0012
0008
0039
0019
0005
002e
ff97
fffe
0036
0017
fffe
fffd
fff7
fff8
fff4
014d
fff0
ffcb
008f
fffa
ffff
ffff
fffe
fffc
fffc
fffc
00a4
ffd8
003b
fff9
fffb
fff8
fffe
fffe
fffc
fffe
0005
0082
ffa4
0008
fffc
fffe
fffa
0000
fff9
fff9
fff2
00de
ffef
fff6
0029
fff7
0000
0000
0003
fffe
000a
fffd
fff6
0000
ffe5
ffff
fff8
fffa
fff8
fffa
fffa
fffa
0000
0053
00b4
fffc
fff9
fff9
fff8
fff6
fffa
fff9
ffef
005b
fffc
fffd
ffe9
00a3
fff8
0005
ffff
0007
fff3
0045
ffef
fff8
ffc6
0029
fffa
fffb
fff7
fffc
fff9
fff8
fff8
fff4
00f2
fff9
fff9
fff8
fffa
fffa
fffa
fff9
ffec
0079
0007
0011
ffe9
0046
0048
0004
fffd
fff8
002c
0070
ffed
fff8
ffbe
0007
fffc
fff9
fff6
fff9
fff8
fff8
fffb
fff4
00f1
fff4
fff4
fff6
fff1
fff3
fff3
fff3
fff0
01e0
ffea
ffe4
003a
0049
ffff
0057
001f
0033
ffe5
00df
0090
ffe9
ffc0
fff5
fff3
fff4
fff3
fff1
fff8
fff1
fff3
ffe7
007d
ffe2
ffe2
ffe2
ffe2
ffe2
ffe2
ffe2
ffe1
ffe2
ffe2
ffe2
ffe2
ffe1
ffe1
ffe2
ffe2
ffe2
ffe2
ffe2
ffe2
ffe2
ffe2
ffe2
ffe2
ffe2
ffe2
ffe2
ffe2
ffe2
ffe2
ffd3
016d
00bc
00b9
00bc
00ba
00bd
00ba
00bc
00ba
00bc
00bc
00b9
00bd
00bd
00bb
00bb
00b9
00bc
00b8
00bd
00b9
00bd
00bb
00bc
00b6
00bd
00bc
00ba
00bd
00b9
00bc
0094
016f
00ba
00bc
00ba
00bd
00b9
00bb
00ba
00bd
00bb
00ba
00bd
00b5
00be
00de
00fb
00fd
00e8
00c0
00bc
00b7
00bb
00bb
00ba
00bb
00b9
00bd
00bc
00bb
00ba
00bd
0095
016f
00bc
00b8
00bd
00bc
00bd
00bd
00bb
00bb
00b5
00c1
00ca
0094
000f
ffea
ffde
ffea
0030
017a
0161
00d7
00c1
00bb
00bd
00ba
00bd
00ba
00bd
00bd
00bb
00ba
0092
016f
00bd
00b8
00bb
00bc
00bb
00bd
00bc
0092
0047
ffeb
ffc9
ff83
ff4d
ff3b
ff30
ff24
ff27
ff56
ffeb
0184
00f3
00bb
00b7
00bd
00bb
00bd
00ba
00bb
00bb
00be
0092
0170
00bd
00bc
00b7
00bf
00bd
00b8
0090
ffff
ff7e
ff40
ff21
ff1a
ff1b
ff17
ff11
ff0a
ff0c
ff0c
ff0e
ff89
01b9
0170
00f1
00c1
00b7
00bb
00bc
00bc
00b9
00bd
0093
016e
00ba
00bc
00b9
00bb
00ba
00a6
002d
ff70
ff2c
ff1d
ff17
ff15
ff0e
ff0e
ff0a
ff09
ff03
ff03
fefe
fefd
ff54
ffd4
013b
017e
00e2
00b9
00bc
00ba
00ba
00ba
0091
0170
00ba
00b8
00bd
00bb
00bc
0055
ff89
ff43
ff2a
ff20
ff22
ff0f
ff15
ff16
ff13
ff01
ff0f
ff24
ff1b
fefd
fef3
ff0a
ff44
ffd1
01d2
00de
00ba
00bb
00ba
00ba
0092
0170
00b9
00bb
00bc
00bc
00bd
002a
ff19
ff27
ff35
ff23
ff2c
ff26
ff27
ff2d
ff2f
ff1f
ff4b
ff37
ff1b
ff1e
ff0c
fee8
ff20
ff13
ffca
018f
00bb
00bb
00bb
00bd
0094
0170
00bc
00be
00bb
00be
00bd
ffe7
ff00
ff11
ff16
ff24
ff29
ff21
ff20
ff16
ff2f
ff5a
ff66
ff69
ff5a
ff4b
ff3d
feee
ff20
ff25
ff47
0175
00be
00bc
00b9
00bc
0091
0171
00b9
00b9
00bc
00bd
00bd
ffcc
fef4
ff2d
ff09
ff08
fefc
ff0a
fef7
ff3b
ff5d
ff85
ff83
ff68
ff5d
ff3f
ff49
ff04
ff1b
ff40
ff26
0040
00d3
00bb
00b9
00bd
0094
0171
00bc
00ba
00bb
00bc
00bc
0044
fee4
ff07
ff06
ff27
ff64
ff6f
ff5f
ffaf
ffbb
ffc3
ffbc
ff9f
ff71
ff62
ff44
ff1e
ff04
ff3e
ff26
ffeb
00b7
00bc
00bc
00b9
0091
0171
00b8
00bc
00ba
00bc
00bc
00d2
ff8a
fefc
ff1b
ff2b
ff68
0035
ffe9
001d
0026
0021
0021
0000
ffcd
ff20
ff43
ff49
ff02
ff34
ff55
000e
00b9
00bd
00ba
00bc
0094
0170
00ba
00b8
00ba
00be
00bd
006a
ff8e
ff21
ff5e
ff65
ffb6
0100
00c2
00c2
00c2
00c2
00c2
00c2
0009
ff6a
ff4a
ff3c
fefa
ff31
ffe2
008b
00bb
00ba
00bb
00be
0093
0172
00bc
00b9
00bc
00b9
00be
fffe
ff6c
ff19
ff67
ff3d
ff5d
014b
00c2
00c2
00c2
00c2
00c2
00c2
000e
ff2a
ff54
ff5a
fee6
ff5a
00a9
00ba
00bc
00b8
00ba
00bc
0095
0170
00bd
00ba
00bc
00bb
00bd
fffa
ff7d
ff1b
ff73
ff5d
ff87
00ac
00c2
00c2
00c2
00c2
00c2
00c2
001c
ff5a
ff56
ff5d
ff03
ff88
004a
00bd
00ba
00bc
00bc
00bc
0092
0171
00bc
00bb
00bb
00bd
00bd
005b
ff9b
ff4c
ff81
ff90
ffb1
0082
00c2
00c2
00c2
00c2
00c2
00c2
0003
ff93
ff78
ff5d
ff42
ffa7
006d
00bd
00ba
00bb
00bc
00bd
0092
0171
00bb
00ba
00bd
00bd
00be
00a6
ffb5
ff5d
ff81
ff98
ffc9
007f
00c2
00c2
00c2
00c2
00c2
00c2
0000
ff98
ff75
ff5a
ff58
ffc0
008e
00b8
00bd
00b9
00bb
00bc
0094
0171
00bd
00ba
00bb
00bb
00bc
00bd
ffd2
ff51
ff7a
ff91
ffce
0096
00c2
00c2
00c2
00c2
00c2
00c2
fffd
ff96
ff6f
ff57
ff71
ffd5
00a4
00b8
00bc
00bc
00ba
00bc
0095
016f
00bb
00bc
00b8
00bd
00bd
00bd
005f
ff7e
ff5e
ff82
ffa9
0077
00a6
008d
007d
0082
009a
00a7
fffe
ff89
ff6b
ff70
ffcc
fffc
00b8
00bb
00b9
00ba
00bd
00b9
0093
016e
00bd
00b9
00bb
00b7
00b8
00be
00bc
ffff
ff4d
ff75
ff7e
ff80
ffb9
ffb6
ffb4
ffa7
ffad
ffb0
ffc5
ff87
ff69
ff8d
009f
00bf
00bd
00bb
00b9
00b8
00ba
00bd
0093
0171
00ba
00bb
00bb
00b9
00bb
00bb
00b9
00bc
ff82
ff67
ff8b
ff44
ff3a
ff68
ff71
ff5b
ff39
ff3d
ff6b
ff69
ff71
ffd5
00a0
00bc
00ba
00be
00bc
00bb
00ba
00bc
0093
0170
00ba
00b7
00ba
00bd
00bb
00bc
00bb
00be
ffe0
ff46
ff7d
ff7b
ff64
ff66
ff69
ff76
ff5b
ff65
ff6b
ff64
ff78
0086
00bc
00bb
00bb
00bd
00bd
00bc
00b9
00bb
0095
016e
00bc
00bc
00b9
00ba
00bd
00b9
00bb
00a4
0060
ff5e
ff66
ff7b
ff76
ff90
ff8b
ff7d
ff71
ff69
ff65
ff4e
ff88
0103
00bc
00bc
00bc
00b8
00bc
00be
00bc
00b7
0091
016f
00bb
00b9
00bb
00ba
00ba
00bc
00a5
007a
ffaa
ff88
ff2b
ff6f
ff7c
ff8b
ff99
ff8f
ff79
ff6d
ff46
ff2f
ff63
0100
011c
00be
00ba
00ba
00bb
00b9
00bd
00bc
008f
016e
00bc
00b9
00bc
00ba
00bb
00e1
002f
ffa6
ff83
ffc9
ff3b
ff21
ff56
ff6c
ff78
ff74
ff66
ff42
ff28
ff4b
ff86
ff43
00aa
0171
0178
0114
00c9
00bb
00b9
00bc
0093
0172
00ba
00b1
00d2
009a
fff8
ffbf
ff8a
ff58
ff9f
0067
ff6e
ff4d
ff21
ff25
ff28
ff2a
ff2b
ff2e
ff3d
ff72
ffc6
ff2b
ff44
ff79
ffcb
002e
010f
0175
0153
00e0
0091
0175
00ce
0037
ffce
ff98
ff66
ff52
ff55
ff59
ffc1
009a
ffe0
ff5d
ff58
ff3d
ff33
ff35
ff39
ff49
ff71
ffac
ffe4
ff46
ff3d
ff42
ff4d
ff4e
ff63
ff97
ffe7
0100
017f
fff0
ffab
ff7c
ff51
ff4c
ff54
ff55
ff54
ff5b
ffdb
008a
00c1
ff98
ff6f
ff64
ff5d
ff5b
ff5f
ff71
ff9e
fffa
fffa
ff60
ff38
ff40
ff46
ff4e
ff51
ff52
ff4e
ff54
ffa8
ff3e
ff4a
ff4c
ff4f
ff4f
ff55
ff56
ff54
ff5b
fff2
0073
00d5
0024
ff7b
ff73
ff6d
ff6c
ff6d
ff9e
ffe7
0095
fffb
ff83
ff37
ff41
ff45
ff4d
ff4c
ff50
ff53
ff52
ff51
ff39
ff4e
ff4c
ff4e
ff51
ff52
ff54
ff54
ff4e
fff6
0077
0049
ffe6
ffe1
ff83
ff79
ff7c
ff97
ffac
0009
0107
fffa
ff8c
ff46
ff3f
ff47
ff4f
ff4c
ff4d
ff4f
ff4e
ff4f
ff32
ff3f
ff40
ff41
ff43
ff43
ff43
ff3f
ff3b
ffb3
00d9
ffc9
ff6c
ffa5
ffec
ffb8
ffcc
ffd1
ff83
ff4f
ffe0
007a
ff81
ff3e
ff39
ff37
ff3c
ff3c
ff3b
ff3c
ff3d
ff3a
