ff96
ff8c
ff8d
ff87
ff93
ff87
ff98
ff97
ff9c
ff95
ff7e
ff8e
ff8e
ff8d
ff90
ff90
ff90
ff8f
ff8d
ff92
ff98
ff8f
ff8b
ff88
ff7f
ff8a
ff87
ff85
ff86
ff87
ff86
ff89
ff9f
ff94
ff94
ff9b
ff93
ff9c
ff9b
ff9d
ff89
ffa2
ff90
ff94
ff93
ff93
ff92
ff96
ff95
ff94
ff93
ff92
ff93
ff8e
ff8c
ff90
ffa3
ff8e
ff90
ff90
ff8e
ff8d
ff8d
ff8c
ff9f
ff92
ff95
ff97
ff99
ff9d
ff8d
ff98
ff95
ff8c
ff8c
ff8f
ffa9
ffb4
ffae
ff9f
ff95
ff92
ff94
ff94
ff93
ff92
ff92
ff91
ff90
ff95
ff89
ff85
ff8f
ff93
ff92
ff8d
ff9e
ff95
ff94
ff9a
ff94
ff91
ff98
ff87
ff95
ff92
ffaf
ffac
ffa0
ffb7
ffbd
ffb4
ffc4
ffd1
ffae
ff94
ff92
ff92
ff92
ff92
ff91
ff84
ff82
ff8f
ff8f
ff8f
ff8e
ff8c
ffa0
ff8e
ff94
ff93
ff9b
ff8d
ff91
ff91
ff96
ff98
ffa7
ffcd
ffc7
ffa8
ffc4
ffc8
ffb7
ffc0
ffb7
ffbf
ffa5
ff94
ff93
ff93
ff91
ff90
ff8e
ff8b
ff8c
ff8f
ff8f
ff8d
ff96
ff8f
ff9c
ffad
ffb1
ff9c
ff8f
ff8d
ff90
ffbb
ffaa
ffa9
ffc4
ffb6
ffa3
ff94
ffa1
ffa3
ffb2
ff97
ffa4
ff9f
ff98
ff91
ff8e
ff88
ff8b
ff8c
ff8a
ff8a
ff8f
ff8d
ffab
ff8c
ffa2
ffa5
ff9d
ff94
ff94
ff9b
ffa5
ffa1
ffb3
ffc9
ffc1
ffce
ffeb
ffd6
ffcb
ffc7
ffbd
ffb7
ffb1
ffa6
ff9d
ff95
ff95
ff9d
ff94
ff87
ff91
ff94
ff8f
ff8e
ffa3
ff95
ff9f
ff9e
ff9a
ff95
ff97
ffa0
ffb2
ffad
ffc0
ffbf
ffc1
ffbf
ffc7
ffc9
ffc3
ffc3
ffbe
ffc1
ffaf
ffae
ffa0
ff96
ff8f
ff90
ff8e
ff8c
ff8b
ff8f
ff91
ff8d
ffa5
ff96
ff9d
ff9f
ff98
ff94
ff98
ffa2
ffae
ffbb
ffc5
ffbe
ffc0
ffc1
ffc7
ffc8
ffc6
ffc7
ffc1
ffb9
ffb9
ffb6
ff9f
ffa1
ff94
ff92
ff94
ff96
ff94
ff8f
ff8f
ff8e
ffa4
ff96
ff9a
ff96
ff93
ff93
ff9b
ffb4
ffbf
ffbc
ffbd
ffc7
ffbf
ffc0
ffb9
ffbf
ffc5
ffc8
ffcc
ffbe
ffb6
ffb3
ffa9
ffa6
ff98
ff92
ff8d
ff8a
ff90
ff91
ff90
ff8e
ff9d
ff96
ff9a
ff97
ff94
ff94
ffa8
ffba
ffc3
ffbd
ffc3
ffcf
ffd2
ffd9
ffd8
ffd7
ffd3
ffd1
ffc6
ffc7
ffc8
ffb7
ffb3
ffae
ff96
ff95
ffbc
ffc0
ff9b
ff90
ff90
ff8f
ffa9
ff96
ff9b
ff97
ff94
ff95
ff9f
ff9f
ffab
ffbf
ffcb
ffe8
010c
013a
0126
015e
0165
010c
014a
00e2
ffd2
ffbd
ffad
ffb6
ffab
ffab
ffb8
ffb7
ffa5
ffb0
ffa8
ff9a
ff9e
ff95
ff99
ff94
ff91
ff92
ff9d
ffb4
ffb7
ffb4
ffbc
ffcb
ffeb
fff9
fff9
fffa
fff9
fff9
fffa
ffee
ffc3
ffb7
ffb0
ffaf
ffb7
ffc7
ffb8
ff94
ffa0
ff77
ff9b
ff94
ffa2
ff96
ff99
ff95
ff92
ff94
ffa0
ffa8
ffaf
ffb7
ffab
ff86
ffe1
fff3
fff3
fff3
fff3
fff3
fff3
fff5
ffc1
ffae
ffad
ffae
ff96
ff90
ff94
ff9d
ffa9
ffc2
ffa3
ff99
ffa4
ff99
ff98
ff94
ff92
ff99
ff99
ffac
ffbe
ffa6
ffef
ffda
ffd3
fff3
fff3
fff3
fff3
fff3
fff3
fffa
ffe0
ffb1
ffb1
ffa7
ff9d
ff9e
ffb3
ffb6
ffa5
ff85
ff8b
ffa7
ffa2
ff96
ff9a
ff96
ff96
ff9e
ffa5
ffaf
ffb8
ffc2
ffc0
ff7d
ffda
fff3
fff3
fff3
fff3
fff3
fff3
fff8
ffd6
ffbe
ffad
ffbc
ff99
ff3b
ff61
ff5d
ff60
ffaa
ff93
ff90
ffa7
ff99
ff96
ff93
ff90
ffaa
ffa1
ffa7
ffb9
ffc8
ffc2
ffc0
ffe2
fff3
fff3
fff3
fff3
fff3
fff3
fff2
ffcc
ffc5
ffb7
ffa7
ff8c
ff9c
ff54
ff6b
ffb3
ff98
ff97
ffb8
ffaa
ff94
ff98
ff94
ff92
ffa5
ffa6
ffa6
ffb5
ffb2
ffb2
ffca
ffe4
fff3
fff3
fff3
fff3
fff3
fff3
fffb
ffe2
ffba
ffbd
ffa6
ff9c
ff9d
ff99
ff8d
ff98
ffa6
ffac
ffae
ff99
ff90
ff99
ff96
ff93
ff9b
ffa5
ffa4
ffb2
ffc8
ffce
ffcc
ffe5
fff3
fff3
fff3
fff3
fff3
fff3
fff8
ffe0
ffc2
ffb6
ffbd
ff97
ff94
ff95
ff90
ff9a
ff9b
ff93
ff91
ffac
ff9d
ff9c
ff95
ff94
ff97
ff9a
ffa5
ffb6
ffc4
ffc4
ffa7
ff62
ff44
ff33
ff3a
ff55
ff48
ff46
ff86
ffcd
ffc5
ffb7
ff9a
ff97
ff91
ff86
ff97
ff89
ff96
ffaa
ffaa
ffa7
ff96
ff9b
ff98
ff94
ff92
ff9b
ffa1
ffaf
ffb7
ffc9
ffc6
ffc8
ffc1
ffcc
ffc1
ffdd
ffcf
ffbc
ffc7
ffc8
ffcb
ffb7
ff9e
ff91
ff91
ff97
ff8f
ff9c
ff99
ff9c
ff85
ffa3
ff98
ff9b
ff99
ff95
ff8f
ff9e
ffa5
ffaf
ffc3
ffc8
ffd3
ffc0
ffbb
ffb4
ffb6
ffc7
ffc2
ffad
ffb2
ffc8
ffc6
ffb8
ff98
ff90
ff91
ff8d
ff8e
ff8f
ff8d
ff7c
ff99
ffa4
ff97
ff98
ff9b
ff98
ff90
ff96
ffa4
ffb2
ffbf
ffc0
ffb0
ffaf
ffa7
ffa5
ff9e
ffa5
ff8f
ff97
ffb2
ffc4
ffc9
ffb5
ff95
ff84
ff90
ff93
ff8d
ff90
ff8d
ff96
ff8d
ffa4
ff98
ff99
ff9f
ffa1
ff93
ff93
ff86
ffad
ffb8
ffc8
ffd3
fff3
001c
0005
0022
fff6
ffed
ffe0
ffbf
ffb6
ffc1
ffb1
ff93
ff8a
ff89
ff91
ff90
ffa3
ff82
ff77
ff97
ffa3
ff97
ff99
ff9f
ff9e
ff97
ff90
ff8d
ffa1
ffbb
ffbf
ffcb
ffc4
ffc1
ffc5
ffc3
ffd2
ffcd
ffc6
ffbf
ffbc
ffc2
ffa8
ff92
ff8b
ff8a
ff93
ff86
ff76
ff97
ffa7
ff95
ff9f
ff93
ff95
ffa1
ffa1
ff9a
ff92
ff8f
ff97
ffb7
ffc8
ffc8
ffc6
ffc6
ffcc
ffd0
ffd3
ffcc
ffc4
ffb5
ffc1
ffbd
ffa2
ff91
ff8c
ff8c
ff94
ff8f
ff94
ff93
ff8b
ff7f
ff9f
ff92
ff97
ffa0
ffa1
ff98
ff94
ff91
ff99
ffa6
ffc3
ffc7
ffc1
ffc6
ffca
ffc6
ffd4
ffcc
ffc2
ffbf
ffbb
ffb0
ff92
ff8b
ff8a
ff86
ff68
ff6a
ff8f
ffaa
ff9c
ffa1
ffa2
ff96
ff91
ffa0
ffa2
ff96
ff91
ff95
ffa2
ffad
ffaa
ffbe
ffc5
ffc7
ffc8
ffcc
ffcf
ffc9
ffc5
ffbf
ffb0
ff9b
ff93
ff8b
ff8a
ff8a
ff88
ff95
ff9f
ff9e
ff6f
ff59
ffa3
ff96
ff8a
ff7f
ff93
ffae
ffb5
ff98
ffab
ffab
ffb0
ffb3
ffb5
ffc3
ffc9
ffc2
ffc8
ffc8
ffc3
ffb1
ff88
ffa1
ff89
ff8b
ff8a
ff8a
ff8b
ff8a
ff8a
ff88
ff85
ff8f
ff9d
ff9a
ffa3
ffa0
ffa2
ff98
ffaa
ffa4
ffb0
ffb2
ffb9
ffc2
ffae
ffa4
ffb2
ffb7
ffc2
ffb7
ffa3
ffb6
ffa7
ff86
ff8e
ff89
ff8a
ff8e
ff93
ff94
ff8c
ff8b
ff8c
ff8a
ffb1
ff8c
ff91
ff9f
ffa8
ffad
ffac
ffb1
ffb2
ffb4
ffb3
ffae
ffb4
ffcc
ffcf
ffd4
ffc9
ffc1
ffc4
ffa1
ff9a
ffa4
ff9c
ff8c
ff81
ff8e
ff93
ff93
ff8c
ff8c
ff8c
ff8a
0050
0051
006c
fffa
ffe7
fff4
fff3
ffe4
ffe2
ffd5
ffcb
ffd6
ffde
ffd8
ffd0
ffcb
ffd8
fff0
ffee
0037
0090
0053
fff4
00a2
00db
00f4
0111
0111
0117
010d
00f8
0074
fff7
fffa
fffc
0054
fff9
ffec
fff7
fff9
fff7
fffe
fff9
0030
000a
fffe
fffe
fffe
fffe
0003
ffff
0005
000d
000d
ffff
fffb
fffb
004d
fffa
0003
fffd
0005
ffff
003d
fffe
fff5
fff9
0053
fff0
fff7
fffe
fffd
fffa
002b
0030
fffe
fffe
fffb
fffc
ffff
fffc
ffff
ffff
fffe
fffd
fffd
ffff
002c
fffb
fffd
fffc
fffc
fffd
fffc
fffd
0047
001c
fffa
fffe
fffa
fffc
fff8
fffe
0012
002d
ffff
000b
fffc
fffe
fffb
0005
fffd
fffe
fffd
fffd
fffe
fffd
fffd
fffe
fffc
ffff
001d
fff7
fffe
ffff
fffe
fffe
004d
0065
fff6
0000
fffb
fffd
0001
001c
ffff
0004
fffc
0008
ffe8
ffee
fff9
fff2
0075
0006
006b
fff9
fffa
fffe
fffc
fffd
ffff
fffe
0008
001d
fff2
fffd
fffe
fffd
0055
0045
ffee
fffd
fffc
0017
0019
000b
fff9
fff7
ffec
fff4
ffeb
fff7
ffff
0023
fff3
0037
fff4
00c2
004b
0008
fffa
fffe
fffd
ffff
0017
fffe
fff4
fffc
fffd
fffd
0052
002e
fff9
ffee
001e
0029
0015
fffd
fff8
ffef
ffe7
fff1
0013
0001
0012
ffed
ffff
002e
fffc
0035
fffc
0076
0067
fffa
fffe
0000
fffb
001f
fffe
fff0
fffd
fffe
004f
000a
0007
ffd6
fffe
001b
0048
0016
0038
ffd8
ffd8
0001
fffe
fffa
0000
fffd
ffff
fffe
0007
0013
0035
fff5
007d
0052
fff8
001c
0006
fff9
0006
000a
fff6
fff9
004d
0007
fffa
ffdf
0020
0036
ffff
fffd
fff9
ffe1
fff4
fff7
fff4
fff9
fffc
fffb
0003
0008
0014
0006
0046
0053
0011
003c
001a
fffd
ffff
0022
fff9
fffd
fffc
fff9
004c
0013
fffb
ffe3
003a
0024
fffe
fffb
ffe8
ffee
000c
fff5
fff6
fffe
ffff
fffe
fffc
0012
fffd
000e
ffff
0080
006f
fff3
0092
fff8
0002
0000
000b
fffa
fffc
fffd
004d
001e
fffb
ffe4
0043
000f
fffd
ffeb
ffe7
fff1
ffef
fff9
fffb
fffc
fffc
fffc
0008
ffff
0011
fffd
0030
fff7
0050
003e
006f
fffe
fffc
000e
fffd
fffc
ffff
fffc
0049
0018
ffff
ffe7
0052
ffff
fffb
ffe6
ffd8
0009
fff4
fff5
fffd
0006
ffff
000f
fffc
fffd
fffe
0015
002d
0066
fffa
0055
0014
003b
fff9
000f
004e
fff9
fffa
fffc
0050
0004
ffeb
ffec
003d
ffff
fffc
ffd1
ffe3
002e
fff1
fff4
ffdf
0037
fffa
0006
0002
fffc
fffc
ffff
008c
fffc
00a6
fffa
fffd
00f0
ffff
ffe0
0032
ffff
0022
fffe
004b
0072
ffe4
fff2
0036
fffe
0006
ffde
ffea
fff8
ffe3
fffa
fff2
ffff
0001
ffff
ffff
0001
ffff
ffff
000f
fff4
0065
fffe
0018
00d3
fff9
003e
fffe
ffb4
ffd0
0032
0092
008b
ffdd
fff6
0032
ffff
fffb
ffec
fffb
0036
ffe8
fffe
ffec
003b
fffe
fffe
fffe
fffe
fffe
fffe
fff9
ffd5
005f
009d
fffe
0056
ffe9
0069
ffea
ff9f
00fb
ffd0
0032
0045
ffe3
fff7
0037
ffff
fff8
ffe7
fff9
fffd
0036
004e
0012
0039
fffe
fffe
fffe
fffe
fffe
fffe
fff7
ffc7
ffc9
01d6
ffcf
00a1
fffc
ffee
ffee
ffc2
ffe1
0078
ffe7
ffff
fff7
fffb
0019
fffa
fff0
ffe8
ffd3
ffef
002b
ffc0
01e7
ffe7
fffe
fffe
fffe
fffe
fffe
fffe
ffc5
fff1
0089
ffff
ffe4
00cc
ff65
0012
005c
017d
ffec
0040
000a
0007
fff1
fffd
001b
0027
ffd3
0056
ffcd
fffd
fffe
0001
002b
fff2
fffe
fffe
fffe
fffe
fffe
fffe
ffee
0066
005d
fff3
0084
001f
0063
ff9a
007c
0157
ffeb
010a
ff9c
fff8
fffc
fff9
0040
0013
ffad
0018
ffdc
ffee
fff6
0012
0016
fff5
fffe
fffe
fffe
fffe
fffe
fffe
fff1
0031
fff5
0073
00b2
00cb
0004
fff8
fff1
ffc2
ffe9
003d
0002
fff2
000f
fff6
0068
fffd
ffb6
0143
fff6
ffe0
ffed
0004
0022
fff5
fffe
fffe
fffe
fffe
fffe
fffe
fff2
0020
0063
0047
013b
fffc
fff7
0070
ffd3
ffea
fff9
fff9
fff4
0027
ffe7
fff7
0071
fffd
fff8
0056
fffb
ffe9
fff2
fff3
008e
ffea
fffc
0004
fff8
000e
ffff
fff6
ffe9
0060
002f
0084
0029
000b
fffe
fff7
fff9
ffec
fff7
001e
0034
0016
fffa
fff6
006d
fffd
003f
fff6
0002
ffee
fff1
fff9
0009
fffb
0065
0013
0022
fffb
002d
000f
ffea
000b
0048
00b3
00e1
fffe
fffc
fffb
ffff
fffd
ffeb
001c
001a
0019
fff8
fff9
005e
0002
0064
ffd7
fff9
ffeb
fff1
fff5
0009
fffc
fffc
fffb
00a1
fffe
fffe
fffd
fffa
fff8
0031
0077
0117
fffc
fff5
0015
ffff
ffef
0024
fff9
fff9
001b
fff7
fffa
0042
001d
001d
ff97
0060
ffda
fff1
003b
fffc
004b
fff4
0032
005a
fffc
0016
0015
000c
ffef
000d
0096
00ac
0017
fff3
0020
000a
fff1
ffff
ffb1
012f
0018
fff7
fffb
fffc
006e
fffb
fff9
003b
ffe5
ffeb
0056
002f
0064
fff4
ffec
ffe8
0018
0040
000a
ffe5
ffe8
0055
0088
0091
0064
fffa
0031
fffe
fff4
ffe4
00bc
0051
0017
fff8
fffd
fff5
0051
0025
0001
0004
ffce
ffee
ffe8
004f
fff9
fffd
fff3
000e
000c
002e
0061
0049
ffe5
0044
0085
005e
0025
000e
fff9
ffff
ffe5
00c1
ffc9
012f
0018
fff9
fff9
fffa
001b
005a
fffd
0062
ff9a
fff4
ffeb
ffff
0021
fffc
fff7
fffd
0009
000d
004e
003b
ffeb
002f
0122
0038
fffb
fff7
0001
0008
ffef
0020
0036
0022
0004
fffb
fffb
fff7
fffb
0065
0000
fffc
ffd5
ffca
fffc
fff3
0028
fff7
fff5
fffe
0006
004c
003d
002e
ffeb
004a
01dc
0008
fff8
0044
ffd6
fffb
0043
fffb
0024
fffd
fff4
fff1
0002
fff5
ffff
0046
0011
fff7
ffcd
ffc7
fff5
fff0
0031
fff8
fff3
fff3
0002
0046
0030
001d
002e
0011
00b4
fffd
fffd
fffc
000c
fffc
fffc
fff5
ffe4
0073
fff1
007f
ffec
fff7
0008
0018
0002
fff8
ffe0
00bd
ffbe
0015
ffee
fff9
ffff
fff6
000c
0015
0045
0044
005e
010a
000e
fffd
fffd
fffd
fffd
fffd
fffd
fffd
000d
ffff
ffff
fffa
ffee
fffb
fff6
fff2
fffc
0039
ffdc
fff0
00e9
ffe9
ffed
ffe6
001a
000f
ffff
0003
0038
009b
00ef
fffd
0002
fffc
fffc
fffe
ffff
fffe
fffd
fffc
0016
005f
ffef
fffc
fff6
fff6
ffd9
fffd
001a
0022
ffe6
0071
ffe8
0086
002c
fff3
fff3
0010
fffe
0004
0008
fffb
00be
000d
fffc
fff9
fff9
fffe
fffd
fffb
fffc
fffe
0022
fff6
0063
fff8
fffa
fffc
ffec
fffe
fffe
ffef
fff8
ffe6
0056
fff7
0011
ffff
fffc
ffff
0021
003e
0002
0058
fffb
0063
fff8
fffb
fffc
001f
fffe
fffe
0010
000b
ffed
006a
00f2
0083
004a
004c
007c
0059
0083
008e
00a4
0099
0084
0088
0077
0076
0076
0076
0079
0078
007c
0086
008d
0084
0086
0097
0076
00b1
0080
0089
0086
008a
008c
00c8
00d3
0043
0034
0047
0058
006b
007f
0091
00a2
00b6
0077
0071
0068
006b
0069
006f
006d
0076
007c
007a
0081
0081
007c
0087
0094
0074
0084
0086
0082
0083
0086
00b7
00c9
001c
003a
0050
0060
006d
0074
0099
0080
007a
007a
0076
005e
0059
0053
006f
0073
007a
007e
007c
007c
007b
0077
007e
007c
0084
007b
007f
0081
007e
007f
00b7
00d5
0040
002f
004d
005b
0077
0071
005a
007b
007f
0071
004f
0055
007c
005e
0058
0061
004c
0087
007d
007a
0079
0078
007c
007d
0076
0086
0085
0078
007e
0080
00b9
00f9
0088
002d
004e
0065
004e
0053
0057
007f
005d
009e
009f
0091
0090
008f
0079
007e
0085
0068
0068
0075
007b
007b
007f
007b
0079
007c
007e
0073
007e
0081
00b5
00f9
0097
0024
0058
0059
0064
004d
005f
0072
009b
005c
009a
0099
0069
0071
0095
0098
0073
0087
0068
006a
0078
0084
007f
0081
0074
0080
007d
007f
007d
0080
00b2
00fb
004e
0060
0083
0087
0057
0037
0062
0069
0070
0091
006e
002b
0033
003d
002e
0037
0036
0029
0057
007b
0074
006f
008e
0078
0076
0076
007a
007f
0083
0079
00b5
00d3
0048
0062
0082
0083
004f
0050
0051
005d
0067
0045
000d
ffff
ffff
000e
0008
0012
0014
0012
0027
0042
007a
005e
0093
007b
0078
007f
0081
006f
008e
0077
00b4
00cb
0046
0060
0081
0068
004a
0051
0055
005f
0048
001b
000a
0013
0006
0013
0011
0012
001a
000f
0016
0016
003d
0072
007b
008b
007c
0079
0079
0071
007e
007f
00b6
00cf
004b
005d
007d
0060
0048
005d
005f
0065
0036
0025
003b
000f
000a
0019
0026
0028
0026
002d
001a
002b
0030
0070
0067
009a
0080
006e
0075
007f
007d
007c
00b2
00ce
0048
005a
006b
004d
0041
005f
0062
006e
0063
0039
001f
001c
002e
0023
0028
0024
0022
0021
002d
0041
0050
0064
0061
00b7
0078
007f
0091
008e
0077
0074
00aa
00ff
0024
0066
0062
0045
0045
0066
0068
00a6
004a
0022
0058
0031
004f
0043
003e
0033
0032
0052
002c
0067
0059
0071
0085
00d6
00c2
012d
00df
00a5
006f
006b
007d
00e8
0037
0066
005c
003c
003c
0071
0086
0066
000f
003b
006a
0044
00c6
00c1
00be
00bc
00c2
00c4
009b
00ec
0051
0090
0075
010c
00c6
00e1
0091
0101
00e5
00b7
0050
00e2
0040
005e
0057
0035
002b
006c
0079
0019
0015
0021
007a
0034
00d8
00d8
00d8
00d8
00d8
00d8
009d
0137
002a
0087
007d
00cb
00fa
00cd
00f5
013b
0128
00d5
0088
00e3
005e
0059
0050
0033
0033
0053
0060
fffd
ffff
0046
00e9
fff4
00d8
00d8
00d8
00d8
00d8
00d8
007d
0168
006d
0015
0094
00c3
00b1
00e2
0127
0144
00e1
00ac
fffd
00fe
0081
0056
0044
0045
fff2
0075
003e
000c
0028
0011
fff9
0037
00d8
00d8
00d8
00d8
00d8
00d8
00a7
00fa
0053
fffe
00c8
00b1
0097
00a2
0136
01cc
010b
0068
fff4
00fa
0087
0048
0049
003c
fffd
0049
0021
000b
001f
fffc
fffa
002e
00d8
00d8
00d8
00d8
00d8
00d8
00c5
00c5
000d
0024
0092
00b3
0107
011a
01eb
01b5
008e
0052
0085
00fa
0074
0050
0051
0033
0002
0015
0023
fff4
fff4
fffa
fffe
0026
00d8
00d8
00d8
00d8
00d8
00d8
00d1
009e
fffb
ffff
006c
00a7
00ac
0113
00e6
0104
0083
0047
0023
00fc
0054
0055
004e
0039
0056
fff3
fffe
fff6
fff9
fff8
fff9
0039
00d8
00d8
00d8
00d8
00d8
00d8
00d2
0093
fffd
000b
0052
009c
00a8
0093
0099
00e4
00ee
00e5
0088
00d7
0057
0054
004f
003e
005d
ffec
fffd
fffb
fff8
fff9
fff9
005c
00c4
00bf
00cf
00be
00c7
00dd
00cd
0074
0008
003d
0061
00aa
00a2
009c
00af
008d
006e
0068
0099
00d3
0056
0075
0051
0043
0055
fff3
fffe
fffa
fffb
fffe
0007
0040
0015
002a
0048
0066
0056
0056
005e
0024
001c
002e
0091
008f
0076
00b4
0097
0094
00aa
0088
00d0
00d2
005a
0077
0051
004d
003f
fff8
0012
fffe
0004
ffff
0036
003c
0041
0041
0060
0041
0062
0053
007d
004b
0028
003f
00a4
0088
006b
00a0
00b3
00a4
00e4
008c
0154
00d3
005a
0074
0055
0057
0031
0040
0000
0008
001b
0029
0051
0069
002d
0013
fffc
001a
0028
003d
006a
006c
003d
004d
00cf
006b
0080
00ad
00cb
00c0
00dd
0137
0116
00dc
005a
006b
005a
005d
003b
0049
000a
fffd
001f
0025
0066
002c
fffb
fff8
fff9
fff2
fff8
ffff
0031
0054
0058
0051
00d0
0067
00a6
00ca
00ec
00f0
00fa
0112
0148
00db
0057
0061
005e
006a
0050
002a
003f
fffe
0023
002a
005b
0036
0023
0018
0009
001b
0010
0040
005a
0052
003c
004e
00c8
0064
00aa
00db
00f2
0122
0136
012b
0102
00d6
0056
0067
005e
0076
0058
0037
0024
005e
fffd
003b
0042
0052
0032
002c
002f
0025
0038
0044
0049
0065
0030
0070
0098
006a
00ac
00cc
00f7
011b
0100
00f3
0138
00da
0053
005e
0058
007c
005c
0043
0006
0066
fffc
002b
0045
004f
003f
003e
001c
001f
0023
0035
003d
0047
003c
009f
0076
0076
0094
0104
0147
0154
0157
0130
017a
00ef
0092
0042
0055
0080
006c
0045
0018
000a
0027
0003
0057
003c
0042
0030
fffd
0005
0005
0017
0020
0053
0065
00a4
007b
007d
0087
00bc
00fe
0108
0128
015a
0140
00f2
0059
0056
0053
0078
0054
0011
fffa
fffb
fffe
003e
0045
0033
0023
0009
fffb
ffff
ffff
ffff
0008
0073
009b
006d
007c
007f
007e
007f
007e
007f
0088
00b8
0116
00f0
0085
0051
0037
0048
ffff
0020
000a
fff9
0023
0007
0045
0047
0007
fffe
fffa
fffa
fffa
fffe
003b
0081
0050
0075
007e
0083
0080
007c
006c
0065
005e
005a
0082
00e7
0042
005a
0078
0017
003d
0022
0008
0004
0005
001f
0018
002e
003c
001a
0017
0002
001c
003f
0024
0047
0070
0073
0066
0053
0064
0060
0055
003d
0031
002c
0074
00b1
005b
0068
0076
004c
004b
0035
002a
0040
0041
003f
0054
0055
0040
003f
0046
0050
0060
0052
005c
004e
0032
0055
0087
004d
004f
0041
003d
0040
0037
002d
004b
ff9c
ffe6
006c
0032
ffe9
fff9
0035
0004
fffd
0013
009f
ffdc
fffe
0000
ffff
0001
ffff
ffff
0007
0013
0000
fffc
0008
ffed
0083
fffa
fffc
0000
0006
ffff
0004
ff78
ffa1
ffe5
0073
fff0
fffa
0028
fffd
0004
0035
0015
ffee
fff9
fffe
fffd
fffe
fffd
fffd
0002
fffc
fffc
fffe
fffe
ffff
fff8
0045
fff0
000d
fffd
fffe
fffe
fffd
ff78
ffa4
ffec
004d
fffc
000a
ffff
0014
0028
fff5
fff8
ffff
fffb
fffd
fffb
0012
ffff
fffc
fffc
fffd
fffe
fffe
fffe
fffe
ffff
fffc
ffff
fffc
ffff
fffd
fffe
fffe
ff77
ffa2
ffee
0059
fffd
0012
002b
fffa
fff7
fffe
fffc
fff5
ffef
0053
fffb
fffc
0015
fffa
0023
fff7
fffc
fffe
fffe
ffff
fffd
fffe
0010
fffb
fff9
0008
fffe
ffff
ff79
ffa1
ffe6
0072
0015
0011
fff7
ffff
fff8
fff5
fff5
fffe
0023
0001
fffa
fffd
0010
000a
0028
fff8
fffb
fffc
fffb
fffe
fffe
fffe
0024
fff7
fff5
0019
fffd
fffe
ff7a
ffa2
ffdb
00a2
fffe
001f
fffb
fffb
fff6
ffea
0037
fff8
004b
fffa
fff5
0011
0023
fff9
003c
fff2
003e
fffc
fffa
fff7
fffe
fffe
0016
fff8
fffb
fffe
ffff
fffd
ff7b
ff8f
fff7
0036
001c
004e
fff2
fffb
ffe3
ffff
fff6
00b1
fff1
fffc
0002
fffb
0001
fff6
0016
0022
fff9
0035
fff7
fffb
fff6
fffe
0000
fffd
fffa
ffff
fffd
ffff
ff7b
ffa4
000a
fffa
005b
fffd
fff7
fff9
ffe9
fff2
00b2
fff0
fffc
0010
fffe
fffe
fffe
ffff
0009
0015
fff9
0033
fff0
0045
ffe6
000a
fffd
000e
fff4
001d
fff8
fffe
ff7d
ffb0
0001
fff9
0070
fff2
fffd
ffef
ffee
004e
fffd
fffe
0027
fffe
0006
fffc
ffff
000a
ffff
0014
fffa
0043
fff2
002e
fff2
fff5
0014
fffd
fff2
002f
fff5
0013
ff7b
ffb8
fffe
fffc
0051
fff2
fffe
ffe4
fffb
0059
fff8
0022
0015
fffa
ffff
ffff
fffd
0009
000d
0000
ffff
0008
002c
ffea
0064
ffe5
0001
fffa
fffd
0002
fffe
ffff
ff7b
ffba
fffd
0005
0018
fff9
fff6
ffd8
0059
0084
fff3
000c
fffb
0001
0002
0008
fffb
ffff
0004
000c
001a
fffc
0007
fff0
00be
ffd5
fffb
0017
0027
fffb
fffc
fffd
ff7c
ffa0
003f
fffe
ffff
fffc
fff0
ffda
008d
009b
ffe5
fff7
fff6
0011
fffa
0011
fffd
fff5
0033
fffc
006e
0024
fff1
ffef
0117
ffce
fff9
000d
009f
ffeb
fffa
fffc
ff87
ff96
007b
fffc
fffc
fffe
fff2
ffe1
00d0
fff0
fff2
0038
ffa8
0121
fffe
fffe
fffe
fffe
fffe
fffd
0249
ffb6
002c
ffc8
018d
ffcd
fffa
ffdf
019c
ffcc
0018
ffff
ffcc
ffac
0051
fffb
fffc
fffe
fff5
ffe6
0021
0001
0001
0015
ff8b
0197
fffe
fffe
fffe
fffe
fffe
fffe
035e
ff69
00b6
ffb7
01aa
ffd3
ffe3
0098
00e8
ffe3
ffd8
0058
ffed
ffb3
0029
fffb
fffe
fffe
fff7
ffec
fff7
0046
0099
008e
ff01
0376
fffe
fffe
fffe
fffe
fffe
fffe
047a
ff38
001f
ffee
00fa
fff5
ffc6
00ba
0082
ffe5
0021
ffef
ffd2
ffb3
0021
fffe
fffd
fff2
009e
ffd0
fff5
007a
008d
ffe1
ff48
02f8
fffe
fffe
fffe
fffe
fffe
fffe
03b1
ff5f
ffce
0195
ffed
ffe0
ffc0
00ac
0092
00d9
ffcc
ffe9
fffe
ffb7
ffff
0003
fffc
ffe9
0122
ffb5
0007
007f
0025
ffee
ff8d
01b7
fffe
fffe
fffe
fffe
fffe
fffe
0264
ffac
ffe2
00aa
001c
ffed
ff8f
01d9
01b9
ffd5
ffd4
0023
ffef
ffb8
fff9
000d
fffe
fffa
00d0
ffcb
ffef
006f
000e
ffff
ff92
0168
fffe
fffe
fffe
fffe
fffe
fffe
025b
ff9f
003f
0015
0034
ffe3
0002
fff8
010e
ffde
ffed
0028
ffbe
ffb0
fff9
0000
0018
ffff
ffe6
0026
ffe3
0061
000d
ffff
ff9e
0141
fffe
fffe
fffe
fffe
fffe
fffe
01e8
ffbd
0014
0069
fffa
ffe6
fffc
007a
0054
ffcf
0051
0025
ffa5
ffa6
fff6
fffe
0044
fffa
ffc1
0145
ffdc
0002
0016
001f
ffba
0119
fffd
fffe
fffa
ffff
ffff
fff7
0166
ffca
0040
fffd
008a
ffcb
0002
004d
fff3
ffe5
0043
0006
ff82
ffb2
ffff
fff7
005a
fff8
ffc2
0157
ffda
fffe
0039
fffe
0023
fff4
0019
fffa
fff8
0029
fffd
ffed
002d
0047
002c
0050
fff0
ffea
0071
ffeb
fff9
000f
fffb
0002
ff84
ffb4
0008
ffef
0087
fff3
ffda
0126
ffd3
0037
0007
001f
fff1
0029
0006
fff8
fff3
0054
fffb
fffc
fff6
002d
004e
009e
ffd3
fffa
0049
ffea
fff4
006d
ffc8
01cf
ff4e
ffb2
000d
ffec
00a6
fff1
fff9
0061
ffd8
ffff
ffff
0004
002b
ffff
fff8
fff5
fffd
0061
fffd
001a
ffdc
0026
0083
0104
ffb1
003b
001b
ffee
fff9
0032
fff2
0094
ff55
ffb2
0006
ffea
009a
fff7
fffd
ffe0
fff7
0021
fffb
005e
0034
fffc
fff3
0013
fff9
0047
fffb
fff8
ffea
fffe
00c9
012f
ffa2
0061
ffe6
003b
fff8
0017
ffe1
00c6
ff69
ffb1
0007
ffea
0067
0038
fff2
ffff
ffd1
008f
fff5
0071
fffc
fffa
fff4
fffd
0010
0002
002d
fffc
ffee
fffa
00b0
012b
ffa3
0054
ffe6
0050
fff4
004f
fffa
fff6
ff7a
ffb1
0009
ffe7
005b
0043
fff6
fffc
fffb
ffe4
0042
000c
004b
fff1
fffa
fffe
0013
0006
0022
0003
fffb
ffe6
00b4
00bd
ffba
0047
ffe0
004b
0012
fff7
000a
ffdd
ffb2
ffa9
000e
ffe4
0068
002d
000d
fff5
0068
ffac
00c5
000a
003c
fff4
0001
fffc
0000
000f
0014
0004
fffe
ffef
00ee
ffe9
ffeb
000d
ffe2
0052
001f
fff9
fffa
0037
ff79
ffa3
ffe6
fff6
0061
001c
0036
fff1
002e
ffdf
ffeb
007a
0000
fffa
000d
fffc
fffa
000d
0050
fff4
fff5
000e
019f
ffaa
ffff
ffff
ffff
fffc
fffc
000d
ffeb
0017
ffa5
ff91
fff4
fffe
006c
001a
fff6
fff4
fffc
fffc
0007
0011
fff6
001c
001a
fff3
fffd
001c
0041
ffee
0072
0039
fff7
ffe3
fffe
fffd
fffe
fffe
fffe
fffe
0000
fffd
ff70
ff97
fffe
0003
0008
ffe5
002e
004c
fff4
002e
fff7
fffb
0017
ffe8
004b
ffff
fffc
0017
001d
0011
00b1
ffdc
fff5
fff8
fffd
fffe
fffe
fffe
ffff
ffff
fffd
fffc
ff77
ff8d
fff8
000e
ffea
002f
0061
0033
ffe3
0019
000d
0015
fffe
fffc
fff7
0027
fffe
0028
0029
fff5
0095
ffe2
fff6
fffc
fff8
0013
fffe
fffd
0008
fffc
fffd
0017
ff7a
ffad
0006
fffa
ffcb
0142
fffa
ffff
fff8
fffe
ffff
fffa
0027
fff6
fff8
fffd
0027
0009
fff6
fff9
006e
ffe8
fffa
003d
fff4
fffe
fffd
fffd
ffff
fffd
0012
0031
ff82
ff35
ff19
ff2d
ff2e
ff1a
ff2e
ff59
ff65
ff6f
ff73
ff62
ff36
ff23
ff22
ff22
ff22
ff21
ff20
ff1e
ff1b
ff12
ff07
ff04
ff06
ff12
ff10
fefb
feff
feff
feff
feff
ff10
ff3e
ff2a
ff3b
ff39
ff40
ff61
ff6b
ff70
ff72
ff61
ff30
ff24
ff23
ff23
ff23
ff22
ff1e
ff1c
ff15
ff0f
ff0e
ff0c
ff0a
ff0c
ff0a
fefb
ff01
ff00
feff
ff00
ff00
ff21
ff44
ff2c
ff3f
ff4e
ff5a
ff63
ff66
ff60
ff3a
ff25
ff22
ff1e
ff23
ff29
ff2b
ff28
ff1c
ff13
ff10
ff0f
ff0e
ff0d
ff0c
ff0a
ff07
ff05
ff01
ff00
ff01
ff01
ff00
ff21
ff3f
ff27
ff3f
ff52
ff57
ff58
ff41
ff27
ff24
ff20
ff25
ff36
ff5e
ff6f
ff68
ff5a
ff48
ff3a
ff27
ff14
ff10
ff0e
ff0d
ff0a
ff08
ff05
fefd
fefb
ff02
ff04
ff03
ff24
ff39
ff21
ff3c
ff4e
ff48
ff2e
ff26
ff1e
ff23
ff31
ff68
ff90
ff9b
ff99
ff9b
ff96
ff91
ff7f
ff5a
ff38
ff22
ff13
ff0d
ff0b
ff0a
ff03
fef8
fef9
ff01
ff04
ff03
ff24
ff37
ff21
ff40
ff53
ff46
ff34
ff1f
ff1d
ff31
ff77
ff91
ffb4
ffb1
ffa4
ffac
ffb4
ffa8
ff9c
ff8a
ff71
ff53
ff33
ff17
ff0d
ff0a
ff05
fefd
fefb
fefe
ff03
ff04
ff24
ff3d
ff30
ff56
ff70
ff66
ff45
ff31
ff2e
ff4d
ff8f
ffc9
ffb8
ffb6
ffbe
ffbc
ffb2
ffad
ffaf
ffa5
ff8f
ff77
ff4f
ff2b
ff15
ff09
ff04
fefd
fefc
fefb
fefd
ff01
ff25
ff51
ff46
ff5b
ff6d
ff5b
ff47
ff43
ff4c
ff76
ffae
ffb1
ffc3
ffd5
ffda
ffe0
ffdf
ffdd
ffd4
ffc5
ffac
ff8b
ff64
ff3d
ff1f
ff0f
ff0a
ff05
fefb
fefd
fefd
fefe
ff25
ff58
ff49
ff5c
ff68
ff52
ff49
ff4b
ff65
ff9e
ffb4
ffcb
ffe2
fff0
ffef
ffef
ffef
ffea
ffe3
ffd6
ffc7
ffa7
ff7b
ff55
ff30
ff13
ff0c
ff04
ff01
ff00
ff00
ff05
ff26
ff5b
ff4a
ff5a
ff62
ff4e
ff4a
ff55
ff80
ffb1
ffca
ffe6
fff4
fff0
fff1
fff2
fff1
ffef
ffea
ffe1
ffcf
ffb8
ff98
ff6b
ff43
ff1f
ff0c
ff07
ff08
ff08
ff08
ff07
ff27
ff59
ff48
ff59
ff5a
ff4d
ff4b
ff62
ffa0
ffd1
ffdd
ffe8
ffee
fff6
fff7
fff2
fff0
fff0
ffef
ffe9
ffd9
ffbf
ff9c
ff7b
ff57
ff32
ff20
ff37
ff40
ff2d
ff18
ff0f
ff2b
ff50
ff3c
ff5b
ff57
ff4e
ff4d
ff70
ffb6
ffda
ffd1
ffe6
0009
003c
004d
0049
003c
002b
003a
0025
fff7
ffdc
ffab
ff88
ff73
ff4a
ff3f
ff63
ff67
ff4d
ff3c
ff31
ff40
ff4b
ff3d
ff59
ff54
ff4d
ff4d
ff6b
ffa1
ffac
ffc9
fff2
0005
0119
0187
0180
0184
018d
017d
017e
0145
fff1
ffb6
ff90
ff7d
ff5e
ff4b
ff59
ff5f
ff69
ff8e
ff97
ff94
ff50
ff3e
ff59
ff53
ff4d
ff4b
ff64
ff89
ffa6
ffcb
ffd3
ffe4
00a2
0152
0152
0152
0152
0152
0152
00c8
ffcd
ffa3
ff8c
ff76
ff51
ff61
ff80
ff7e
ff8e
ffaa
ffb2
ffb2
ff53
ff45
ff58
ff54
ff4d
ff4e
ff5f
ff88
ffaf
ffc2
ffb6
ffa1
fff8
0152
0152
0152
0152
0152
0152
007b
ffb2
ff8e
ff84
ff73
ff57
ff46
ff6e
ff81
ff8c
ffa6
ffaf
ff8d
ff58
ff4a
ff57
ff51
ff4f
ff55
ff72
ff88
ffc9
ffc8
ffa9
ffca
00a9
0152
0152
0152
0152
0152
0152
0058
ffbf
ff9f
ff96
ff7f
ff4e
ff69
ffd6
fff0
ffd8
ff9a
ff8b
ff87
ff59
ff49
ff54
ff4f
ff51
ff66
ff70
ff90
ffd3
ffdb
ffd7
ffea
00e7
0152
0152
0152
0152
0152
0152
00cb
ffe1
ffba
ffa8
ff89
ff54
ff75
ffe4
0077
ffa9
ff84
ff98
ff8d
ff5c
ff4c
ff55
ff51
ff4e
ff62
ff7e
ff94
ffcb
ffe3
ffee
fffa
00f4
0152
0152
0152
0152
0152
0152
0104
ffec
ffd7
ffbb
ff81
ff43
ff49
ff53
ff4f
ff5c
ff7c
ff8d
ff86
ff57
ff46
ff55
ff54
ff4b
ff66
ff86
ff94
ffc4
ffe9
fff5
0009
0108
0152
0152
0152
0152
0152
0152
010e
0014
ffe2
ffbf
ff79
ff40
ff40
ff50
ff39
ff4c
ff67
ff6d
ff65
ff4d
ff3c
ff55
ff57
ff4b
ff64
ff88
ffa5
ffbf
ffe5
fffc
0028
00e8
00f5
00d4
00d2
00e5
00dd
00d4
00c0
000b
ffe5
ffb6
ff75
ff40
ff39
ff34
ff29
ff1e
ff31
ff39
ff43
ff56
ff4c
ff59
ff58
ff4c
ff60
ff85
ffa2
ffbc
ffe3
fff3
fffc
ffe8
ffde
ffd3
ffc8
ffcc
ffc4
ffbf
ffd1
ffec
ffe0
ffb3
ff5f
ff2a
ff2b
ff1c
ff06
ff13
ff21
ff1b
ff30
ff5b
ff4b
ff58
ff5a
ff4c
ff56
ff79
ffa1
ffb8
ffd6
ffe6
ffe6
ffee
fff1
fff0
ffe3
ffd5
ffd5
ffcd
ffd2
ffd8
ffd7
ffab
ff56
ff23
ff1c
ff10
ff02
ff0b
ff12
ff22
ff47
ff59
ff4a
ff57
ff5c
ff4f
ff4c
ff6f
ff96
ffaf
ffd7
ffe2
ffe3
ffde
ffd3
ffd8
ffd9
ffdf
ffd0
ffbe
ffb4
ffc5
ffd1
ffa7
ff4b
ff1b
ff19
ff0c
ff06
ff09
ff1d
ff20
ff3f
ff59
ff48
ff55
ff60
ff56
ff48
ff56
ff76
ffa4
ffd7
ffea
ffe0
ffcb
ffc5
ffd0
ffdb
ffda
ffc6
ffac
ffac
ffcd
ffde
ff9c
ff3e
ff0d
fefe
ff03
ff08
ff0d
ff13
ff25
ff36
ff58
ff47
ff54
ff63
ff61
ff4c
ff48
ff55
ff90
ffd1
ffec
fff0
ffea
ffef
fff9
0015
0002
fff3
ffdd
ffc6
ffca
ffcf
ff8b
ff2f
ff01
feff
ff04
ff06
ff16
ff23
ff0a
ff2a
ff57
ff45
ff51
ff63
ff63
ff51
ff43
ff48
ff70
ffbf
ffe5
fff1
ffed
ffee
fffb
0011
0006
fff7
ffdd
ffc2
ffc0
ffc1
ff79
ff17
ff01
feff
ff03
ff0a
ff05
ff05
ff08
ff34
ff4f
ff3d
ff4a
ff61
ff67
ff58
ff47
ff37
ff55
ffa8
ffdd
ffeb
ffec
ffef
fffa
0003
000d
fff5
ffdd
ffc0
ffba
ffb6
ff5d
ff01
feff
ff01
ff11
ff24
ff27
ff21
ff1f
ff35
ff43
ff29
ff3b
ff60
ff68
ff5b
ff46
ff39
ff5a
ff9e
ffc7
ffe2
ffe7
ffef
fff7
fffc
0012
fff8
ffdb
ffc2
ffbc
ff93
ff27
fefb
fefd
ff00
ff03
ff07
ff0d
ff14
ff1c
ff46
ff3b
ff27
ff39
ff5c
ff5d
ff4d
ff4e
ff5c
ff85
ffa6
ffb3
ffc3
ffd7
ffea
fff0
fff8
fffd
fff0
ffd6
ffc2
ff9b
ff3c
fef9
fefa
fef9
fef9
fef9
fef8
fef7
fefb
fefc
ff13
ff40
ff27
ff2b
ff3c
ff46
ff68
ff99
ff9b
ffa2
ffb1
ffa9
ffa8
ffab
ffca
ffe1
ffe5
ffe5
ffdc
ffc9
ffa3
ff45
fefe
fefe
fef9
fef8
fefb
ff01
ff05
ff07
ff06
ff03
ff21
ff37
ff20
ff32
ff43
ff71
ffb8
ffb2
ffa5
ffb5
ffc1
ffb9
ffab
ffa1
ffa3
ffaf
ffb5
ffb3
ffa7
ff8d
ff68
ff3b
ff12
ff00
ff01
ff0c
ff13
ff18
ff1d
ff1b
ff1a
ff14
ff2b
ff5a
ff4b
ff4f
ff5d
ff99
ffab
ffa3
ffa6
ffb2
ffb4
ffb5
ffac
ffa2
ff9d
ff9f
ff9f
ff96
ff84
ff7d
ff73
ff54
ff47
ff3b
ff3c
ff3b
ff37
ff35
ff37
ff39
ff36
ff2d
ff43
00e6
0112
0103
0118
00c6
004d
00c9
00d0
00b4
00c4
01aa
012a
0113
0108
0105
010f
0113
0114
0138
014f
012e
0112
011e
0135
0124
0170
0129
012e
0134
012d
012f
0180
0071
00a7
00c0
0052
000a
008a
00a8
00a2
015a
01bc
013f
00c0
00b6
00bc
00be
00b9
00ce
00de
00bd
00b4
009c
0091
008d
0089
00db
0092
0098
00ad
00af
00aa
00a6
00c0
00a5
00bf
00c6
009e
0098
00ae
0106
0195
0145
00f3
00df
00ef
005c
fff7
fffa
002e
0059
0091
009a
009c
009e
009a
009c
009e
009b
009e
00c0
00b0
0090
0096
009a
00b7
00b7
0110
00cf
00b4
00d3
0167
0151
011b
00ca
00b9
fff6
ffc8
ffd8
ffe5
ffe1
ffd8
ffdd
ffd1
fff4
0070
008f
009c
00a0
0098
009e
00a6
00d3
00cc
00a2
009f
009b
00ac
00c5
00de
00e0
0103
010e
00f3
00c9
00c2
0089
ffef
001a
0013
0048
0042
002f
fffa
ffee
ffea
ffe4
ffdb
fffe
0073
009e
009f
009b
0092
0094
00ac
00b6
00a0
00a4
00b3
009b
0096
0089
fff7
fff3
005e
00d2
00e3
0078
0029
ffe2
fffc
004c
004e
0034
0071
00a3
003e
ffff
000d
ffe3
fff6
0052
009b
00a9
00a8
0098
00a0
00c3
00b0
009f
00b3
003e
0019
00bc
0087
009b
0082
003d
001a
001e
0036
00ab
007b
0001
fffb
fff9
fff8
fff3
fff9
fff7
fffb
003c
0013
0005
007d
0092
00a0
009b
00aa
00ad
00d1
00bf
00b5
0063
009d
00b8
0094
00de
00c2
00aa
0048
0006
004c
0069
0011
0006
0014
000c
0007
0006
0025
002d
fffe
fff9
0064
002c
005b
00a6
0096
008d
00ac
0093
00a5
00a3
00ae
0099
00b3
00bb
00a8
00d8
00be
00af
0051
001e
006b
000b
0008
005f
0067
0060
0069
0053
004e
0046
0041
000b
fff0
0050
fffc
0087
009b
00a5
007f
008c
007b
0097
00b2
00a7
00c1
00c1
00c9
00cb
00c1
00a3
0021
0021
004a
004f
009a
0093
007a
0084
0086
007b
0063
0063
0072
00a0
0041
002b
001c
0071
00ac
00ac
0090
009b
008f
00a1
00ae
00d1
00c2
00ab
00c9
00bc
00be
006d
fffd
fff7
009b
00aa
0051
002f
004b
0042
004e
005b
0041
0037
0023
0020
0099
0036
fffe
0047
0011
ffb1
ff80
ffbf
fff4
0023
0064
0117
00e1
00b5
00d0
00c5
00ce
00be
00a0
0108
00c7
0056
0051
ffdc
ffdf
ffde
ffd9
ffdc
ffdc
ffd4
ffc8
0026
0001
0071
fffe
fffa
fffb
00ba
006f
004f
ffcb
ffd4
ffec
005b
00e5
00b3
00ca
00c9
00c9
00dc
00fd
00f4
0094
00a0
0126
fff7
fff3
fff4
fff2
fff1
fff4
fff2
ffe4
010a
006f
0082
002d
0044
ffe2
ffd5
0027
0027
0069
ffd5
ffce
0078
00df
00ae
00c1
00c8
00b7
00a8
00e5
0094
00d8
0119
0201
0028
ffff
ffff
ffff
ffff
ffff
ffff
fff4
0154
00e1
009d
00ac
00b0
01a5
00ce
009a
0030
0051
012b
009e
007c
00a8
00ac
00ba
00ca
00c0
00b6
00a2
006d
007b
00c2
015a
004e
ffff
ffff
ffff
ffff
ffff
ffff
fff3
00a2
00f5
fff8
00ba
0077
003f
0052
0034
0060
0148
018e
023d
00ac
00cd
00c7
00df
00d5
0027
0068
0089
0035
ffff
fffc
ffc9
fffd
ffff
ffff
ffff
ffff
ffff
ffff
fffc
ffc8
0052
0030
0001
009f
00cd
ff8d
ff94
ffd3
00e0
008b
002c
0086
00c0
00a8
00be
00c6
0108
00aa
00c4
008b
0074
0042
004e
ffff
ffff
ffff
ffff
ffff
ffff
ffff
fffe
0002
ffec
006f
0041
0139
01e7
03e2
02de
0274
0148
00f3
0194
008d
00ab
00b0
00b5
00c6
00ea
fffe
010b
00e6
0070
003c
0073
fffe
ffff
ffff
ffff
ffff
ffff
ffff
fffa
002d
004c
004b
006c
007f
0037
0163
0273
0187
0061
00ca
00ca
0128
011c
00ba
009f
00c6
0135
0048
008e
00dd
00a2
005e
0069
fffe
ffff
ffff
ffff
ffff
ffff
ffff
fffb
0020
0051
0095
004b
00ad
00bc
007d
00fe
00df
01a8
0246
0238
0040
00aa
00c4
00a7
00cc
00ef
00cf
00a0
00bb
009e
008d
0071
0150
0171
01c8
0213
0174
01a8
0214
0157
003d
006e
0085
00dc
00d6
00de
0175
014b
0183
01b5
0189
0179
0095
007d
00b8
00a9
00ce
00d7
0142
00e6
00bc
00d1
00ab
009f
00c0
0088
0024
0059
00bf
00c8
00df
0133
00a1
0088
0060
00f2
00c6
00c8
00f5
00e8
0074
0121
00aa
010b
00b5
00bc
00b7
0099
00c7
00c8
0137
00c2
00bb
00a0
00af
008e
0082
00dd
00c1
0090
003b
003c
008a
00f9
00f3
0094
006a
00b7
0097
00ad
006e
009b
009f
00a0
000d
003c
00b6
00bd
00bb
0094
00ac
00bc
018e
00df
00cb
0072
0053
00a1
012e
0122
00eb
0092
0089
00d9
00e8
00c2
0098
0042
005b
010b
013f
01a3
00bc
008e
00bb
0071
0195
0087
00b2
00bc
00bf
0095
0067
00c2
011d
01ea
00e1
00ac
001c
ffff
fff7
fff9
fff5
001b
0027
fffb
0010
002c
004f
0062
0098
00b3
00e6
00fc
006e
0092
0070
0066
006c
00ca
00af
00be
00c3
00ab
0081
00ad
00b5
012a
0169
00ba
00b1
0036
006d
0034
0018
fffd
0018
000c
0008
0054
00cc
009f
00a3
00b5
00cc
00a7
00bb
00ad
00e8
00ac
0156
0048
00c0
00cd
00d9
00a4
008c
0093
00cc
00b3
01f9
00bb
00a1
007b
007f
007b
007b
007b
005f
007b
005b
005c
00af
00b1
00f6
00b0
00b8
00a2
003d
0050
00b1
0065
0086
00c9
00fd
0103
00d4
00af
0093
0079
00b9
00b4
00ef
0150
00a0
0095
0081
0079
0069
0068
0051
0050
0075
0068
0038
00a2
017a
00c5
00d7
009c
0121
00bf
0001
fff8
ffda
0024
00c1
011d
0109
00a8
009c
00c1
00d1
00c6
fff7
00e9
00e9
00cd
0075
007a
0095
0083
005f
005a
0091
006f
00a8
016b
0176
00b8
00c7
00c0
00e7
014c
015d
015b
01dc
014d
0086
000f
00e6
011d
0146
00ed
fff0
fff5
000e
0054
0139
0119
012d
008e
0087
00c1
00a7
00ab
0074
007e
01c1
022e
00c0
00b3
00b1
00b2
00b2
00b4
00b7
00a4
00c9
0169
00a4
0103
0102
0119
0068
ffe3
fffa
006d
005f
0061
002a
00ca
018c
01b2
010f
0101
00ef
0104
011e
016a
0163
011c
0096
00aa
00b7
0081
0024
fff4
fff8
0011
0027
004c
0050
004d
007f
009d
ffed
0054
0098
007d
0085
004f
007a
fffe
000a
00bf
0132
0146
018f
01a1
0168
00d0
000f
fffe
006d
0074
0068
00ac
00bc
00c7
00c1
00b3
00af
00ed
ffb6
ffc4
ffc6
ffe0
0118
0188
017f
0159
0184
01b0
0177
015f
0106
00d3
00d7
00c7
0093
004c
0024
0019
ffe4
ffbe
ffa5
ffaa
ffbe
ffbc
ffbc
ffbc
ffb9
ffb8
ffb8
ffab
ff9d
ff9e
ffbc
ffb1
ffa1
ffc3
ffdb
ffe6
ffef
fff5
ffde
ffb5
ffaa
ffa9
ffa9
ffa9
ffa8
ffa7
ffa5
ffa0
ff98
ff92
ff8f
ff90
ffa3
ff8e
ff8a
ff8b
ff8a
ff8a
ff8a
ff95
00fb
00d2
00bb
00e3
017d
00f9
00a5
009f
0059
ffec
ffe2
006b
0098
0095
0098
0092
008a
0078
0061
0075
00ba
00c9
00c5
00af
0025
0091
00bb
00a7
00a6
00ab
00ac
0088
00c8
00b4
00ad
0102
00d1
00a7
0084
ffff
ffe5
001e
0080
006b
009a
00c5
00d4
00af
0086
0088
00a9
00a8
00a6
00a4
00a4
00ae
00d2
00cf
00ad
00b9
00bb
00b7
00b4
0089
00c4
009c
00b2
00b0
00a1
0041
fff2
0000
0081
0073
00c9
0188
0240
0228
0207
0204
01c3
017c
00dd
00aa
00a9
00a7
00a8
00a7
00ab
00b3
008a
007d
00b5
00bd
00bf
0099
009e
007d
00a2
008b
002a
000f
0082
0070
00ae
0178
021d
01d8
0107
0125
012f
0155
01ce
01ed
01f4
0167
00de
00ab
00a5
00ac
00ab
00a1
009c
00a1
00a4
00aa
00ab
008b
00e7
00ab
00c9
00d7
0101
00b9
0098
00ae
011f
0151
0153
015b
00d3
00a7
00ee
00e1
00ad
0117
0151
01d0
01da
0135
00b4
00ab
00a4
00b0
00ce
00b4
0087
00a6
00a9
0088
00c3
011a
00c8
012f
0138
0121
0112
00ea
0102
0148
00f3
0041
00ba
00ad
004b
002c
007b
00a6
00f8
00b5
00ed
013b
011f
00a7
00ae
00a1
00be
00b8
009f
0083
009f
0088
0150
00de
0095
007c
0047
00a3
00e4
014a
0143
00b2
001d
00fe
0113
011a
014a
0136
011d
00ee
00ef
0107
00f7
00bf
0118
00cd
00be
00d5
00cd
00aa
00ca
00a7
00a8
008b
00dd
00b4
009d
0076
0082
00b4
00d1
0134
013e
0085
0108
00f3
00b0
0093
0090
0092
009c
00a1
00b9
00fd
0118
0137
00ec
0118
009e
00b4
00b4
00c5
00be
00d7
00ca
0089
00ca
009f
008e
0073
00a4
00b5
00ce
0113
00c9
00d3
00d1
0063
0054
005d
0065
0055
0060
0079
0070
0074
009c
0121
00de
0121
00b9
00a0
00cc
00ee
00ce
00ce
00ac
008c
00b7
00a5
008b
0077
00b2
00b7
00ee
013f
0101
0077
0040
0079
0087
006d
005b
0056
0067
0088
00b2
00af
0080
0079
00e3
0125
00fa
010b
0193
0195
0106
00ce
00c1
0096
003a
00ac
009d
0091
00b4
00b5
00d0
00aa
003c
0041
0080
00ad
0113
0116
011d
011d
0105
0113
0109
0148
00f7
00c1
00a9
0118
010e
00e3
0122
01b4
016c
0177
0144
00fb
00e4
00a4
009c
009d
00b0
00a6
004b
ffec
ffea
0087
0090
0036
0172
0173
016c
0194
01a2
016b
01a8
01b6
003c
00c9
0079
00b1
00cd
0116
013d
01a2
01b1
02cb
033d
02a4
00e2
0099
00a3
00ac
00ab
00b7
0070
0012
008f
0034
fff3
ffe7
fffe
ffff
ffff
ffff
ffff
ffff
ffff
fffe
ffde
0043
004c
003a
0146
01ab
01f9
00dc
00d8
fffb
0033
00be
00e4
00bb
00ab
00b9
00b3
00ae
0078
005e
00af
0060
ffda
ff9a
fff8
ffff
ffff
ffff
ffff
ffff
ffff
0008
ffeb
fffa
00ee
fffc
005b
fffe
004b
009d
00ad
00fc
0040
fffa
00c9
00bc
009d
009b
00b1
0154
0088
009d
00f0
0098
016d
025a
fff3
ffff
ffff
ffff
ffff
ffff
ffff
0056
01ef
006d
0103
0066
00d8
021a
03c3
03cd
0253
fff3
0031
00fb
00b6
0099
00ae
00b1
00ab
00a6
00a1
009d
0093
00ba
010e
0096
fffa
ffff
ffff
ffff
ffff
ffff
ffff
003b
015a
011e
0079
00d1
0067
ffcf
ffb1
ffc1
ffbb
00aa
00b0
fffc
00c2
00b1
00b4
00bf
00a5
00a6
0113
0043
003e
00bb
00e5
0087
fffb
ffff
ffff
ffff
ffff
ffff
ffff
0010
00c8
0136
00b4
004b
0010
ffe5
ff5e
ff61
ffe6
00c2
00fd
00d8
0088
0094
00ab
00c8
00ad
0077
0154
0075
0022
0048
0077
0098
fffb
ffff
ffff
ffff
ffff
ffff
ffff
0015
00e4
0076
0071
0078
00e4
0145
00ce
fff5
001d
fff3
ffe0
fff6
0086
0069
00ab
00be
00b4
005a
00eb
00c5
0046
005b
006c
0076
ffe2
ffe0
ffdb
ffd8
ffe2
ffde
ffd9
ffe8
008b
006a
0043
00b5
0081
0074
0080
007d
00b0
00d6
0097
0031
0131
0100
009b
00b0
00b0
007f
004d
0092
0070
0044
0013
fff7
ffab
ffb0
ffa2
ff98
ff95
ff8f
ff90
ffab
0037
0044
0074
fffe
0097
0068
fff2
0029
0003
ffd5
ffe9
001e
00b9
00a0
009b
00b6
00b0
008b
003a
0076
0056
001b
0024
0010
005d
0044
00a8
008d
00c3
009e
004d
fff6
fff8
0043
0068
0061
0097
00a2
00e2
00c8
00f2
00d7
01ad
005e
00b3
009b
0099
00b2
00c0
0098
0016
00a2
005b
0089
0066
0054
fff4
fff3
fffd
005b
0074
004f
0000
fff0
fffe
0074
0084
005e
00d6
00a1
00c7
00bf
00a0
00b7
fffa
00fa
00b7
0099
0096
00b0
00ec
00ae
fffd
000c
0069
0060
008a
001d
0006
fff9
fff9
fff8
000d
0006
000d
008d
0089
007d
004f
004b
0003
fffd
00b4
00a1
00aa
00ca
00b6
003b
00ba
00a0
0095
009b
00f6
00c2
007e
fff3
001e
0025
005a
00d5
014f
01b9
0197
0175
0119
0160
0148
0095
fffe
0015
004f
008c
00a7
00a9
0097
00bb
00de
0060
ffeb
00e7
00b3
0095
008d
008c
00b4
00d7
00b2
007a
ffe5
004a
ffff
004f
0058
005d
004e
0034
0057
0050
007d
0078
fffe
0020
0017
00a4
00a9
00b0
00d1
009b
0011
00a7
00b1
00a5
0087
0080
0084
0087
00a8
00e7
00b7
00ab
fff8
fffc
0031
0028
0065
0061
0048
003e
004b
004d
0053
006e
0073
0016
fff1
00ae
00aa
00e1
00f1
0159
0148
0118
012f
000d
004f
000f
0094
0087
0090
00a7
00af
00cf
011b
fffa
001a
0014
0052
0049
002f
002e
005c
0064
0043
0080
0064
ffea
ffec
00a2
0098
0087
ffee
ffda
fff6
0062
00d7
015a
00dc
00f6
0077
0062
002e
0052
0117
0186
0197
00c0
ffe6
fff6
0014
005b
003f
0023
0016
0021
0069
0063
ffe0
ffbd
0092
00ac
00a9
00ab
00a5
00a6
00ae
0089
ffe7
ffc7
00ba
0077
0061
fffd
0071
01e0
0227
0150
0113
00db
009b
ffed
ffde
fff3
001c
fffa
fff6
fffb
001b
ffea
ffc7
0035
00c1
00b1
00b1
00bc
00d2
00ef
00f6
00fa
00f9
00d3
00c8
010c
00d6
00cb
01da
0135
00bf
00d3
00dc
00e0
00d9
0117
0056
ffdc
ffdb
ffdd
ffdc
ffd3
ffd1
fffe
00f2
00c9
00d3
00f9
013f
0149
0148
0141
0127
0116
00fe
00aa
01e2
014d
0129
0145
0111
0082
00a1
0102
0095
006f
008d
0092
00e6
0100
00b5
009c
006d
0064
00df
00c4
018c
0221
01f9
0195
0121
011c
0140
0160
0157
0141
015c
0153
fff8
fff9
0006
0019
001f
ffd4
ffef
000e
000a
000a
002b
fff1
0027
000b
000c
0012
0013
0015
0013
001a
006b
002a
0006
0011
fff9
0046
0031
0002
0009
0003
000d
fffc
fff8
fffa
0006
fffa
ffe0
fff9
0002
0006
fffc
00d5
00d2
000b
0001
000d
000f
000d
0012
0013
0035
000f
0005
fffe
fff8
fff4
0078
000d
fffd
0007
ffff
ffff
0001
fffe
000b
000d
0007
0008
ffff
0006
ffff
0052
00ff
0016
001e
003a
0029
0027
fffa
fffc
0026
0002
ffff
ffff
fffe
fffe
ffff
ffff
fffb
ffff
0012
fff8
fff8
fffc
ffff
ffff
fffc
0032
000c
0002
0010
0013
00f0
0030
0027
0029
ffff
ffe7
ff9f
ffc2
ffd4
ffb4
ffc5
ffc9
fff9
0000
fffd
ffff
ffff
ffff
ffff
fffe
fffc
0015
000a
0000
ffff
fffb
001f
0022
0019
fffd
0080
0045
0014
002a
fffd
ffeb
ffb2
000f
001d
ffef
fff3
fffc
ffd5
fff6
ffd4
ffd8
fff4
0004
ffff
0003
fffe
fffe
fff9
0002
0000
ffff
ffff
fffd
ffeb
fff7
fff7
ffe5
ffeb
0005
001f
0005
fff3
fff1
ffdc
ffbf
fff8
fffb
ffde
ffe3
fff1
fffa
ffe1
fff0
ffc2
ffd4
fffa
fffd
0007
0005
fffe
fffd
0020
ffff
fffe
fffe
0006
ffe5
fff7
001d
0033
fffa
ffe1
ffea
fff5
ffda
fff9
0086
000a
fff2
0023
0008
ffe2
ffe7
ffe9
ffe2
003b
ffed
ffed
fffc
fffd
ffff
0017
fffc
fffe
002b
001a
ffff
fff5
fffc
0005
ffff
0043
0019
0004
fff8
fff1
ffe7
0031
ffee
ffee
ffeb
fff1
fff0
fff4
fff5
fff5
fff3
ffea
0024
fff7
fff8
fffd
fffd
fffc
0007
fffa
ffff
0003
fffd
fffb
fffe
ffff
001a
002c
000c
0002
fff0
ffe1
fffd
fff0
ffee
fff3
fff9
fffd
ffff
fffc
fff9
fff7
fff0
ffec
ffdb
fff6
ffe4
fffd
fffb
0007
fffd
000d
fff8
fffa
fffe
fffe
000d
000c
0024
0010
0003
0007
ffec
fff3
fff3
ffee
0036
000a
fffd
fffa
fffe
0000
ffff
0021
0015
0019
fffb
ffea
fff4
fffc
0006
fffa
fff5
fffb
fffd
ffff
fffe
ffff
ffff
0014
001e
0006
0007
fff9
ffe5
ffe2
fffc
002f
fffc
fff5
fffc
fffd
ffff
ffff
fffc
fff4
ffec
fff3
0034
fff4
ffee
ffec
ffea
ffd6
ffe0
fffe
0009
0000
0002
0095
0031
0006
0022
0009
0011
fffd
fffa
003c
003b
fffe
fff6
fff3
fff3
fff0
fff1
fff9
ffee
ffef
ffef
fff5
ffe9
000f
ffec
ffe9
0008
01a4
02eb
01b1
009f
004e
000e
fff0
000c
0003
0010
0007
ffff
001b
0075
009f
fffb
fff5
004c
000b
fffd
fffd
fffe
fffe
fffd
fffd
ffff
0025
fffe
fffa
fff7
0043
0161
014f
0038
ffeb
ffd0
ff90
ff7a
fffd
0010
0006
000b
0006
ffff
fff9
0045
ffff
003c
0089
ffff
fff7
fffd
fffd
fffd
fffd
fffd
fffd
fffb
00bb
0001
0034
003b
fff3
005c
00a8
fff9
fffb
ffef
016e
fff1
fffb
fff8
000b
fffe
0006
000d
001d
000b
fff9
ffe9
0091
0251
0075
fffd
fffd
fffd
fffd
fffd
fffd
fff4
00ef
0097
ffe2
0043
fffd
fffd
0019
0080
0074
0061
fffa
00e7
ffff
fffd
0014
0038
001f
ffdc
fff0
0012
ffee
fff9
fff4
ff8f
ffda
fffd
fffd
fffd
fffd
fffd
fffd
003c
ffb5
000c
fff2
ffed
002e
ffcd
ff07
ff17
ff2d
fff3
0034
ffb0
fff9
fffe
0000
fffe
ffff
006b
0074
000f
0001
0024
fffc
ffed
fffa
fffd
fffd
fffd
fffd
fffd
fffd
ffff
ffef
ffe9
0018
fff6
0056
ffde
0249
0063
01d9
0032
0009
0196
0007
000e
0005
fffe
0000
002b
ffec
001c
005c
fff3
ffdd
fff8
0005
fffd
fffd
fffd
fffd
fffd
fffd
fffe
fff8
fff0
fff0
0007
0010
00a6
010b
00c4
00a1
fff3
ffde
ffe5
003b
001c
000d
fffa
0005
0053
fff9
fffb
003a
002b
fffc
fff2
fffd
fffd
fffd
fffd
fffd
fffd
fffd
fffe
fffc
fff0
0005
002b
0025
001f
0018
0061
0045
01bc
0212
01c5
fff7
0027
0008
fffe
0004
0018
fffe
fff7
0024
0014
001c
fff8
0013
ffff
fffe
fffa
fffa
ffff
fffb
fff8
fff9
fffe
002b
0025
0045
0019
001f
0040
0066
ffd1
ffb7
ffeb
ffff
fff5
ffff
0000
0002
ffff
006a
000e
000f
0016
0036
004b
0045
ffe8
ffed
ffd8
007c
00bb
fff7
003b
0024
0022
fffe
0049
002a
000c
0089
0089
0015
0077
00ba
006b
0001
0009
000b
fffe
ffff
fffe
0043
fffe
0012
001d
002f
0047
ffff
001a
004c
0008
0003
0015
fffd
0023
005f
003e
0015
0027
0022
0024
ffff
0001
0000
0026
ffcb
ffe9
0006
000b
0009
ffff
fffe
0001
0069
0019
0035
ffff
fffb
fffd
0054
0069
fff2
ffdf
ffdf
fff2
ffed
0029
0043
0006
fff8
005f
fff6
fff7
fffe
fffa
0010
fff8
00a0
fff6
0004
000e
0008
ffff
fff5
000c
0027
00c0
002a
0023
fff2
fff9
fff8
0095
0086
00a5
003e
fff4
fffb
fff3
ffe5
fff5
0029
0023
0012
0014
fff8
0004
000a
005d
ffae
005b
ffff
0006
000a
000a
fffc
fffd
000e
0021
006d
002b
002f
fff5
0009
fffc
ffff
fff1
fff9
fff6
fff5
ffff
003f
0030
0016
001e
0009
fffc
0051
0008
ffef
0025
010a
0006
ffff
000b
0015
0004
ffff
fff9
0005
fffb
00dc
0023
001f
001c
ffff
ffff
0002
0017
0020
0019
000d
fff8
0028
0042
0055
002b
0009
0003
fff7
fff9
fff8
fffe
fff8
fffc
0017
0009
0012
0012
0003
fff6
fffc
000b
002b
00a7
002a
002b
0000
ffff
0001
fffc
ffff
fffc
0005
ffff
fff5
0008
0094
0033
0027
fff6
fffd
ffb8
ffb3
fff0
ffe6
002c
002e
00af
0048
000a
000b
0013
0011
0011
ffed
003b
004b
0032
0010
0003
002c
001d
fff9
fffc
0013
0008
fffe
006a
00fb
0007
000d
001e
0001
003c
012f
0181
0169
ffc5
fffe
ffed
0005
0013
0052
007f
001b
ffdc
ffd9
ffe6
00c8
0064
0087
fffe
0006
0023
002b
0050
fffe
ffff
0050
0199
005a
0005
0003
ffff
0002
0001
0002
000a
fff8
002c
fff8
00c2
005c
0052
0012
ffc6
ffc7
fff3
fff4
fffc
ffdd
00b7
00ee
00bb
0049
0026
0061
0058
0039
0092
0142
0049
fffa
0005
ffff
ffff
0005
0007
fff8
fff2
ffef
ffec
001b
ffe3
ffe9
fffc
ffda
ffee
fff9
0006
fff9
fff3
fffe
ffde
ffe4
0047
013c
0126
0165
0142
0196
006d
ffef
ffed
0021
fffb
ffd2
ffcc
ffe8
0035
0049
fffe
fffb
0014
ffe8
fff9
fffd
0003
ffeb
000f
fffe
fff1
fff2
002f
ffea
0000
fff5
fff2
ffef
ffee
ffed
fffc
fff6
fffe
0022
ffe5
ffdc
ffde
0025
fff9
ffff
0003
0021
0045
0046
0000
009d
0065
008c
0034
0002
0041
004f
0016
0012
004f
003f
0024
006d
0079
0071
0077
0075
007c
0094
009c
0094
0091
0098
0092
0090
008a
0092
0092
0097
008e
0099
006c
00a7
0080
00af
fff4
0067
00cb
007b
0097
00f8
00de
004b
0040
007a
0083
0075
0085
009c
00a6
0091
007d
0083
0092
0096
00b6
008c
0077
008e
008d
0089
008b
008b
007f
00f7
0094
00ae
0054
00a5
0091
00da
00f2
006d
003a
0070
0060
003c
0064
0078
007a
0085
0078
007e
0084
0083
007f
0083
008f
008f
00a2
0073
008e
0097
009b
0095
0089
012c
00b7
00b8
008a
00bc
00ec
009c
002e
005b
0063
fffe
ffff
000b
000c
000f
0035
0012
0034
0074
007f
0088
0085
0085
0086
008d
00c0
0075
0081
0089
008d
008e
0088
00e9
00dd
00e2
00d7
00b6
0059
0058
0061
0024
0014
0075
00b6
008d
0074
002e
004e
007b
0065
001d
0045
0068
0083
0086
0082
0088
0083
0087
008d
007c
008c
0087
0081
0093
00da
00b7
0069
0079
0099
0097
005d
0054
00dc
0073
007c
000f
0035
0040
0035
002a
000f
0050
0036
0037
0044
0081
0080
006d
007d
009d
0077
0073
0082
0087
0085
0079
008b
0090
001f
002a
000f
0011
0010
00fa
009e
0055
0026
ffff
fffb
fff3
fff9
0013
ffff
fffe
0009
0047
0045
003d
0086
00ba
0064
0095
008e
0081
006c
0066
0081
00d7
00b4
0067
005b
0081
0075
004e
0035
00c3
005e
0001
0043
002f
002e
002d
0020
0038
0048
0029
fffe
0027
0041
003c
0067
00a8
007f
0099
009d
0094
00ab
0086
0073
0119
009b
005c
0070
0094
0073
005c
006a
006c
002d
0046
0044
0038
0030
0036
0037
0047
0052
003d
0020
000b
002c
0021
0053
0080
0078
0081
007c
007b
0095
008e
007a
0123
0094
0069
0085
008e
007a
0077
005e
0059
0070
005c
005c
0047
004b
0044
004b
0046
003c
004f
0045
001e
0015
002c
0043
0073
0095
00c7
006d
0088
0084
008a
007f
012a
007c
007f
0092
007e
007c
0065
005e
0089
00a1
006a
005f
005a
0057
005d
005e
005a
0053
0062
004e
0052
003c
0026
0047
002d
ffed
ffda
ffea
0013
0046
0065
0075
013f
0098
0073
0098
0083
007b
0044
005a
0081
0093
0065
008b
00fc
0100
010a
0110
011a
0101
0108
00ee
005b
0064
0008
0049
0080
00ee
012a
008f
ffea
fff1
fff7
0026
0120
00ef
0071
0098
0082
006d
004b
0040
00a6
008b
0076
0010
fffd
0065
0068
0074
0074
005b
0069
00af
00ae
0040
fffd
0047
012e
005c
0092
0002
fffe
ffdc
ffd6
ffe2
00e7
0101
006e
009a
0082
0047
0075
0044
00e4
005f
006a
fffe
ffea
0026
0026
0026
0026
0026
0026
0078
00fd
0038
000e
0013
0164
00e0
0080
0037
00c9
0123
000b
fff6
00d5
0108
0076
00a4
0082
0038
0061
0089
00e1
004c
0042
0020
fff3
0026
0026
0026
0026
0026
0026
0075
0103
0076
0018
000a
0156
008d
010c
0046
00d0
0044
0135
ffec
0109
00e7
007b
0088
006c
fffd
000c
00d3
004c
fffa
ffeb
ffe1
000f
0026
0026
0026
0026
0026
0026
fffc
0098
007d
fffb
fffc
0101
006a
01cc
017e
0187
00c0
003f
0025
00ed
00ec
0092
009b
009f
00e6
ffee
00ce
000e
004b
0045
fff2
ffe5
0026
0026
0026
0026
0026
0026
0042
00ca
0067
001e
000a
0142
00af
ff9f
ffea
00e6
00c1
004e
005d
00df
00e3
007b
00aa
008d
004b
0012
00be
002e
0061
006c
ffff
ffdb
0026
0026
0026
0026
0026
0026
0056
010f
004a
0025
0009
0132
0133
0111
00a5
00c3
010b
001f
003f
0130
00be
0064
00b4
008a
00cc
fffd
00d4
0038
0036
0059
0033
ffdb
0026
0026
0026
0026
0026
0026
0064
013f
0076
0047
fffe
0099
00ad
00df
00e6
0153
0204
019a
0079
0113
0103
0072
00a4
008b
00c3
0087
0062
003b
0055
0030
000b
ffc2
ffe5
ffea
ffe2
ffe8
fff0
ffe8
fff7
00f1
0078
004b
008f
0095
00ed
009e
0103
00c4
00a7
00c6
00a6
00e4
00ad
0099
00ab
0090
00bc
00eb
004a
003d
0044
0026
0036
fff6
001c
0005
0084
006b
0045
003a
0023
007d
0066
002e
009e
0099
00d8
00e1
0070
010e
010f
00da
0094
0126
0081
0085
00a8
00a0
00b5
00d5
0068
002f
0047
0055
003c
009e
005f
001e
0015
002c
0067
009e
00aa
0071
006e
0044
0056
0095
0082
001b
009c
00af
0033
fff3
0078
011d
008e
0085
0097
00a7
00a6
0128
0066
0015
004c
003f
0075
0053
0024
0004
fff7
000f
fffc
0007
002f
009b
0075
0059
005d
00ac
008c
000d
009c
00bd
00c6
011c
fff1
011f
0081
0085
0087
00d1
008e
012d
00ac
001e
0027
fffe
0011
0073
003e
003a
0053
0057
0050
0055
ffff
003e
0091
0059
006f
00d0
008f
0056
008a
00cb
00bc
0102
0026
011d
0091
0087
0067
00bc
00a3
009f
0114
0032
002f
fffa
007b
0087
005d
0045
0074
007e
0067
005e
0075
003f
0074
005d
004e
006b
007d
0081
0082
007f
008b
0069
0078
0113
008d
0082
0051
00a9
00b6
008c
00e9
00c5
001e
000b
0085
0086
0039
000d
0012
004e
0044
0046
0053
0051
0066
0064
003c
0080
005d
007b
009d
0068
007a
0071
005b
013d
0091
0093
0048
0090
00c0
0099
0062
011d
ffff
0026
005c
008a
0040
001c
0023
003a
0040
0051
0020
0069
0093
0042
0076
0088
004f
0032
fffd
0053
002c
0052
00a1
015a
0106
00a7
0052
0077
00b2
009b
0007
00c8
002f
002d
004a
0071
0044
0029
002a
005e
0064
004f
0038
005b
00b0
fffe
009c
00a5
00ae
00e8
00ea
00b6
00c5
0067
fff9
00b2
0065
00fe
0031
0050
005f
0035
0028
00c0
0035
0018
0077
0052
0050
0069
002d
0037
0056
005d
0069
00a9
0038
003d
0094
0092
008e
0094
0092
0091
00a0
00eb
00bd
010b
0099
015f
00d1
0048
004c
0096
00a2
0061
0069
0021
007a
00c2
0035
0054
0032
0023
0037
0072
006e
0066
0033
0070
0093
008a
006b
0040
002b
0028
001d
0027
0047
0107
0064
0117
0046
00a5
00f1
0083
006e
0048
0046
0030
0016
00a6
00c6
00a2
00a6
009b
009a
0068
0044
fff6
00bf
0087
001a
0015
0030
006b
008b
0060
0073
0055
0081
0101
00b9
00c9
013d
0214
0169
0169
015e
011f
0103
00e2
00d2
00c7
00d3
00c5
00db
00d6
00d6
00cf
00cc
0069
001f
00ab
0191
0108
0101
00fb
010a
011e
0115
00c1
0103
ffe4
fffe
0040
ffe5
ffe3
0133
ffff
0012
000f
004e
ffdf
fff7
fff8
fffd
fffc
fffc
fffd
fffc
fffc
fffa
ffed
fffb
fffc
fffa
007f
ffd0
0034
fffa
fffd
fffc
fffb
fff5
002c
0025
fffd
ffe5
00ec
fff6
fffe
0018
0061
ffcb
fff0
0035
fffe
fffe
0002
fffc
ffff
fffa
fff8
fffe
0003
fffd
fffc
001a
ffdb
0082
fff9
ffff
fffe
ffff
fffe
fffc
fffa
0031
fffc
002c
fffb
0015
0049
ffe6
ffde
0048
fffc
fff8
fff5
000e
0015
ffff
fffb
0000
fffe
fffd
fffe
fffe
fffd
fffd
000d
fff4
0006
fffd
fffc
fffd
fffe
fffb
fff7
fffc
000e
0001
0029
fffd
ffda
0032
fffa
fff6
ffea
0088
00f1
fffb
fff8
0002
fffb
fffd
0004
ffff
fffe
fffe
fffd
fffd
fffd
0002
fff4
0000
000c
fffd
fffd
fffc
ffed
0044
001a
0024
ffe3
fffc
fffe
fffa
fff7
00ab
009d
001c
fff3
0040
fff1
fff7
0017
fff7
ffe2
0003
fff9
0002
fffd
fffe
fffd
fff4
0007
0024
fffc
fffe
fffd
fffb
0011
0002
ffff
fff8
0023
fff8
fffc
000a
0094
ffe0
00e7
0021
fff0
fff0
006c
0027
ffee
fff7
fffb
fff3
fff9
fff2
fffa
fffe
fffc
fffe
fff8
0006
0019
fffc
fffd
fffc
fff5
0094
0054
0017
fff2
ffeb
ffff
ffef
0064
0188
ffeb
ffe7
0038
0012
fff5
fff7
0043
ffff
0005
0016
fff2
ffef
fffc
fff9
fff9
fff8
0014
fffb
fffc
000d
ffff
fffc
0054
ffff
0053
0008
ffe7
0019
fffa
002b
0061
0072
fff1
0049
000e
0023
ffff
fffd
ffff
fff5
fffc
ffe6
0033
ffe7
0007
fff6
fffb
fffe
fff7
fffb
0019
fff8
0021
fffc
001b
0006
0063
fff3
fff5
0005
fffc
0063
00ad
ffda
002e
007a
fff7
fffe
fffd
ffff
fff9
ffff
fffb
000e
ffd7
0019
ffee
fff9
fffb
ffff
fff8
0001
fffc
001c
fffc
fffa
0004
fffe
006b
ffeb
ffff
fffe
000f
008a
000d
004d
0076
ffea
0019
ffff
0016
fff8
fffd
fffc
fff6
fffb
0003
fff0
fff7
fff5
fff3
fffb
fffb
0010
fff9
ffff
fffd
fffc
0005
fffa
0056
ffec
000e
fffc
0025
00cd
0052
fffa
fff4
0013
0011
fff7
fffe
ffff
fffd
ffff
fffc
fff4
fff6
fff1
fff6
fffe
ffef
fff9
fffe
0048
0029
0003
0006
fffe
ffdf
0091
002f
fff0
0000
fffd
00d1
00ad
ffd6
0034
0034
fffe
fffb
000c
fff8
fffb
fffa
0009
fff3
0027
ffe9
fff1
ffef
000a
ffde
006b
005f
ffea
ffd3
000d
0005
002b
0024
003d
0022
fff5
0001
ffff
0092
fffe
fff8
00b9
0047
fff0
007c
fffc
fffd
ffff
fffe
fff9
0006
0046
ffd1
ffed
fff2
005c
ffd2
fff2
0025
002c
0111
0041
0011
00dc
fff4
0058
0019
fff6
ffff
0008
0057
ffed
0029
0067
fffb
000c
000a
fffc
fffc
fffc
fffc
fffc
fffc
0045
fff4
fffe
ffe7
ffe1
00b9
fffc
ffed
fff3
0140
ffeb
0042
fffc
fff7
0062
0011
fff8
fffe
000a
0065
fffb
fffe
008b
ffc8
ffbf
00e2
fffc
fffc
fffc
fffc
fffc
fffc
0081
ffee
0026
000a
fff9
ffda
0036
003b
0014
0143
0083
ffe7
ffe5
0015
000f
0015
fff5
fff2
00fb
fff1
007b
0085
ffdb
00b7
00f0
ffc2
fffc
fffc
fffc
fffc
fffc
fffc
ffd7
0275
ffd2
fffe
0000
ffe6
0131
00c8
fffc
0027
ffd4
fff8
013f
000f
0017
0003
fffc
000a
003f
fff0
00dc
ffff
fff1
002c
0023
fff2
fffc
fffc
fffc
fffc
fffc
fffc
fff5
fff7
0047
ffe8
0018
ffe2
0176
0085
000a
ff6e
00ae
ffe6
0021
001d
000b
0005
fff8
000f
008a
0099
004d
ffff
001e
0026
fff9
fffc
fffc
fffc
fffc
fffc
fffc
fffc
fff8
000b
0035
ffe4
ffde
ffe6
000c
ffe6
fffa
00c4
00db
fffe
fff8
000d
fff5
0007
fff6
fffd
007d
fff5
0042
004b
001e
fffe
002f
fff6
fffc
fffc
fffc
fffc
fffc
fffc
fff8
001a
fff5
fff5
ffbf
000f
001e
ffed
0043
00b6
fff7
fff1
ffe1
000c
0062
0016
fff0
fffc
fffc
0034
fffd
0010
0051
0015
0041
fff4
001a
0018
fff3
fffe
001b
fff4
ffed
001c
fff8
ffdb
002c
fff7
0015
fffa
ffed
006d
002a
ffff
ffea
0009
0027
fffe
fff0
fffd
001c
fff6
0001
0051
000b
fffc
ffff
ffdf
ffee
ffe2
0083
fff5
ffe2
0051
000a
006e
ffed
fff0
ffbc
005d
001a
ffe8
ffff
0030
fff7
000e
000f
fffe
0011
ffff
fff4
fffb
0025
0006
fffd
0030
0021
0026
ffed
0046
000a
fffc
ffdb
002e
fffc
0013
fff1
fffc
fff7
ffef
ffc6
001a
fffe
0003
fffb
003a
ffee
00d3
ffdb
fffd
0011
0009
fff2
fffb
0016
00e5
002f
0054
001f
fffa
0075
ffe0
fffa
fffa
ffff
fffb
fff8
fffd
ffee
0005
001a
fff2
ffcc
0047
fff4
fffa
0003
fffe
006f
fffe
000d
fffe
000e
000a
fff8
fff9
fffc
0038
ffe5
008f
001c
fff5
ffe7
fff4
0007
006c
000b
fff4
fff7
fff6
00c5
0073
fff0
ffde
ffe5
ffe8
fff8
0030
fff7
fffd
0025
0031
ffe3
fffe
000f
0001
0007
fff6
fff5
ffff
0019
006f
0040
0016
fff8
0010
0014
fffd
001e
fff3
fffe
fff0
ffef
003b
ffeb
ffec
ffee
fff6
000e
fff1
003e
00b4
ffce
ffec
0037
fffe
000c
0002
0005
fff7
fff6
fffd
003a
0071
006a
0024
0005
fff8
001a
0006
fff9
fffb
fff5
fff4
0004
fffb
fff4
ffc0
004c
fffb
fffa
0027
fff9
fff9
0016
0023
fffc
fff8
fffc
000f
000c
fffb
fff8
fff9
0004
00a8
007b
0009
ffff
fffa
0005
001c
000f
fff8
fff7
ffed
ffec
00b3
fffe
ff7b
0075
fff8
002d
0043
fffd
0026
ffe5
0080
ffec
0012
fff6
003d
000e
ffff
fff1
fffb
fff0
0161
0061
0065
fffe
fffd
001c
0012
ffff
fffd
fff9
ffeb
0002
fff9
0018
ffc8
ffff
fffe
ffff
fff5
0025
fff9
003a
fffc
0068
ffff
0024
0037
0022
fff2
ffdf
0018
0086
008b
ffff
0009
0023
ffff
0022
fffc
0018
fffe
ffe9
fffa
0040
fffe
ff70
00e2
fffd
fffe
fffe
fffd
ffff
fffd
fffd
fff4
ffec
005c
ffe4
004f
ffed
ffe6
0152
002c
ffe3
00a5
fffa
0006
fffd
0026
0034
fffd
fffb
fff6
fffd
001a
ffc9
ffb2
00a7
fffb
0000
fffd
fffc
fffb
0007
001e
000c
fffd
0025
0007
006d
fffd
ffe9
01f0
ffe2
fffa
fff6
004a
fff6
fff9
fff7
fffd
0000
0004
ffff
fff7
fffa
ffd2
0072
ffe8
fff5
0017
fff9
005b
0019
0010
fffa
fff9
0001
fffc
000e
008d
ffff
0003
007b
0008
fff7
fff2
006b
fffc
0000
fff7
fff7
fff7
ffff
fffa
fff8
fff2
ffe5
0052
ffd1
001f
fff7
001e
fffc
fffa
fffb
0004
0004
fffa
fffb
002e
00aa
fff3
ffe6
fffd
002a
0005
ffed
fff4
0018
0010
fff9
00c9
ffe9
fff9
fff6
fff4
fff5
fff4
fff4
fff3
fff5
fff6
fff6
fff1
ffe7
fff2
fff7
fff3
fff1
fff1
fff0
fff0
ffa3
0005
fff9
0022
0005
0004
fffc
000a
fffb
fff8
fffb
0003
0000
fffd
fffc
fffd
fffb
fffb
fffc
fffb
fff8
fffc
fffe
fffd
fffb
fff8
ffff
fff9
fffb
fffb
fffb
fffb
ffe8
fff9
fffb
0002
0031
ffff
ffff
fff8
fff9
0010
fffc
fffc
0003
0013
fffa
fffb
fff7
fff7
fff9
fffc
fffb
fffc
fffb
fffb
fffb
fffb
fffc
fffa
0009
fff9
fffa
fffa
ffe8
fff3
fffe
0021
ffff
fff8
fffa
0004
fffe
fffe
0021
0035
002b
ffff
0000
0009
003b
001e
fff9
ffe9
fffa
fffa
fffb
fffc
fffa
fffa
fffb
0003
fff6
fffb
fffc
fffd
ffe9
ffff
fff3
000a
fffc
ffff
fffd
0009
fffe
0025
0039
ffef
001b
0008
fffd
0023
0017
0032
fff5
00c9
ffed
fff3
fff8
fffa
fffb
fffc
0011
fff7
fff4
ffff
fffa
fffb
ffe8
0032
ffec
006f
fffa
fff8
fff4
fffe
0000
0015
0050
0009
fff3
fffa
0042
fffa
fffd
fffb
0090
ffe0
00fa
0003
fff8
fff0
fffd
fffa
fffb
fffb
fffe
fff7
fffe
fffa
ffe8
fff6
0020
fff1
000b
003d
0073
000f
ffee
fffd
ffef
003a
0002
003d
0022
fffb
0049
fff7
fffa
004e
ffe9
0027
0011
0006
fff5
ffff
fffa
fffd
fffa
fffc
fff9
0000
ffe7
0025
0001
fffe
0003
fffe
000b
0009
003b
fff6
0017
fffa
001f
0009
000e
0017
0018
001c
001d
0029
0026
fff9
fffa
003d
fff1
fffb
fffc
ffff
fffb
fffa
fff9
fffa
ffe9
0004
fffe
0007
fffe
000e
0004
000d
0018
0019
ffff
0015
0016
ffff
0009
000d
0008
0035
fffe
0034
0012
0083
fff8
0036
fff3
fff7
fffe
fffc
fff6
000a
fff9
fffb
ffe8
000b
ffff
0003
ffff
000c
0009
0002
0004
ffff
000c
0006
0008
0029
0009
0004
000b
0001
002c
fff8
0011
fffe
0068
fff4
003e
fff4
fffa
ffff
0000
fff7
fffd
fffc
ffe9
0007
0011
ffff
0003
0010
fffd
ffff
0034
fffa
0010
0006
0020
fffe
000a
001a
fffc
0014
fffe
0044
002a
fff4
001a
fffe
005e
fff6
0065
005b
ffdf
ffe0
fff4
fff5
ffe4
fff6
005a
fffc
0009
0006
fffe
fff8
fffb
001a
002a
0013
0005
fff8
ffff
001d
000b
fffb
0041
fffd
fffb
00ae
ffee
001f
0032
0012
ffd7
ffda
0063
0142
0004
fffb
ffe6
ffee
002f
ffff
0006
000c
fffe
fff9
fffe
fff9
fffc
fffa
ffd8
fffd
fffe
fff9
fffa
000e
fff7
fffc
00e9
004e
0086
ffe5
ffff
fff5
0010
ffd9
015a
0017
017b
0066
00a3
fffe
0017
fffe
0008
0005
0022
fff4
fff4
fffe
fff4
fff5
ffff
fff3
fffc
fffc
fffc
fffc
fffc
fffc
0097
ffde
0090
ffee
0025
fff5
fff3
0184
004e
0032
ffc6
00a3
008e
0038
fff6
0006
0003
0008
ffff
fffc
0015
0034
0032
004a
ff99
008a
fffc
fffc
fffc
fffc
fffc
fffc
00a8
004f
ffe1
0017
002e
0038
ffeb
fffa
fffd
ffe2
00d1
fff0
0028
fffe
000e
fffc
0021
0006
00f4
ffe1
0008
000e
0061
ffdf
0111
ffd5
fffc
fffc
fffc
fffc
fffc
fffc
0084
ffdf
fff8
0124
ffd1
fff2
0210
ffea
0079
ffe8
ffdb
fffc
0136
001e
fffa
000b
fffe
fff4
fffe
002c
0010
001e
fffa
007e
0006
fff3
fffc
fffc
fffc
fffc
fffc
fffc
fff3
006f
fffe
fff4
fffb
0091
ff93
00ee
003e
00b1
000c
0058
ffee
fffe
fffe
0003
0000
0019
00b4
ffee
ffec
0035
0043
0014
fff6
fffb
fffc
fffc
fffc
fffc
fffc
fffc
003a
fffb
0076
fffc
fff2
fff1
0081
ffd4
ffed
003c
0002
0057
fff0
fffd
003a
0007
ffff
0011
ffd2
0061
fff6
fffd
000e
0012
0009
fff9
fffc
fffc
fffc
fffc
fffc
fffc
fff7
0027
ffff
0036
0017
0018
0001
005f
fffd
ffc8
ffea
ffff
0087
fff6
fff3
0008
0014
0004
ffe2
00a3
fffc
fffa
fffa
0028
fffc
0034
fff5
fff4
0029
fffa
fff4
0020
000f
fff4
002a
fff3
0041
fffd
fff6
003f
ffdc
006b
00b7
0019
ffdc
0023
000e
fffa
0012
0006
ffed
0048
0013
fffd
001d
fff8
00e2
0017
008a
fffc
ffde
ffed
002c
ffef
ffcc
002d
0005
0056
ffe8
0006
002d
ffe1
0028
fff0
ffe3
ffd6
fff9
0001
0004
fffc
001a
fffe
fff7
00c8
fff5
0027
fffd
0012
fffa
0003
fff5
0046
fff6
002d
fffe
0010
fff7
fffc
0037
002c
fffd
fffb
fffe
fffc
fff7
0026
ffe9
01ee
ffb0
ffff
ffff
fffc
0024
fffd
0021
fff7
ffff
0003
fffd
fff4
fffc
0008
001c
0014
0090
fff2
003b
fffd
fff1
0005
001e
001f
fff9
0022
0026
fffd
fff8
fffc
0015
ffe3
ffef
0004
ffff
fffc
0020
fffd
000e
ffc2
008a
fffe
002c
0057
002c
fff9
fffc
0002
fff3
006a
0016
fff4
fffe
fff8
fffe
0060
fff5
fff9
ffee
fffc
fffc
fffd
ffe8
000a
ffe5
0000
fffe
fffe
fffb
0038
fffc
0051
ffd9
008a
fff7
0050
fffb
fffd
001d
fffe
002c
fff5
003b
0020
fff9
ffff
0018
0025
fffa
001b
fff6
ffff
fff8
0036
0028
ffda
fff3
0006
fffe
fffe
fffd
001a
ffff
0004
ffff
fff9
0040
fff2
0033
ffff
0014
001a
0005
0013
fffe
0030
001f
ffef
0028
ffee
000d
0010
fff9
fffd
0000
ffeb
fffd
ffe7
007e
0001
0021
fffa
0007
0005
001d
fffd
0046
ffd2
006f
000a
000d
000b
0012
fffd
000d
0006
000e
ffff
003b
fff5
ffff
fffa
000f
fffe
fff6
0071
008d
ffed
fffe
0044
ffb2
fff8
ffe1
005b
ffff
fffc
0015
0002
0054
0063
ffc6
0035
0003
0015
0007
0017
0005
fffe
001c
000c
fffa
0000
ffff
0040
fffb
fffa
0019
fff4
ffd9
fff2
ffe5
0098
014b
0000
fff4
fffc
0001
fffe
004a
0027
0009
ffef
0095
ffe8
ffeb
006f
0024
fff7
fffd
fffd
002f
fffc
000f
fff5
ffef
004a
fffb
fffb
fffb
fffb
fffa
fffb
0031
fff6
ffb1
fff4
000b
0011
0005
0032
0027
ffff
fffe
0055
fff2
0021
ffee
ffe0
0058
0022
002d
fff8
0014
0008
0022
ffed
005b
fff6
fffa
fffd
fffe
fffe
fffb
fffb
fffe
fff6
ffee
fff6
000a
ffed
0004
0035
fffd
0021
0025
fff6
0066
0011
0055
000f
ffd1
fffa
ffef
000d
fffa
001c
0036
0080
ffe5
fff8
004a
003c
fffc
fff7
000a
0035
000f
0019
fff8
fff3
ffff
fff4
ffdc
002f
0032
0030
0050
0016
0019
002f
0039
001e
003f
0005
0036
000e
fff5
0013
0018
0009
003f
0079
ffe0
fffa
fff8
fff8
fff9
fff4
fffc
0052
ffcb
00bd
ff7c
ff64
ff65
ff7e
ff83
ff71
ff80
ff88
ff87
ff79
ff9c
ff76
ff77
ff78
ff77
ff77
ff76
ff75
ff76
ff76
ff75
ff71
ff6f
ff68
ff6d
ff76
ff6e
ff6e
ff6e
ff6d
ff53
00be
ff7c
ff5a
ff62
ff78
ff74
ff74
ff7a
ff7b
ff76
ff76
ff72
ff70
ff70
ff6f
ff70
ff6f
ff6d
ff6f
ff6d
ff6d
ff6d
ff6b
ff6a
ff5e
ff70
ff65
ff68
ff66
ff67
ff66
ff52
008b
ff78
ff58
ff6e
ff72
ff7a
ff75
ff72
ff74
ff70
ff6b
ff6b
ff71
ff74
ff75
ff77
ff73
ff6f
ff6e
ff6d
ff6d
ff6e
ff6d
ff6c
ff6a
ff61
ff68
ff67
ff68
ff67
ff66
ff53
0059
ff70
ff58
ff71
ff70
ff71
ff70
ff6f
ff6c
ff6d
ff70
ff7f
ff79
ff88
ff8b
ff7d
ff8e
ff80
ff81
ff72
ff6e
ff6e
ff6d
ff6d
ff6a
ff63
ff68
ff6d
ff62
ff68
ff68
ff55
0063
ff73
ff57
ff71
ff6d
ff6f
ff69
ff70
ff68
ff7a
ff72
ff8a
ff8d
ff8d
ff94
ff99
ff99
ff9b
ff90
ff85
ff7a
ff72
ff6c
ff6c
ff6a
ff65
ff6e
ff6c
ff5f
ff69
ff68
ff54
007c
ff71
ff60
ff78
ff7a
ff75
ff6b
ff6b
ff7a
ff76
ff8e
ff8a
ff9e
ff94
ffa4
ffa6
ffa0
ff9e
ff9e
ff90
ff93
ff81
ff78
ff6c
ff67
ff68
ff69
ff65
ff69
ff67
ff68
ff54
00a8
ff6a
ff83
ff77
ff77
ff7d
ff6f
ff66
ff7a
ff9a
ff7f
ffa8
ffa6
ffa4
ffab
ffa4
ffaa
ff9e
ff9c
ffa0
ff97
ff87
ff7d
ff79
ff66
ff68
ff6a
ff63
ff63
ff68
ff68
ff53
0080
ff6e
ff94
ff71
ff78
ff79
ff6c
ff73
ff83
ff7b
ffa8
ffa6
ffa2
ffa9
ffac
ffac
ffa9
ffa7
ffa6
ff9f
ff92
ff90
ff7a
ff88
ff67
ff6c
ff65
ff6b
ff5f
ff6b
ff68
ff51
0047
ff70
ff93
ff65
ff7f
ff6f
ff6f
ff80
ff8a
ff8b
ffa1
ffa9
ffa9
ffa9
ffb1
ffad
ffac
ffaf
ffae
ffb0
ff8f
ff9d
ff8a
ff80
ff78
ff6b
ff67
ff67
ff60
ff70
ff64
ff55
0026
ff72
ff91
ff5e
ff7e
ff6d
ff7d
ff88
ff8d
ffac
ffa3
ffa8
ffae
ffad
ffb1
ffb0
ffad
ffaf
ffb0
ffa7
ffa3
ff96
ff9c
ff75
ff8f
ff6c
ff67
ff66
ff68
ff6b
ff6a
ff57
0017
ff74
ff8c
ff60
ff77
ff6c
ff86
ff87
ff9c
ffc1
ff9e
ffab
ffab
ffb2
ffb1
ffb8
ffb1
ffb0
ffb1
ffaa
ffa3
ff98
ff8d
ff8d
ff9b
ff6c
ff76
ff75
ff7b
ff70
ff6d
ff57
0044
ff77
ff8a
ff66
ff6f
ff6c
ff90
ff83
ff8d
ffce
ffa8
ffac
ffaa
ffd1
ffca
ffd2
ffd0
ffc7
ffd4
ffcd
ffcc
ff9f
ff93
ff94
ff9d
ff70
ff74
ff62
ff8b
ff76
ff75
ff5e
003f
ff78
ff87
ff69
ff6d
ff6c
ff8a
ff74
ff9a
ffb4
ff9e
ffa4
ff64
ffe3
ffe2
ffe2
ffe3
ffe1
ffe4
fff8
019c
ffa2
ffa7
ff78
ffaa
ff76
ff63
ff53
ffe3
ff89
ff83
ff81
fff8
ff87
ff82
ff6a
ff6b
ff74
ff83
ff62
ff76
ff96
ff90
ff92
ff39
ffea
ffea
ffea
ffea
ffea
ffea
0024
032b
ff8d
ff9a
ff56
ffb2
ff74
ff4f
ff8b
0021
ff8e
ff79
ff77
000a
ff89
ff7f
ff67
ff6c
ff77
ff82
ff72
ff7e
ff8e
ffbb
ff8a
feb6
ffea
ffea
ffea
ffea
ffea
ffea
0049
0529
ff8e
ff62
ff9b
ff96
ff89
ff5d
ff8d
ffdc
ff90
ff7f
ff5e
0045
ff7d
ff78
ff6a
ff6a
ff8a
ff9b
ff89
ff89
ff9b
ffe7
ff77
fee7
ffea
ffea
ffea
ffea
ffea
ffea
002a
04a3
ff91
ff56
ffe2
ff7b
ffc2
ff6f
ffc6
ff99
ffbd
ff5d
ff7d
0063
ff7d
ff73
ff6e
ff67
ff89
ffa2
ff8b
ff7a
ff9e
ffba
ff8c
ff32
ffea
ffea
ffea
ffea
ffea
ffea
fffd
01e6
ffb1
ff85
ffab
ff90
ff98
ff3a
ffa4
ffb2
ffa6
ff49
ff94
0080
ff76
ff71
ff67
ff6b
ffb2
ffb3
ff8e
ff74
ffa5
ffae
ff9e
ff40
ffea
ffea
ffea
ffea
ffea
ffea
ffff
01e7
ffa9
ff9b
ff80
ff85
ff71
ff7d
ff65
ffc3
ff94
ff65
ff68
0085
ff6d
ff70
ff5a
ff6f
ffa7
ff4d
ff82
ff76
ffa8
ffa9
ffa2
ff50
ffea
ffea
ffea
ffea
ffea
ffea
fffa
01a4
ffac
ff9d
ff83
ff89
ff6d
ff5d
ff94
ffa7
ff63
ff6b
ff5d
008d
ff7c
ff70
ff51
ff76
ff76
ff24
ff8c
ff7c
ff99
ffac
ffa9
ff67
ffc9
ffc5
ffce
ffcb
ffca
ffcd
ffd9
00bc
ffb3
ff9d
ff89
ffab
ff6b
ff64
ff78
ff80
ff65
ff6e
ff5f
0027
ff76
ff78
ff51
ff7b
ff66
ff2e
ff8a
ff80
ff93
ffac
ffab
ffb7
ffad
ffb2
ffb3
ffb3
ffae
ffb5
ffa6
ffba
ffac
ff99
ff71
ff86
ff6e
ff78
ff61
ff6f
ff69
ff5c
ff5e
001f
ff74
ff78
ff50
ff80
ff63
ff6e
ff98
ff80
ffa1
ffa9
ffab
ffa9
ffb2
ffb3
ff86
ffa6
ffb7
ffb7
ffac
ffa6
ffa6
ffa3
ff7e
ff6f
ff6c
ff73
ff66
ff69
ff6d
ff60
ff97
0024
ff73
ff77
ff53
ff83
ff6b
ffb1
ff84
ff8f
ff99
ff94
ffac
ffa3
ffad
ffa2
ff92
ffa0
ffad
ffab
ffb3
ff9c
ffa3
ffa2
ff9f
ff56
ff66
ff69
ff65
ff67
ff75
ff8a
ff63
002d
ff73
ff75
ff5e
ff7c
ff72
ff81
ff3b
ff7e
ff95
ff8c
ffad
ffaf
ffb4
ffaf
ffbb
ffa5
ffb1
ffa3
ffb5
ffab
ff93
ffa3
ffbf
ff46
ff62
ff4e
ff67
ff69
ff6e
ff55
ff61
002d
ff73
ff73
ff65
ff73
ff7b
ff6d
ff63
ff77
ff9a
ffa0
ffb1
ffaf
ffac
ffac
ffb3
ffb2
ffb1
ffab
ffa6
ffb2
ff8c
ff9a
ffcc
ff50
ff68
ff4e
ff6a
ff7b
ff61
ff6b
ff3e
002a
ff71
ff73
ff63
ff78
ff79
ff6f
ff67
ffac
ff80
ffac
ffab
ffb7
ffad
ffb4
ffb1
ffb8
ffb2
ffac
ffac
ffbf
ff86
ff5f
ffb4
ff5f
ff6c
ff56
ff6d
ff80
ff63
ff68
ff32
0052
ff6d
ff72
ff60
ff81
ff76
ff7a
ff6c
ffb0
ff72
ffa1
ffb1
ffb0
ffb0
ffbb
ffb6
ffb9
ffb0
ffa9
ffa6
ffc4
ff9a
ff46
ff79
ff62
ff62
ff5e
ff70
ff7a
ff73
ff73
ff68
00c6
ff73
ff61
ff64
ff82
ff70
ff7e
ff6a
ffb3
ff8e
ff7e
ffb5
ffa8
ffb2
ffb8
ffbc
ffb5
ffb0
ffb7
ffa7
ff9b
ff85
ffa7
ff60
ff62
ff63
ff68
ff66
ff5f
ff6d
ff5d
ff5d
00ca
ff5f
ff6d
ff60
ff77
ff74
ff7b
ff71
ff99
ff75
ff9b
ff95
ffa0
ffb2
ffb7
ffae
ffac
ffaf
ffb5
ff9e
ff97
ff5a
ff82
ff63
ff62
ff62
ff62
ff62
ff61
ff64
ff66
ff50
00c0
ff62
ff7c
ff6b
ff7a
ff77
ff7d
ff75
ff9f
ff8f
ff8a
ff92
ff9b
ff96
ffa3
ffa8
ffa4
ffaa
ffa4
ff8b
ff7e
ff6c
ff66
ff62
ff62
ff63
ff65
ff67
ff67
ff66
ff5f
ff4f
00f7
ff6e
ff71
ff6b
ff96
ff82
ff88
ff8f
ff92
ff85
ff97
ff95
ff9c
ff9f
ff90
ff98
ff94
ff98
ff96
ff84
ff8c
ff71
ff66
ff67
ff63
ff66
ff67
ff66
ff67
ff66
ff60
ff62
0043
ff93
ff94
ff90
ff66
ff9c
ff91
ffa3
ff9a
ff9e
ff94
ff98
ffa2
ff9b
ff96
ff95
ff9d
ff95
ff97
ff7a
ffa5
ff7f
ff90
ffa0
ff89
ff82
ff84
ff83
ff83
ff81
ff8e
ff8e
ff81
0093
0126
ffff
0030
0151
010e
00be
00b9
00c3
fffd
ffe2
0053
006c
006b
0067
0068
0068
0069
0050
0026
003a
0060
0078
00e4
fff1
0064
005d
0067
005c
0064
00f7
ff7b
0094
010e
0011
0107
00fa
00a4
00c6
0098
fff6
fff6
0045
0066
006e
006c
0062
006b
0056
0046
0059
0059
005b
0056
0059
006b
002a
007f
005f
0065
0066
0062
00e0
ff7e
00b2
0113
00aa
00c2
00c1
009f
0029
fff9
0039
0048
0056
0075
0080
007d
0047
0047
0058
005f
005f
0061
0062
005e
0058
0054
004b
006a
0069
0060
0065
0060
00dc
ff7c
00da
0122
00af
00ba
0062
fffe
0039
0048
0047
005d
0128
014b
0082
0085
0015
001a
0011
0008
0059
005d
0062
005d
0057
005f
0047
002f
0090
007d
005f
005e
00d0
ff72
00d8
014a
0093
002f
0027
0041
005e
006f
0138
0143
014f
00cf
007f
008e
0093
0022
0022
ffdb
fff9
001e
004d
005c
005f
0059
0033
0025
008c
0098
0061
0060
00d2
ff73
00a3
018e
004c
003b
0008
004c
0070
0143
017a
0159
00e9
007b
0075
00eb
0079
001f
0035
fffa
0000
ffeb
ffed
002b
005d
0050
0056
001c
0065
00a0
0069
005f
00d7
ff79
00e6
01b1
009a
0010
ffec
002d
0058
01c3
0211
0103
0027
008f
007a
0079
0058
0070
0085
001d
0003
0008
ffe1
fff2
0026
0047
0050
0052
004b
0074
0085
0078
00da
ff93
00c9
012b
0089
fff9
003e
0068
00bb
01ce
0184
0090
00e6
00db
00aa
0097
008c
0070
0062
003b
fff7
fff8
ffec
fff8
ffef
0061
004d
0030
004b
007d
0050
0098
00e1
ff9f
00ad
0116
0060
fffa
0077
0098
0162
01b7
00e1
010b
0116
00a2
00a3
0091
009a
006e
0064
004f
002e
fff0
ffe7
fffe
ffe0
0034
005c
0028
0049
0090
0059
0088
00d3
ffa2
0098
010d
0035
0017
0082
00de
01bf
016b
00f3
0118
00ad
0095
00a8
0096
0086
008d
0063
0051
0021
0031
ffeb
ffe7
fff0
ffed
0064
0044
006f
0074
005a
0066
00cf
ffa3
008c
00f8
0020
0057
008a
0141
0241
010a
0091
00e0
00bd
00b6
009d
0081
0090
009b
008f
005a
0024
fffb
0001
fff1
0006
ffcc
007d
007c
002b
0024
004b
0058
00cb
ff8f
011c
00b3
0028
0073
0090
01c2
024c
0067
0068
0116
0122
00e1
00a5
0097
0083
00a4
00bb
006b
0058
ffed
ffe6
0028
0058
ffae
00e7
0159
0069
ffeb
0017
0047
00bc
ff83
0167
0084
0035
0082
0083
0193
01b5
0068
0167
0133
00fe
024b
0072
0077
0072
006f
007b
006d
001c
ff92
ffe7
fff2
00c1
ffa3
008d
00d9
012c
00ba
0105
0068
0045
ff8a
0148
0073
0041
0083
0097
013b
016b
0101
016a
00de
00e4
0312
0072
0072
0072
0072
0072
0072
fffc
ff60
0058
ffdd
011b
ffcf
00fa
00fd
00a3
0098
000e
01a4
004a
ff95
0106
007a
0045
0080
009e
010e
0165
0170
00cc
fff4
0010
059b
0072
0072
0072
0072
0072
0072
fff0
ff26
0124
ffe1
010f
ffb7
0046
01c6
008a
00ca
00b1
0040
00aa
ffa1
00bb
007a
004e
0085
012d
0031
01eb
0189
001d
004b
0001
0533
0072
0072
0072
0072
0072
0072
fff6
ff38
001d
00fb
ffee
ffd9
0277
0254
0096
ffbf
ffeb
007e
0185
ffa0
00aa
007b
0054
009c
01af
ffe2
027f
0179
007a
0066
011d
0360
0072
0072
0072
0072
0072
0072
0030
ff64
000f
00ba
ffdb
ffe1
01d4
041c
fff7
ff72
0046
0068
01bb
ffa6
007d
00a3
0042
0084
01a5
fff1
01f3
01ce
00d9
0096
00dc
02f8
0072
0072
0072
0072
0072
0072
0029
ff87
0086
fff2
ffce
ffd2
00a4
0174
00d6
ffff
00e5
00c6
0094
ffa3
0087
00cb
0041
0073
01a9
004a
014b
0217
012f
00b1
00cc
02b9
0072
0072
0072
0072
0072
0072
0043
ffa0
001e
fff2
ffbb
fff6
00da
0044
009b
0037
010c
00ac
0080
ff89
00ef
00e8
004f
0060
010b
01ef
00a8
01c4
0170
0102
00ba
0221
004b
005d
005a
006d
0058
005a
0048
ffb8
ffff
ffdb
ffd6
ffd6
00bd
008d
0009
0093
00f0
0050
0088
ff9f
00af
00c5
005b
004a
00d3
0256
0076
01bc
0162
00e1
0074
0096
004d
003d
008c
00ba
0036
00b0
0151
007b
fffd
ffd9
ffb6
0003
0070
fff8
0038
009a
008a
0058
00c5
ffa2
00b9
00a7
007e
0024
00aa
024f
0058
01b2
0137
00db
0088
00d0
00a3
006c
0003
00c0
002d
0079
009a
00e0
0025
ffdc
ff9b
006b
0076
fff3
006f
00c8
0046
0156
fff2
ffa1
00be
00aa
00a7
fffe
0086
0229
001c
01d2
013c
00aa
00b8
0035
009c
0098
009a
00c6
0001
001c
002c
013b
0098
ffd2
ff97
00c7
005b
fffb
0065
00b2
0052
016e
ffdc
ff9f
00b8
00ad
00e9
fff7
0065
0116
011e
0222
016e
00b4
0017
fffc
0088
00f8
00e2
006d
fffe
002b
00d7
0167
0081
ffbf
ff8b
0073
0056
00a1
0057
00a4
00a9
0096
002c
ff9e
00b6
00a9
011e
0001
0001
007c
0100
02b5
016e
0146
002a
0076
00ac
00f3
00a9
007c
003d
fff6
002a
0140
005a
ffbc
ff90
0082
0041
00cd
0065
00f9
ffee
00df
005d
ff9d
00ae
00ac
0122
003f
fff7
0074
007b
026a
01c1
0132
0090
0033
00d1
00f0
00b3
0079
0045
fff7
fffc
00ce
009c
ffa2
ffb7
007f
0028
00d0
003c
007c
0032
006b
017d
ff98
00a7
00b2
0142
006c
fff9
0033
0050
0129
02dd
0101
00d2
0042
00d8
00d0
00a8
0082
002d
ffff
fffc
00a6
0070
ff7a
fffc
0076
0057
0165
005c
0010
003d
0043
00c5
ff82
0084
0119
0145
007c
fffd
000d
0056
012c
0207
019a
00c3
0070
00ce
00bb
00cc
0098
002e
fff5
0046
0057
ffea
ff7d
0076
006e
0064
0070
00a0
0078
00a4
010a
0093
ff7b
0055
0167
0115
0041
ffff
0084
00fb
0182
00af
0192
00d7
0101
00cb
0091
00dd
00a4
002d
fff7
0040
ffe2
ffad
ffeb
0063
0065
0067
0066
0066
0061
0052
0059
0120
ff7e
006f
00f9
009b
00a5
0194
00fc
005e
0168
008f
0039
00c8
0101
0171
0096
0098
009d
005f
000c
ffe1
ffa2
fffc
003b
0063
0065
0062
0061
006b
0066
0067
0052
00f0
ff7b
0096
00cf
009f
0225
00ff
0065
004d
0176
007a
00af
ffff
0045
00f6
00ea
0096
0082
0037
fff7
fffe
ffba
0017
0057
008a
00b1
007a
0089
008b
006d
0076
004c
00ed
ff9d
0087
007c
0145
0268
0088
0097
00d6
00eb
00f3
0062
0098
0042
0084
00b2
0087
003b
0019
008b
0022
fffb
fffe
004c
0047
007b
0063
0087
008d
0079
0079
0074
00c0
0076
00b8
fffc
fffd
00a4
00f2
ffec
ffcc
ffc4
ffbb
ffd0
0014
0037
0058
0058
0059
0058
005a
0061
0051
0044
00bb
00ed
00f1
00b2
0091
00e4
0101
0101
0103
00fb
00f8
ff84
ff80
ff84
ff90
ff7f
ff76
ff95
ff99
ff9f
ff8e
ffb3
ffa1
ff85
ff82
ff82
ff82
ff83
ff81
ff82
ff88
ff79
ff75
ff7a
ff7a
ff7d
ff82
ff72
ff76
ff77
ff76
ff74
ff8b
ff81
ff7f
ff87
ff79
ff7e
ff94
ff99
ff8e
ffa2
ffb1
ff82
ff80
ff7a
ff78
ff80
ff7f
ff7e
ff86
ff7d
ff7b
ff7c
ff7b
ff7b
ff79
ff74
ff6c
ff75
ff7a
ff79
ff76
ff74
ff89
ff83
ff7c
ff87
ff8c
ff8f
ff8f
ff90
ffae
ff86
ff83
ff81
ff97
ffa4
ff7c
ff80
ff91
ff8e
ff88
ff7a
ff7b
ff7c
ff7b
ff7a
ff79
ff79
ff76
ff7c
ff7b
ff73
ff72
ff73
ff89
ff84
ff85
ff87
ff8d
ff88
ffa3
ff8e
ff86
ff88
ff8f
ff7e
ff40
ff80
ff97
ff8d
ff89
ff84
ff5f
ff6e
ff80
ff7b
ff7a
ff7b
ff78
ff79
ff7c
ff7e
ff75
ff77
ff77
ff76
ff8b
ff92
ff85
ff92
ffa2
ff8f
ff7d
ff7e
ff7f
ff7d
ff79
ffb1
ffba
ffa9
ffba
ffc3
ffb5
ffaa
ff9a
ff91
ff71
ff82
ff85
ff7c
ff7b
ff79
ff75
ff6d
ff72
ff78
ff77
ff77
ff8b
ff8a
ff8d
ff8a
ff71
ff69
ff7f
ff94
ff91
ff91
ffa0
ff8f
ffa6
ffaf
ffbc
ffc1
ffd7
ffdc
ffcc
ffb8
ffaf
ff89
ff7f
ff76
ff7c
ff78
ff79
ff71
ff72
ff75
ff78
ff76
ff8a
ff76
ff78
ff93
ff9d
ff99
ff8d
ff7f
ff75
ff82
ffb1
ffc8
ffb8
ffad
ffaf
ffa2
ffa4
ffa5
ffab
ffaa
ffa1
ff9e
ff88
ff78
ff79
ff78
ff73
ff70
ff73
ff73
ff74
ff76
ff8c
ff8c
ff8c
ff94
ff99
ff90
ff89
ff89
ff8d
ff99
ffb4
ffb3
ffbe
ffc5
ffc8
ffc6
ffc4
ffc3
ffc1
ffbd
ffb1
ffa4
ff9c
ff8e
ff82
ff80
ff7c
ff75
ff70
ff71
ff74
ff74
ff8b
ff8c
ff8c
ff93
ff98
ff8e
ff8a
ff8d
ff9b
ffb1
ffbc
ffbc
ffbd
ffd1
ffd3
ffd3
ffd1
ffcd
ffc7
ffc1
ffbd
ffb1
ff93
ff99
ff7c
ff78
ff7b
ff77
ff74
ff72
ff72
ff77
ff8b
ff8f
ff8c
ff91
ff97
ff8d
ff8c
ff92
ffa4
ffb4
ffbd
ffc9
ffd2
ffd4
ffd2
ffd5
ffd4
ffd0
ffcd
ffca
ffc9
ffbf
ffad
ff9d
ff8b
ff8a
ff8f
ff86
ff6f
ff6a
ff6f
ff72
ff86
ff86
ff89
ff8d
ff91
ff8b
ff8c
ff94
ffa9
ffb9
ffc1
ffcb
ffcc
ffba
ffc2
ffc2
ffbf
ffbf
ffc6
ffc2
ffb5
ffbb
ffb1
ffa4
ff94
ff84
ff4f
feda
fe8a
fee2
ff27
ff49
ff71
ff8d
ff87
ff92
ff91
ff8d
ff8d
ffa0
ffc1
ffd2
ffc8
ffc7
ffd1
ffb5
ffb0
ffb0
ffa8
ffa4
ffae
ffa3
ff90
ffbb
ffaa
ffb0
ff9c
ff52
ff0b
ff27
ff59
ff6a
ff6a
ff85
ffa3
ff84
ff86
ff91
ff8e
ff8d
ff8f
ff9f
ffb8
ffb4
ffbd
ffd6
002a
fffe
fffc
fffc
fffc
fffc
fffc
fffc
ffe9
ffd8
ffc2
ffab
ffab
ff73
ff1e
ff1e
ff82
ff94
ffb5
ffa4
ffb1
ff8b
ff8a
ff8f
ff8e
ff8b
ff8a
ff97
ffac
ffb1
ffc6
ffb4
ffd9
fffc
fffc
fffc
fffc
fffc
fffc
fffc
ffd9
ffad
ffc6
ffa9
ffb2
ff9f
ffbe
ffa6
ff85
ff84
ff91
ffa6
ffaf
ff8b
ff87
ff8d
ff8a
ff90
ff9a
ffa4
ffa8
ffb2
ffc6
ffb2
ffbf
fffd
fffc
fffc
fffc
fffc
fffc
fffc
ffe7
ffaf
ffa9
ffac
ffac
ff8d
ffbf
fff1
ffee
fff1
ffcf
ffdf
ffe7
ff94
ff92
ff90
ff8f
ff8b
ff76
ff89
ffa5
ffb6
ffab
ffa5
ffd0
fff5
fffc
fffc
fffc
fffc
fffc
fffc
ffe5
ffa6
ffa3
ffab
ff9a
ff9d
fff0
fffc
fff6
ffbd
ffa4
ff89
ff78
ff8a
ff88
ff8e
ff8b
ff8c
ff96
ff97
ffa9
ffc2
ffce
ffce
ffd0
fff9
fffc
fffc
fffc
fffc
fffc
fffc
fff0
ffc3
ffab
ffb2
ffb0
ff9b
ffa5
00ad
018a
ffdb
ffbb
ffc6
ffad
ff87
ff88
ff91
ff8e
ff8c
ff94
ff8c
ffad
ffc8
ffcf
ffd4
ffd8
fffa
fffc
fffc
fffc
fffc
fffc
fffc
fff0
ffc1
ffcf
ffb9
ff9a
ff75
ff52
ff6c
ff9d
ff7b
ff4c
ff63
ff7a
ff9a
ff94
ff91
ff8f
ff8b
ffa1
ffa0
ff9f
ffbe
ffca
ffd0
ffdb
0053
0055
0068
0082
0052
005d
0082
0023
ffcb
ffc8
ffbc
ff92
ff7b
ff8d
ff8d
ff73
ff8b
ffce
ffe1
ffbe
ff78
ff80
ff93
ff90
ff8c
ff97
ffa1
ffac
ffba
ffcb
ffd5
ffe0
00dc
018c
01e5
0208
00e6
0123
01eb
011b
ffdf
ffca
ffb8
ffa7
ff8a
ff85
ff8c
ff8c
ff9e
ffc6
ffb4
ffa6
ff8d
ff8d
ff93
ff92
ff8c
ff91
ffa7
ffb5
ffbc
ffcf
ffcf
ffd3
ffd1
ffca
ffb3
ffb8
ffb1
ffb1
ffc1
ffd3
ffd3
ffc6
ffb2
ff97
ff7f
ff7a
ff70
ff6d
ff64
ff6f
ff7f
ff94
ff8d
ff8d
ff92
ff91
ff8b
ff8d
ffa1
ffa4
ffb7
ffc3
ffd0
ffcf
ffd4
ffe4
fff6
fff8
ffe2
ffdc
ffe0
ffd6
ffd0
ffc8
ffb1
ff91
ff8a
ff88
ff78
ff76
ff78
ff7c
ff85
ff8c
ff8c
ff8d
ff93
ff95
ff88
ff8a
ffa1
ffa9
ffb3
ffc6
ffd0
ffde
ffda
ffc4
ffcc
ffcf
ffdd
ffea
ffe1
ffd1
ffd2
ffc3
ffad
ff99
ffa0
ffae
ff88
ff75
ff72
ff83
ffb2
ff97
ff8d
ff8c
ff92
ff97
ff87
ff88
ff95
ffb6
ffb4
ffc7
ffcd
ffb8
ff94
ff7b
ff82
ff9d
ffad
ffa1
ff9b
ffaa
ffcb
ffcd
ffaf
ff86
ff77
ff71
ff69
ff73
ff74
ff6f
ff89
ff7f
ff8e
ff8d
ff92
ff9a
ff95
ff8b
ff88
ff8b
ffae
ffc4
ffdb
ffd1
ffcd
ffce
ffd3
ffd6
ffcf
ffce
ffc2
ffbd
ffc6
ffc7
ffac
ff81
ff75
ff76
ff76
ff80
ff9c
ff84
ff7a
ff8c
ff8f
ff90
ff93
ff99
ff97
ff8d
ff8a
ff87
ffa5
ffbe
ffca
ffd3
ffce
ffd0
ffd8
ffdf
ffda
ffd8
ffcb
ffc2
ffc3
ffbe
ffa9
ff79
ff71
ff78
ff8a
ffae
ff9c
ff72
ff72
ff93
ff88
ff7e
ff88
ff98
ff98
ff8e
ff86
ff84
ff8c
ffbe
ffc8
ffd0
ffce
ffd0
ffd2
ffda
ffdb
ffd2
ffc9
ffbd
ffba
ffb8
ff95
ff77
ff75
ff76
ffa3
ffac
ff64
ff31
ff3f
ff99
ff85
ff85
ff90
ff9a
ff95
ff8b
ff82
ff95
ff88
ffa9
ffc6
ffca
ffc7
ffcd
ffd3
ffd9
ffd9
ffd1
ffca
ffbc
ffbf
ffa7
ff8a
ff71
ff74
ff74
ff75
ff76
ff73
ff7c
ffb7
ffe1
ff7c
ff5e
ff79
ff9d
ffa9
ffa9
ff7b
ff7c
ff9d
ffa9
ffbc
ffbc
ffc4
ffcc
ffcd
ffdd
ffda
ffd5
ffc5
ffb3
ffba
ffa5
ff73
ff71
ff71
ff6f
ff6a
ff68
ff73
ff7a
ff7b
ff8c
ff82
ff8f
ff8f
ff98
ff83
ff86
ffa8
ffa1
ffa9
ffb1
ffae
ffb2
ffcb
ffd2
ffbb
ffb8
ffb1
ffb4
ffb6
ffbf
ff91
ff7c
ff6e
ff7c
ff9d
ff91
ff64
ff3f
ff49
ff61
ff66
ff7b
ff62
ff6e
ff72
ff7e
ff9e
ffb9
ffba
ffb3
ffbf
ffc3
ffca
ffba
ffab
ffa9
ffbc
ffc3
ffc6
ffba
ffa6
ff92
ff6c
ff5b
ff63
ff5e
ff68
ff7f
ff72
ff64
ff59
ff55
ff5a
ff6b
fff2
ffec
ffef
0016
ffea
ffd0
ffff
0026
0026
000b
0141
00ba
fff3
fff1
fff0
fff0
fff2
fff1
fff6
fffe
ffed
ffe1
ffe4
ffe6
ffef
0026
ffe2
ffe9
ffe9
ffe9
ffe7
ffe2
0002
0019
0011
fff2
fff1
003f
0003
fffa
0082
00fe
ffea
fff5
0011
0013
001b
0015
000c
002d
fffc
fff7
fffd
ffff
ffff
ffff
fff9
ffec
fffe
fffd
0000
ffff
fffe
ffff
0000
fffe
fffd
0006
001c
fffd
0022
00f3
fff5
fff2
003b
004e
fffb
ffcb
ffcf
ffdd
ffe5
fff2
fffd
ffff
ffff
ffff
fffd
ffff
fffe
0000
ffff
0036
fffd
fffa
fffa
fffa
ffff
001c
fffd
0001
fffd
00b1
001f
fff8
0025
0017
ffe7
ffa1
ffe3
ffff
ffe9
ffea
ffde
ffcf
ffbb
fff0
fffb
fffe
ffff
fffd
fffd
fffe
0031
000d
fffe
fffe
fffe
ffff
ffff
fffa
0002
0046
0028
ffef
ffff
ffff
000b
ffd3
0083
002c
ffec
fff3
000d
ffe6
fff1
ffdc
fffd
ffc5
ffda
ffec
ffff
fffe
ffff
fffd
fff9
fffa
0017
fffe
ffff
ffff
003b
0009
ffff
ffda
ffc9
ffde
fffd
002a
ffff
006c
ffbc
fff8
fffa
fff9
0011
0079
00d8
006a
0019
0032
fffb
fff1
ffea
fffd
ffff
0018
0004
fffe
fffe
0028
fffe
fffe
ffea
fff0
ffff
0020
0052
0068
0012
ffee
ffe9
ffea
009f
fffe
ffe8
ffee
ffde
ffdb
ffdd
ffe8
fff2
fff1
fff4
fffc
fff1
fff6
fffc
fff8
fff4
0007
ffff
fffc
0018
0002
0016
0021
0003
0001
0021
000a
0002
fffd
ffe9
fffa
fff0
fff4
fff8
fffe
0001
ffff
fffa
0002
fffa
fffb
ffea
fffb
fff6
fff6
0009
fffd
fffe
fffc
fffc
fffd
fff6
fffd
fffd
0004
000c
000e
001c
0005
0001
fff9
fff9
fffb
fff6
ffef
0031
0025
0015
0002
0015
fffd
fffe
fffe
0025
ffe4
fff7
fff7
fff2
0003
ffff
fffa
fff5
fff6
fffd
fffe
ffff
0002
0005
0028
001b
000b
fffd
fff2
ffe9
fff6
0014
003d
0016
0006
0017
0033
0011
0004
fff9
fffd
0011
0033
fffd
fff6
fff7
fffe
0001
0002
0005
ffff
fffe
fffe
0008
0037
fffa
000e
0004
ffff
fffc
ffe8
ffea
0017
0025
fff9
ffea
fff2
ffee
ffee
fff4
fff4
fff9
fff9
ffec
fff6
fffe
ffee
fff5
0023
ffcd
ff70
ff8e
ffce
ffe5
ffed
fffc
fffe
0016
0015
000a
0002
0016
0031
00ec
006a
fff3
fffe
ffc7
ffa1
ffa6
ffa0
ff95
ffa2
ff9d
ff81
ffce
ffeb
fff8
fff9
fff1
ffd5
ffde
ffd7
fffd
ffae
ffb2
ffc6
fff7
ffff
0007
0007
0009
000b
000c
004b
000b
fffd
0032
0069
0018
fff9
fff9
fffa
fffa
fffa
fffb
fffa
0090
0051
000c
0019
0007
ffb0
ff76
ffeb
fffc
012f
014f
00c6
fffd
ffff
0002
0002
0005
fffe
0001
0008
0015
0005
0029
015b
00cd
fffd
fffd
fffd
fffd
fffd
fffd
fffe
0004
00ce
fff4
0051
0009
015d
014d
004f
0023
ffe6
ffcd
009b
fffe
fffa
0006
ffff
0004
0006
fffe
0022
fff3
fff3
0055
ff9a
fff0
fffd
fffd
fffd
fffd
fffd
fffd
0013
fff1
ffde
0017
fffa
002c
ffd9
ffd6
ffcc
ffdb
00c1
0132
00f9
ffff
0030
000c
0011
000b
fffd
fff7
0016
fff5
fff4
ffda
0085
fffd
fffd
fffd
fffd
fffd
fffd
fffd
ffff
ffec
fff4
fffe
fff0
fff2
0158
00de
ffe9
00b3
0095
ffdc
fff8
ffff
fffb
0002
fffc
ffff
0008
fff9
ffff
0021
0018
ffff
fffe
ffff
fffd
fffd
fffd
fffd
fffd
fffd
fff9
004c
ffe8
ffe7
002e
007e
008b
025f
04c3
0263
005e
008d
fff4
fffc
fffc
000c
fffd
000a
003b
ffe8
0024
004d
0021
0014
fffe
fffc
fffd
fffd
fffd
fffd
fffd
fffd
0007
ffec
0011
0026
fffe
fffe
ffcb
ffb3
005e
0019
ffe9
fffd
0017
0038
0099
0004
fffd
ffff
000b
0049
fff0
fffe
0018
fffa
fff7
fffc
fffd
fffd
fffd
fffd
fffd
fffd
fffe
fff5
fff8
ffff
fffb
ffee
0048
006a
ffe7
fff6
fffa
0000
0035
ffef
ffe1
fffd
fffe
0005
000d
000f
0025
000a
fffd
0009
fff5
015e
0267
02f1
038c
02c8
0287
035e
02fc
00d3
0004
fffb
0056
0069
fffe
0070
0090
0060
015a
0173
007d
0007
002b
fffe
fffe
0001
000a
001a
0040
0011
003f
001d
003e
fffe
0020
ffe0
ffdb
ffe1
ffdb
ffe7
fffa
0051
0006
0005
ffff
000a
0023
ffec
ffe9
ffea
ffe0
ffc0
ffe5
ffff
0003
0007
fffd
fffd
0001
0040
fff9
0021
fff9
fffd
fffb
fffb
0048
0076
008b
0029
fffc
0035
0065
004c
0012
fffa
000a
fff7
fff6
fffb
fffb
000d
fff5
00c4
fff9
fffe
0002
0007
ffff
fff9
0003
004c
0060
001b
ffff
fff6
0018
00b6
0088
00c9
009f
0089
00fc
0126
0098
fffc
ffed
fffc
002b
008a
0131
0071
ffff
fffd
0016
0012
0091
fffe
0002
0005
000c
fff2
fff8
fffa
00b0
0042
0019
000d
ffed
ffdc
ffb4
ffae
ffb7
ffd5
ffcd
ffc6
ffdd
003a
0033
0028
0012
fff9
ffea
fff2
fffa
fff5
ffd0
00f9
ffe3
fffe
0006
0007
ffff
0001
fffb
0008
fff3
006a
0015
0042
002d
000f
0032
0026
0015
fff8
fffb
fffa
fffd
0018
0029
000b
0042
fffe
ffff
fffd
fffd
00a3
00a2
fff3
fff5
000b
0017
0021
000e
fffe
fff9
fffe
000a
0048
007d
fffc
0025
ffff
fffe
0008
0018
0007
000d
0016
0004
0019
0000
0032
0052
fffc
0002
fff3
ffef
fff9
fff2
fff1
006f
001f
0048
0003
0003
ffff
fffb
fffd
0004
fff7
0040
0031
000f
000a
000c
fffe
0015
000b
fffb
0006
0014
fff2
000a
008c
000a
0001
fffe
007f
01d6
00cc
fff4
ffcb
ffc5
fffc
ffef
0018
fffe
fffd
001d
001e
001c
ffef
ffe9
0091
005a
000d
fffd
0010
001a
0013
fffd
0015
fff8
0041
00bc
00b2
fffc
ffff
0007
0005
fff6
fff4
ffef
00ab
0294
0003
fff1
fff6
0070
00d9
0067
ffca
ffcc
0005
0000
fff3
0087
008d
004c
fffe
0023
004c
0035
0004
fffd
00df
0118
fff2
ffff
fffe
fffe
fffe
fffd
ffff
0009
fffd
ffe7
002e
0017
fffe
fffc
ffe7
ffc3
0035
0037
fffa
ffef
0011
ffe1
0004
00ed
00b1
0085
0049
006d
008a
010b
fff7
fff7
0014
fffb
000d
fffb
ffea
ffd4
ffd8
ffeb
fff1
fff8
ffe9
fff4
fffc
fffa
ffe3
003f
0017
fff6
fff2
000b
fff3
0018
fff1
ffde
ffe9
fff3
0001
0044
ffff
ffed
ffff
ffd6
ffdc
fff9
0024
00be
009e
0063
003c
0039
003c
0035
ffb6
ff80
ff81
ff7a
fff9
0043
001f
001b
006e
0068
00e9
007d
0066
0027
0022
002e
fffb
ffd9
ffcb
ffd5
ff9c
ffa1
ff84
ff77
ff5e
ff5a
ff54
ff5a
ff58
ff51
ff4f
ff3a
0099
006a
0077
00a8
0083
0075
0059
0089
0087
008d
008c
008b
003b
0036
002c
0026
0026
002b
002a
002d
0030
0043
0036
0045
0008
0025
0047
0047
003f
0041
0044
009a
ffd6
ffb6
ffb7
ffb7
ffb3
ffbc
ffc0
ffc0
ffc5
ffc4
ffc9
ffb8
ffbc
ffbd
ffbc
ffbb
ffbd
ffc0
ffbf
ffb8
ffb7
ffba
ffbd
ffc0
ffb7
ffc3
ffb4
ffb8
ffb9
ffb9
ffb9
ffe1
ffdb
ffbb
ffb7
ffbb
ffbd
ffbb
ffc1
ffc2
ffc6
ffb9
ffba
ffb9
ffb7
ffba
ffbd
ffbf
ffbc
ffba
ffbc
ffbd
ffbd
ffbd
ffbc
ffb9
ffb6
ffb4
ffb7
ffbb
ffba
ffba
ffb9
ffe2
ffde
ffb8
ffb9
ffba
ffbb
ffbe
ffc0
ffbb
ffb6
ffbf
ffc0
ffbe
ffb7
ffb4
ffb7
ffc5
ffc2
ffba
ffb9
ffbb
ffbc
ffbc
ffbc
ffbc
ffba
ffbb
ffbc
ffba
ffb7
ffb6
ffb6
ffe1
ffda
ffb2
ffb6
ffbd
ffbd
ffbd
ffb5
ffbd
ffbb
ffba
ffb3
ffb6
ffc4
ffcc
ffbb
ffb9
ffbe
ffac
ffc8
ffc0
ffbb
ffbc
ffbc
ffbb
ffbb
ffbc
ffbd
ffb9
ffb9
ffba
ffbb
ffe1
ffd9
ffba
ffbb
ffbf
ffb9
ffbc
ffbb
ffb9
ffbc
ffba
ffcf
ffbc
ffb0
ffcd
ffd0
ffcc
ffce
ffcb
ffbd
ffbf
ffc8
ffc2
ffbb
ffba
ffb9
ffb6
ffbb
ffb7
ffb6
ffba
ffbb
ffe2
ffda
ffb9
ffae
ffb0
ffa9
ffb5
ffb0
ffb3
ffb9
ffc4
ffb8
ffcc
ffce
ffc5
ffc4
ffde
ffe3
ffd4
ffd2
ffcb
ffbc
ffc6
ffc2
ffbb
ffc1
ffba
ffb9
ffbb
ffb8
ffb5
ffb6
ffe0
ffdb
ffbc
ffbd
ffc0
ffc5
ffbf
ffb8
ffbd
ffc1
ffbf
ffce
ffd0
ffd1
ffd2
ffc9
ffc9
ffcd
ffcd
ffd0
ffd2
ffcd
ffc1
ffbe
ffc2
ffb7
ffb1
ffb5
ffbc
ffb5
ffb7
ffba
ffe1
ffdb
ffb8
ffbc
ffbb
ffc3
ffb8
ffb9
ffbd
ffba
ffc9
ffcf
ffce
ffd1
ffd3
ffd4
ffd2
ffd9
ffd5
ffd3
ffd0
ffd2
ffd0
ffbe
ffc4
ffbc
ffb9
ffb7
ffb6
ffb4
ffbb
ffb4
ffe1
ffd9
ffb8
ffbc
ffbb
ffbe
ffb8
ffbc
ffbd
ffc0
ffcd
ffca
ffcf
ffdb
ffda
ffda
ffd8
ffd5
ffd2
ffcd
ffd3
ffc6
ffc3
ffcc
ffbf
ffc0
ffb9
ffc0
ffba
ffb5
ffb8
ffb9
ffe2
ffda
ffba
ffba
ffc1
ffbd
ffba
ffc3
ffc0
ffc3
ffd2
ffd1
ffd7
ffd6
ffd6
ffdd
ffdc
ffda
ffd7
ffdb
ffd9
ffd4
ffcc
ffcd
ffbe
ffc3
ffae
ffa9
ffac
ffb3
ffb8
ffb9
ffe0
ffd7
ffba
ffb8
ffbc
ffb7
ffbb
ffbc
ffbd
ffc2
ffd6
ffd5
ffd3
ffd0
ffd7
ffd6
ffd4
ffd8
ffdc
ffdd
ffd5
ffd7
ffd5
ffcc
ffb6
ffd3
ffc7
ffce
ffe0
ffe4
ffca
ffbd
ffe1
ffdd
ffb4
ffb9
ffbc
ffb8
ffbd
ffc2
ffc2
ffdd
ffd5
ffcd
ffd8
ff96
ff9e
ffa2
ff9d
ff9d
ffa1
ffa0
ff8c
ffd7
ffd1
ffd7
ffb4
ffd9
ffc5
ffc2
ffbb
ffba
ffc0
ffbe
ffe8
ffd9
ffb5
ffb7
ffbb
ffb7
ffbe
ffc6
ffc4
ffd1
ffc7
ffd4
0014
ffd8
fff9
fff9
fff9
fff9
fff9
fff9
ffc7
fffc
ffcc
ffe3
ffb4
ffdf
ffc1
ffc4
ffba
ffbc
ffd1
ffb9
ffe3
ffd9
ffb7
ffba
ffbb
ffb7
ffb8
ffbe
ffc4
ffcf
ffd1
ffc6
0059
ffce
fff9
fff9
fff9
fff9
fff9
fff9
ffb5
0028
ffcb
ffe1
ffb5
ffd2
ffb8
ffad
ffb6
ffbc
ffaf
ffc0
ffe6
ffd8
ffba
ffb5
ffb7
ffb6
ffb8
ffbb
ffc1
ffbf
ffc3
ffba
009c
ffc1
fff9
fff9
fff9
fff9
fff9
fff9
ffb5
fff1
ffd6
ffc5
ffbd
ffd1
fff8
0089
00c8
0009
ffc6
ffbf
ffe8
ffd9
ffb8
ffba
ffbb
ffbc
ffa1
ffca
ffc0
ffc7
ffc9
ffdc
0038
ffd5
fff9
fff9
fff9
fff9
fff9
fff9
ffc6
fff9
ffda
ffc2
ffc7
ffce
ffcc
ff81
ff88
ffd7
ffbd
ffc1
ffc8
ffd6
ffbb
ffb7
ffbc
ffba
ffa5
ffc6
ffc3
ffc5
ffd8
ffd7
fff9
ffd0
fff9
fff9
fff9
fff9
fff9
fff9
ffcb
fffe
ffd1
ffd3
ffc9
ffd1
ffcd
0064
00c9
ffdd
ffae
ffae
ffde
ffda
ffc0
ffb7
ffbb
ffb7
ffac
ffc2
ffd0
ffc1
ffcc
ffd9
000a
ffd4
fff9
fff9
fff9
fff9
fff9
fff9
ffcc
fff0
ffd8
ffcd
ffca
ffc8
ffbd
ffbe
ffb5
ffbf
ffba
ffb7
ffe2
ffdf
ffb9
ffbb
ffba
ffb6
ffc5
ffbc
ffca
ffc3
ffce
ffd0
fff9
ffde
fffd
fffb
fffd
fffb
fffc
fffc
ffd8
ffed
ffd7
ffd6
ffbe
ffc5
ffb8
ffba
ffbb
ffbc
ffb2
ffab
ffdf
ffd6
ffb6
ffb8
ffba
ffb8
ffc5
ffb0
ffca
ffc5
ffcd
ffd5
fff0
00bf
01bb
01c5
01c3
014c
016d
0175
007e
ffef
ffd7
ffd4
ffcf
ffc1
ffb9
ffb9
ffb2
ffa4
ff8e
ff86
ffcd
ffda
ffb9
ffbf
ffb7
ffba
ffc3
ffb0
ffcb
ffc4
ffcf
ffd7
ffd9
ffda
ffcf
ffce
ffd3
ffc6
ffcc
ffd9
ffdd
ffd6
ffd5
ffcc
ffd4
ffba
ffb8
ffb9
ffb8
ffb7
ffc1
ffc5
ffe6
ffdc
ffba
ffc2
ffb6
ffbc
ffbc
ffaa
ffcc
ffc1
ffcf
ffd5
ffd2
ffd5
ffdb
ffe8
fff0
ffd7
ffdf
ffd9
ffdf
ffd4
ffd5
ffc9
ffd0
ffb8
ffb5
ffbb
ffb9
ffb8
ffbf
ffba
fff3
ffdb
ffb9
ffc3
ffb7
ffc0
ffb8
ffbb
ffc5
ffc0
ffd3
ffd7
ffd9
ffd7
ffd2
ffcf
ffcd
ffde
ffec
ffe5
ffe0
ffd6
ffcd
ffc8
ffd2
ffb1
ffae
ffb1
ffb9
ffb7
ffc2
ffcb
ffe1
ffdb
ffb9
ffc3
ffb5
ffb9
ffbb
ffbe
ffc9
ffbc
ffd1
ffcd
ffd7
ffc5
ffbe
ffc3
ffc7
ffbd
ffbc
ffbd
ffcd
ffd7
ffd6
ffc9
ffd2
ffb6
ffbc
ffb6
ffbe
ffb8
ffbd
ffb0
ffea
ffdc
ffb8
ffc1
ffb8
ffbc
ffbe
ffb7
ffc1
ffbb
ffcd
ffd1
ffd4
ffdb
ffda
ffdb
ffdb
ffdc
ffd5
ffd8
ffda
ffd4
ffd0
ffc8
ffca
ffb5
ffb9
ffb7
ffbc
ffc1
ffbf
ffbb
ffe0
ffdd
ffbb
ffc4
ffb9
ffbd
ffbf
ffb8
ffb4
ffc6
ffbb
ffd0
ffd3
ffdb
ffd4
ffd8
ffde
ffdb
ffde
ffda
ffd9
ffd7
ffcf
ffd9
ffc0
ffb6
ffbb
ffb4
ffbb
ffb9
ffb7
ffc0
ffe6
ffdb
ffb9
ffc4
ffb9
ffbe
ffbc
ffbb
ffb3
ffc1
ffc0
ffcb
ffd3
ffda
ffd4
ffd9
ffe0
ffe0
ffdc
ffdc
ffd3
ffd2
ffc1
ffda
ffb6
ffb6
ffb9
ffc7
ffc6
ffbe
ffb9
ffc3
fff6
ffd9
ffb8
ffb9
ffb7
ffb4
ffba
ffbb
ffb8
ffb5
ffd0
ffc6
ffd3
ffd1
ffd6
ffde
ffd9
ffd6
ffd6
ffdc
ffcf
ffd1
ffcd
ffc7
ffb6
ffb6
ffb5
ffb5
ffb4
ffb4
ffb6
ffc1
ffeb
ffdd
ffb4
ffc1
ffd4
ffd6
ffbc
ffaf
ffbe
ffbb
ffc2
ffd5
ffc7
ffcd
ffcc
ffd3
ffdb
ffd7
ffd5
ffd4
ffc6
ffdc
ffc9
ffb6
ffb6
ffb6
ffb6
ffb5
ffb4
ffb3
ffb0
ffb0
ffdf
ffe1
ffc1
ffb2
ffad
ffb5
ffbd
ffbd
ffc5
ffb7
ffcb
ffc2
ffcf
ffd7
ffd1
ffcf
ffcd
ffcc
ffce
ffd5
ffca
ffcd
ffb8
ffb5
ffb3
ffab
ffab
ffb6
ffc0
ffc3
ffbf
ffbe
ffe4
ffd1
ffb4
ffb9
ffc4
ffb4
ffc7
ffc5
ffc5
ffc5
ffc8
ffd2
ffc8
ffc9
ffc8
ffc7
ffc9
ffcd
ffcc
ffc8
ffbe
ffbc
ffb5
ffbb
ffbe
ffb9
ffaf
ffad
ffb0
ffb5
ffb7
ffb2
ffd8
0067
002e
0038
0020
fffc
0079
0025
0021
0015
0006
fff6
005a
fffe
0002
0004
0002
0006
0003
0008
000c
fffc
0003
000b
000b
0012
fff2
0018
0002
0009
000b
0006
004b
008c
0000
fff9
fff6
fffd
fff8
fffc
fff8
0002
fff3
fff7
fff7
fff3
fff0
fff2
fff2
fff3
fff4
ffef
fff1
ffee
ffec
ffee
ffef
ffe3
fff8
ffeb
ffee
ffee
ffee
ffed
fff1
00aa
0045
fff9
fffa
fff9
fffd
fffe
fffc
ffef
fff9
ffef
ffef
fff1
fff1
fff4
fff4
ffed
ffee
ffed
ffee
ffee
ffed
ffee
ffed
fff0
ffe8
fff1
ffed
fff0
fff0
ffef
fff0
00ce
002b
fffe
ffff
fffd
000b
fff0
ffff
ffef
fff1
fff2
fff2
003d
fff7
fff8
fffd
fffc
fff8
ffee
ffea
ffed
ffee
ffef
ffee
ffed
ffec
ffed
ffef
ffed
ffec
ffed
fff0
0090
fff6
fffd
000d
fff5
fffb
fff6
fff5
fff5
fff1
0035
fff4
fff3
fffc
fff0
ffea
fff8
ffed
fff0
fffb
ffed
ffed
ffee
ffee
ffee
ffe9
fff4
fff1
ffea
ffed
ffed
fff0
0098
ffee
ffff
ffff
fffe
fff8
fff8
fffd
fff1
fff0
0021
000a
fff2
ffea
fffc
fff6
ffec
ffe5
fffa
ffe1
fffc
fff5
ffed
ffed
ffec
ffed
ffee
ffee
ffed
ffeb
ffed
fff0
007b
fff4
000a
ffed
ffe6
ffee
fffb
fff5
fffc
0061
ffea
ffef
fffb
fff8
fff4
fff1
001b
fffb
fff8
ffff
ffe7
fff6
fff2
ffed
ffed
fff3
fff0
ffef
ffed
ffee
ffed
fff0
00ae
fff9
001e
fff1
fff2
0007
fffc
fffc
0002
fffd
fff6
001f
001d
0023
000d
000c
fffe
fffe
000c
fffd
0005
ffef
fff1
fff0
ffeb
ffef
ffeb
fff0
fff1
ffee
fff4
ffee
00bd
fffc
0022
ffec
fffe
ffff
fffd
0007
0008
ffea
002a
0031
0013
0016
0010
0018
0006
0025
000b
0027
fff2
0021
ffeb
fffb
ffed
ffee
ffee
ffee
ffea
fff2
ffec
fff0
00ad
fffb
001a
ffed
0011
ffff
0005
001c
fff6
0037
0027
fffa
0034
002e
003a
0016
0017
0002
000a
001a
0012
fffa
ffff
ffec
ffef
ffed
fff1
fff0
ffed
ffee
ffed
fff0
00b3
fffb
000b
fff1
0004
fffe
0008
0000
fff9
001b
000e
0043
0049
0023
0028
0031
001d
001c
0016
0019
001a
fffa
fffe
ffef
fff8
ffed
fff2
fff1
ffe6
ffe6
ffec
ffee
006c
001e
0003
fff5
0005
000a
0024
ffef
ffe2
0061
0034
0034
002c
0073
005a
0077
0081
0069
006f
0051
0008
0012
fff0
fff0
fff9
fffe
fff3
ffcb
ffd8
fff1
ffea
ffed
00bb
000d
ffff
fffb
ffff
000f
ffff
ffec
fff8
007a
0025
001f
ffd1
ffe1
ffe2
ffe2
ffe1
ffe1
ffe3
ffd3
002c
fff5
001f
ffe9
fff6
ffe7
ffe6
ffe3
fff8
ffe9
0001
003f
0079
000f
ffff
fffb
0002
0012
fffe
ffe9
001e
0047
fffa
0047
ffd5
ffef
ffef
ffef
ffef
ffef
ffef
ffe6
00ce
fff9
ffff
ffd2
0020
ffec
ffd4
fff4
0044
0053
ffec
fff4
0084
0027
fffe
fffd
0000
001b
fffa
ffe6
0029
0025
fff4
fffb
ffc8
ffef
ffef
ffef
ffef
ffef
ffef
ffee
00a6
0028
0023
ffd8
fff4
ffff
fffc
0005
0040
ffed
001e
007d
00a3
fff8
fffc
fff9
fffd
003a
fff7
fff6
0050
fff0
00b3
0023
ffa4
ffef
ffef
ffef
ffef
ffef
ffef
ffe2
021d
ffe9
ffe6
0012
fff0
fff6
0080
005a
00a9
0028
0009
00d3
00ae
fff8
fffc
000f
0002
001b
0001
0015
fff9
fffb
0052
0056
ffbe
ffef
ffef
ffef
ffef
ffef
ffef
ffea
00ee
0038
fff1
fffc
fff2
00f8
ffa9
ffd4
ffb0
0044
0003
fffb
00af
fff4
fffc
fffd
0004
0001
00a5
003f
fff9
0041
0066
0055
ffbe
ffef
ffef
ffef
ffef
ffef
ffef
ffe6
0107
0028
001f
fff7
0018
fff4
fffa
004b
0070
0086
00bb
00a5
009d
fff8
fffd
fffa
ffff
004f
007b
0043
000a
0034
003b
007c
ffc1
ffef
ffef
ffef
ffef
ffef
ffef
ffe9
00e6
0033
000c
ffea
fff6
fff2
fff2
fff9
0029
ffe6
ffe8
ffec
00c9
ffff
ffff
fff2
0007
0016
0015
003e
0003
0048
0013
0022
ffba
ffdc
ffd7
ffd9
ffdc
ffdc
ffdb
ffdf
00a6
001a
fffe
0002
fffb
fff4
fff3
fffc
fff8
fffd
0047
0053
009d
fff9
fffc
fff1
0012
0005
fff5
004c
0017
0016
002f
0002
fffc
0078
006c
00f9
0061
0021
0098
0056
0051
0002
fffa
fff2
ffff
fffa
fff3
fff0
fff4
fffb
fff8
fff0
00ab
fffb
fffa
ffef
001b
ffff
fff2
0056
000f
002f
0041
fffa
0010
0013
fff5
ffef
fff4
fff1
fff9
fff8
ffff
0003
fffe
fff2
fff5
fff6
ffec
ffeb
ffec
ffe3
ffde
ffed
00ac
fffb
fffc
ffec
001b
fffe
003b
0086
0017
001a
000f
0002
fff2
fff9
000a
fff6
fffa
fff4
fffc
fff7
fff2
0007
ffff
ffee
fffa
fffe
ffef
ffed
ffea
fff0
ffed
fffa
00a2
fffa
fffc
ffee
0012
0004
003d
fff7
0048
ffff
fff6
fff3
003b
005f
0040
0045
0035
007e
006a
005c
fffd
fff4
fff6
fffd
fff4
fff8
ffe9
ffe9
ffed
ffed
fffa
ffe2
00a5
fffb
fffc
fff3
fff3
0007
fffb
0014
0019
0015
fff6
fff8
0020
0006
fffd
0001
fffc
fffe
fff7
fffa
ffff
fff5
fffd
fffe
fff1
ffee
ffd4
ffe7
ffe0
ffce
ffdf
ffea
00a3
fffa
fffb
fff5
fff2
0003
fffe
0002
0002
0014
0017
fffa
002b
001c
0009
fffb
fffc
ffff
fffb
0000
fffd
fff5
fff6
0019
ffef
fff0
ffea
ffe9
fff8
ffe9
fff4
ffc2
0092
fffb
0001
fff4
fff5
fffb
0006
ffff
fffe
fff9
0004
fffd
0016
0012
001d
0005
fffe
fffe
fffb
fffd
0042
fff3
ffde
fffd
ffef
fff1
ffd0
ffe3
fffd
ffe5
fff2
ffea
008b
fff4
000b
fff7
fff8
fff3
0007
ffff
0006
0070
fffb
0006
0011
0011
fffe
001a
0027
0008
0015
0009
fffd
ffff
ffec
ffef
fff0
fff0
fff8
fffe
ffde
ffda
ffb4
ffdb
0074
fff6
fff6
fff2
ffef
fff0
ffff
0020
006a
000d
fffb
0009
fffb
001e
0032
003e
fffe
fffa
0049
ffff
fffc
ffd7
0016
ffef
ffee
ffee
ffee
ffee
ffee
ffee
fff6
ffff
008f
ffe4
0002
0006
ffff
0056
001c
0013
0076
0020
0061
fff6
0012
ffff
000c
0013
ffff
ffff
001b
fff3
fff4
0018
fff0
ffee
ffee
ffee
ffec
ffe9
ffe9
ffe8
ffec
fff0
008a
fffd
fff9
fff4
003d
fff7
0021
0022
0051
fffe
ffff
0012
000c
0058
ffff
0021
000a
002c
fff9
0015
fff8
fff3
fff2
ffe4
ffed
fff6
fff6
fff2
fff3
fff9
fffa
fff3
00c1
fffc
fffd
fffb
001a
0080
008d
00be
008d
005e
007b
0030
0049
0035
002c
0013
0035
0014
0044
fffc
0056
0012
fff3
001f
0023
0030
0033
0034
0038
003d
0025
0009
015c
0196
00fe
00ce
0181
0175
0070
0038
0014
fff7
ffee
00d4
00f4
0104
0103
0102
0105
0103
0102
0109
012a
016d
017a
018b
0118
011f
01ab
0190
0192
0195
0194
01d6
016f
0186
00c3
00d4
012d
006a
002a
0000
fff3
fff3
007c
0100
0105
0108
0105
0107
010e
010d
0122
013a
0148
0151
015c
0179
0137
01b8
0193
0197
0197
0196
0197
0216
015a
0184
00be
00ae
007a
0053
0010
ffff
005c
00e7
00fe
0120
0132
012d
0116
0114
0120
0133
0141
0146
014b
014f
0151
0158
016b
0174
0193
018a
018f
0195
0196
0218
0154
0184
00c2
009e
0061
003f
0063
00e3
0103
012c
0161
0169
00a8
002f
0027
0044
00c1
00e6
012b
0140
0144
014d
0151
015b
0162
0160
019b
01b4
0177
0176
017d
020a
0152
019e
00b9
0087
0074
00d5
0114
013e
014e
013e
0096
fff5
ffd3
ffd0
ffce
ffc8
ffd3
ffdd
0020
00e6
0127
014b
014f
0159
015e
0167
01c8
01d6
017a
017a
017c
01fe
0162
019b
00bf
007d
00b0
00f5
0139
015e
0147
0050
ffee
ffc6
ffbe
ffbf
ffbd
ffaa
ffad
ffbb
ffd3
ffe5
0041
00de
0144
0155
015b
0162
019e
01c5
019f
0178
017d
01fd
0175
0165
0098
fff2
fff4
0096
0120
015a
0119
fffb
ffa4
ffb2
ffbf
ffba
ffba
ffbb
ffc9
ffc0
ffc6
ffd8
ffe1
001e
00e8
014d
0163
018a
01a7
01b0
01b9
01ac
018b
01fb
013f
00d2
00a1
fff4
001a
00ba
00ce
00fd
006c
ffcb
ffbc
ffbd
ffa9
ffa0
ff9c
ff9a
ff9b
ff9f
ffaa
ffbf
ffd8
fff7
005a
012a
0140
015c
0173
01bb
01a0
01b9
01ae
01fa
0100
00b7
00a0
fff3
007b
00bf
00cd
0099
ffe8
ffb8
ffbd
ffa2
ff90
ff8c
ff8d
ff8a
ff8b
ff94
ff9b
ffac
ffb5
fff0
0004
00cd
0150
0155
0171
01b2
0188
01af
017f
01f6
00dc
00b0
00a1
fff8
00aa
00bc
00d4
0023
ffc9
ffbd
ff9f
ff89
ff8f
ff8b
ff89
ff87
ff87
ff8a
ff94
ffa1
ffae
ffc3
fff6
0025
0133
014e
016b
017e
0168
0176
0172
01f5
00d3
00b9
00a6
001c
00bc
00bd
00c8
ffe2
ffa5
ffac
ff96
ff95
ff8c
ff89
ff8a
ff8f
ff8b
ff89
ff8e
ff99
ffb0
ffc4
ffe3
fff2
0103
0158
0145
011d
0148
0160
016c
01eb
010f
00f3
0093
0047
00b5
00be
0093
ffb6
ff84
ffb8
ff9f
ff85
ff6f
ff7a
ff75
ff7e
ff82
ff79
ff7f
ff82
ff9b
ffbc
ffd8
ffd4
009b
011e
0065
ffe7
009d
010c
0139
01b0
015b
00f4
0091
0070
00b4
00bc
008f
ffc4
ffbf
ffc4
ff8a
ff7b
ff13
ff14
ff13
ff14
ff15
ff12
ff15
ff08
ff8a
ffa3
ffdd
ffba
0036
00e7
00c7
fffc
0103
fff8
fff1
002d
0102
0103
008e
0080
00b8
00c7
0098
ffde
ffd1
ffbb
ff8f
ffa1
ff12
ff1b
ff1b
ff1b
ff1b
ff1b
ff1b
ff00
ffcc
ffab
ffdf
ffb8
004e
0072
ffef
ffe9
00aa
ffe9
ffcf
ffb7
00f5
00f5
008b
007c
00b7
00c2
0082
fff0
ffcd
ffb0
ffb7
0014
ff1f
ff1b
ff1b
ff1b
ff1b
ff1b
ff1b
fef4
004d
ffd1
ffd4
ffd9
0002
014e
0033
fff3
0058
ffd9
ffda
ffda
00e7
00ac
0087
0082
00c7
00a9
007a
fffb
ffb6
ff9f
ffdb
fff7
ff0c
ff1b
ff1b
ff1b
ff1b
ff1b
ff1b
fef8
0057
ffd5
ffb2
fff1
0018
0104
ffa4
ff93
ffac
fffc
fffb
fffc
00ee
00b1
008c
00a4
00cd
0019
008d
fffd
ff9f
ff98
ffb8
ffb6
ff12
ff1b
ff1b
ff1b
ff1b
ff1b
ff1b
ff02
ffb2
ffce
ffab
ffd8
003d
00f8
ff4b
ff12
ff7a
0062
ffeb
ffe8
00e6
009e
0082
0086
00ca
0088
0096
ffff
ffa8
ff9a
ff97
ffa2
ff11
ff1b
ff1b
ff1b
ff1b
ff1b
ff1b
ff08
ffa7
ffa2
ffa7
ffcf
00b1
012d
00a5
ffec
00be
0085
fff7
000f
00f2
00a7
0089
005a
00c3
00d1
fff1
0012
ffbd
ff99
ff87
ff97
ff11
ff1b
ff1b
ff1b
ff1b
ff1b
ff1b
ff09
ff90
ff8c
ff9d
ffd3
00d8
00dd
007d
00b8
0120
0005
fff1
0018
0145
0118
0091
0027
00c2
0106
ffdb
fff0
ffc7
ff9d
ff7d
ff7d
ff12
ff13
ff12
ff17
ff14
ff13
ff17
ff0a
ff79
ff80
ffa1
ffd7
00e3
00de
0091
00f0
0161
00e1
00de
015c
00ed
00c0
0080
0014
00c7
0104
ffda
ffec
ffcb
ff9b
ff86
ff82
ff84
ff91
ffa2
ffb1
ff9e
ffa0
ffb3
ff8a
ff82
ff81
ffa5
ffe4
0136
00eb
0128
0179
0189
0118
00d7
019a
00da
009e
0085
0000
00c6
00f3
fff7
fff2
ffcd
ffaa
ff92
ff8a
ff86
ff7a
ff7b
ff79
ff8e
ff94
ff9d
ff99
ff8c
ff89
ffa4
fffc
013c
0105
016d
01a0
0160
018f
00c8
01cd
00e3
00a5
008e
fffb
00b7
00e0
007d
ffef
ffd7
ffa7
ff8c
ff8c
ff86
ff98
ff96
ff8d
ff87
ff92
ffa3
ffb9
ffa5
ff90
ff9e
0061
0122
0111
0158
018d
0159
0182
00bc
0192
00e7
00af
009a
fffb
0079
00d4
00db
fff8
ffe1
ffa5
ff7f
ff91
ffb4
ffca
ffb9
ffaa
ff9b
ffb6
ffc9
ffd9
ffaa
ff7a
ff99
00fb
0135
01a7
015e
0179
0165
0154
00c8
0193
00ea
00b3
00a0
fffd
0002
00b7
00f0
00e0
fff2
ffb0
ff7d
ff7e
ff90
ff93
ff82
ff77
ff71
ff7b
ff92
ffb0
ffac
ff80
ffa5
014a
0165
01cd
0142
0176
0120
00de
0117
01a4
00ed
00b6
00ae
0000
fffb
0089
00df
00ea
00a1
ffb9
ff93
ff7c
ff8f
ff90
ff80
ff6d
ff6e
ff71
ff88
ffaa
ffbc
ff8f
ffa9
019c
017c
01d6
016d
016b
019b
015e
01b5
0138
0108
00d5
00d8
000c
fffa
003d
00d8
00ce
0183
ffcf
ff99
ff87
ff8d
ff8d
ff83
ff74
ff71
ff76
ff8a
ffa7
ffc6
ff97
ffc6
01bd
0191
01c8
0124
00e3
0123
0128
0151
01af
0145
012d
00f8
001c
fffc
0005
00d0
00de
017a
fff4
ffa4
ff94
ff8f
ff8e
ff84
ff7b
ff70
ff71
ff93
ffa9
ffae
ffa0
008b
01b7
01af
01b4
01a6
0167
010c
0125
008b
010b
0176
0151
0116
001b
0006
0071
00f8
00cd
0076
ffe4
ffc9
ffaa
ff9a
ff8e
ff8c
ff81
ff6e
ff71
ff9a
ffa0
ffb3
ffdd
01df
01ba
01bb
01bd
01bb
01bc
01be
01d0
01c7
0205
0166
0107
0141
00be
00fa
0097
fff4
ffed
fff2
ffcc
ffd7
ffcd
ffc7
ff9f
ff8c
ff8d
ff85
ff89
ff97
ffa4
fffb
018b
01b2
01be
01c0
01c3
01c6
01c1
01bc
01bd
01b6
0248
018b
0157
00fa
00d5
008c
ffcc
ffcd
ffe5
ffd7
ffb9
ffbc
ffca
ffe0
ffda
ffbc
ffb5
ffb0
ffb7
ffcd
ffe1
00a2
0182
01af
01c0
019d
0181
0172
0152
0159
0168
0161
0209
010c
00e0
00dd
00e0
ffda
ffc9
ffce
ffdb
ffc7
ffb6
ffb3
ffb5
ffc6
ffd0
ffcb
ffc5
ffd0
ffe2
fff6
ffe8
00a8
00d8
0120
017e
0162
016d
0188
0182
0180
017d
018a
0211
ffb1
ffb2
ffb4
ffb3
ffb9
ffaa
ffbe
ffbf
ffc1
ffba
ffb0
ffb3
ffb3
ffb3
ffb2
ffb2
ffb1
ffb1
ffb0
ffb0
ffb2
ffae
ffab
ffb3
ff9e
ffb6
ffa8
ffaa
ffa9
ffa8
ffa9
ffef
ffa9
ffb0
ffb7
ffba
ffaf
ffbe
ffbc
ffbb
ffad
ffbe
ffb3
ffac
ffb2
ffb3
ffb0
ffb2
ffb2
ffb1
ffb0
ffaf
ffae
ffae
ffae
ffb2
ffb6
ffab
ffad
ffac
ffac
ffac
ffac
fff6
ffa4
ffa8
ffb6
ffb1
ffba
ffb7
ffb0
ffb7
ffb6
ffa7
ffaf
ffb2
ffbc
ffbd
ffb6
ffb1
ffb0
ffaf
ffb1
ffb1
ffb1
ffb0
ffaf
ffae
ffae
ffb5
ffa8
ffab
ffad
ffaf
ffae
fff6
ffa7
ffad
ffb5
ffb6
ffb3
ffb1
ffb8
ffa7
ffaf
ffb1
ffc4
ffbb
ffaf
ffc3
ffc1
ffc2
ffc4
ffc4
ffb7
ffb0
ffb1
ffb0
ffaf
ffaf
ffaf
ffab
ffa8
ffac
ffae
ffae
ffad
fff3
ffa8
ffad
ffb4
ffb0
ffb7
ffad
ffae
ffaf
ffb5
ffb3
ffbd
ffce
ffce
ffc5
ffcf
ffcd
ffca
ffc0
ffc9
ffbf
ffb6
ffaf
ffb0
ffaf
ffaf
ffad
ffab
ffab
ffae
ffaf
ffae
fff5
ffa4
ffba
ffb7
ffbb
ffb5
ffb4
ffaf
ffab
ffb4
ffd4
ffbd
ffc0
ffcd
ffd5
ffba
ffb9
ffcd
ffc0
ffc7
ffb8
ffb6
ffb7
ffb1
ffaf
ffb1
ffa7
ffae
ffac
ffa8
ffad
ffad
fff4
ffb4
ffb2
ffb2
ffbc
ffb7
ffba
ffb1
ffb9
ffc2
ffb5
ffc9
ffd9
ffcf
ffd6
ffdf
ffda
ffd3
ffd2
ffcd
ffc3
ffbb
ffbf
ffb3
ffaf
ffb6
ffad
ffad
ffad
ffad
ffac
ffac
fff3
ffb2
ffb7
ffb1
ffb6
ffbe
ffb3
ffb4
ffbb
ffca
ffc0
ffd0
ffd0
ffd2
ffd2
ffd5
ffd7
ffd5
ffd5
ffcc
ffd0
ffbd
ffc4
ffb0
ffb1
ffb0
ffab
ffad
ffae
ffa8
ffad
ffab
fff2
ffb4
ffb4
ffb0
ffb7
ffba
ffb2
ffb9
ffba
ffb9
ffda
ffd3
ffcc
ffd6
ffd3
ffd4
ffd6
ffd7
ffd3
ffce
ffca
ffce
ffc1
ffb2
ffb6
ffaf
ffab
ffb6
ffb2
ffac
ffac
ffae
fff4
ffb4
ffb4
ffad
ffbb
ffb4
ffb4
ffbd
ffbf
ffc5
ffd1
ffcd
ffd8
ffd3
ffd2
ffcd
ffd3
ffd5
ffd4
ffd4
ffcf
ffc5
ffc5
ffbe
ffb5
ffb2
ffae
ffb5
ffaa
ffaf
ffae
ffae
fff3
ffb1
ffb6
ffac
ffbf
ffb2
ffb9
ffc6
ffc1
ffc3
ffd3
ffd7
ffd9
ffd9
ffda
ffda
ffd7
ffdb
ffd8
ffd3
ffd1
ffce
ffc9
ffc6
ffa9
ffb7
ffb9
ffca
ffc5
ffb5
ffae
ffaf
fff4
ffb9
ffad
ffac
ffbd
ffb1
ffbb
ffbe
ffbc
ffcd
ffd3
ffd8
ffee
0007
fffe
0002
0009
0028
fffb
ffff
ffe3
ffd0
ffd3
ffc7
ffa2
ffd3
ffc2
ffd0
ffd2
ffcf
ffc4
ffbc
fffd
ffad
ffae
ffac
ffbb
ffb1
ffb9
ffbf
ffbf
ffd9
ffc6
ffcd
0062
ffeb
fff1
fff0
ffef
fff1
fff1
fff0
ffa2
ffd0
ffcb
ffd3
ff9f
ffe5
ffd7
ffdc
ffa4
ffa1
ffae
ffb4
ffec
ffaf
ffb0
ffac
ffba
ffb1
ffb2
ffc0
ffc9
ffdf
ffc9
ffcd
0032
fff3
fff6
fff6
fff6
fff6
fff6
fff6
ff89
ffca
ffbd
ffe2
ffa9
ffc4
ffc1
ffc9
ff9f
ff9f
ffea
ffc2
fff1
ffad
ffb3
ffaf
ffba
ffb1
ffb4
ffba
ffcf
ffd7
ffb6
ffcd
016a
ffea
fff6
fff6
fff6
fff6
fff6
fff6
ff72
ffc1
ffc3
ffe0
ff99
ffd2
ffca
ffc6
ffaf
ffa3
ffab
ffd1
0042
ffa7
ffbb
ffb3
ffb9
ffb6
ffad
ffbb
ffd4
ffc2
ffc5
ffb5
00bc
fff6
fff6
fff6
fff6
fff6
fff6
fff6
ff85
ffa6
fff0
ffbd
ff9c
ffd2
ff9d
ffa5
ff8f
ff9d
ffd3
ffbb
ffd0
ffa9
ffc0
ffb0
ffb5
ffb7
ffaf
ffb9
ffcd
ffce
ffd2
ffd2
00c9
fff2
fff6
fff6
fff6
fff6
fff6
fff6
ff9a
ffcf
ffd5
ffc6
ff9a
ffc1
ffd9
ff9a
ff95
ffef
ffc2
ffc4
ffea
ffaa
ffc4
ffae
ffb9
ffb2
ff9c
ffa4
ffcf
ffd2
ffcd
ffcc
00ef
fff2
fff6
fff6
fff6
fff6
fff6
fff6
ff9e
ffe0
ffcb
ffd2
ffac
ffc7
ffc1
ffc1
ffa6
ffa7
ffc0
ffbd
0063
ffa9
ffc3
ffb1
ffbd
ffb0
ffaa
ffbe
ffd2
ffc6
ffd0
ffd9
00dd
fff1
fff6
fff6
fff6
fff6
fff6
fff6
ffa7
ffd8
ffd2
ffc3
ffca
ffb6
ffb6
ffb8
ffa1
ffb2
ffbc
ffb5
0023
ffb3
ffb7
ffb6
ffbd
ffb1
ffc6
ffc1
ffd1
ffcf
ffd4
ffd1
0011
ffc0
ffbf
ffb3
ffbc
ffc2
ffbc
ffc1
ff9f
ffd7
ffd3
ffc9
ffae
ffb4
ffb0
ffa9
ffb4
ffaa
ffa7
ffaf
0017
ffb7
ffb3
ffb8
ffbc
ffb2
ffc7
ffc6
ffcc
ffc9
ffcd
ffd6
ffe1
ffe3
ffe9
ffe3
ffd6
ffe0
ffe2
ffda
ffd0
ffd1
ffd9
ffc1
ffca
ffac
ffae
ffb2
ffa9
ffaf
ffb7
ffb0
ffe6
ffb9
ffb3
ffc0
ffb9
ffb3
ffbd
ffb7
ffcb
ffc3
ffd0
ffd5
ffe0
ffd2
ffd2
ffd4
ffe2
ffcf
ffd1
ffca
ffd1
ffd6
ffd3
ffb7
ffc8
ffae
ffb2
ffa7
ffb0
ffab
ffbf
ff8d
fff4
ffb8
ffb1
ffc0
ffb5
ffb5
ffb1
ffa1
ffce
ffc1
ffd4
ffd5
ffc2
ffd4
ffc9
ffd0
ffd1
ffc7
ffc2
ffbf
ffd1
ffd5
ffcc
ffb0
ffc3
ffa8
ffb4
ffab
ffaf
ffb1
ffaf
ffa6
fffb
ffb7
ffb1
ffc3
ffb3
ffbb
ffb0
ffba
ffd4
ffbf
ffd8
ffda
ffd5
ffea
ffec
ffde
ffe8
ffe7
ffdf
ffdb
ffc5
ffca
ffd0
ffad
ffb6
ffac
ffb4
ffab
ffb5
ffbe
ffaf
ffa2
fffb
ffb6
ffb2
ffc4
ffb5
ffb9
ffb7
ffb0
ffc4
ffb4
ffd5
ffcd
ffdb
ffd4
ffd6
ffd4
ffd3
ffda
ffd1
ffd3
ffd7
ffcc
ffd5
ffa8
ffb0
ffaa
ffb7
ffb2
ffaa
ff92
ffc9
ffba
0017
ffb5
ffb0
ffc2
ffb6
ffb7
ffb9
ffb1
ffb0
ffbb
ffcd
ffcf
ffd4
ffdd
ffd8
ffda
ffe0
ffe0
ffdc
ffd5
ffc7
ffd0
ffd0
ffc0
ffaa
ffa9
ffb7
ffad
ffaf
ffa7
ffaf
ffba
ffdb
ffb5
ffb0
ffc3
ffb5
ffb6
ffb8
ffb2
ffab
ffd3
ffb7
ffd4
ffce
ffdb
ffd2
ffd4
ffda
ffda
ffda
ffd6
ffce
ffc4
ffb9
ffd8
ffa6
ffab
ffb4
ff8e
ff90
ffa7
ffc0
ffb7
fff5
ffaf
ffaf
ffc1
ffb4
ffb7
ffb8
ffb1
ffb2
ffbe
ffc2
ffc5
ffcd
ffdb
ffd2
ffd7
ffdb
ffdc
ffd5
ffd7
ffce
ffcb
ffa3
ffbd
ffaa
ffab
ffac
ffb1
ffb8
ffc1
ffc2
ffa4
ffca
ffb7
ffad
ffbb
ffa9
ffb5
ffc7
ffc0
ffb7
ffbe
ffce
ffbc
ffcd
ffd2
ffce
ffdb
ffd6
ffd8
ffd5
ffd7
ffbf
ffb0
ffd2
ffa0
ffab
ffab
ffaa
ffaa
ffaa
ffaa
ffab
ffaf
fff6
ffb4
ffad
ffbd
ffb7
ffc0
ffaf
ffbd
ffce
ffb2
ffc6
ffcd
ffc5
ffcf
ffc3
ffd4
ffd5
ffd6
ffcb
ffc6
ffc5
ffc4
ffa2
ffac
ffa9
ffab
ffac
ffb0
ffaf
ffaa
ffac
ffab
fff9
ffba
ffa7
ffb2
ffbd
ffb2
ffce
ffc0
ffcf
ffbc
ffd0
ffc3
ffc4
ffc6
ffcd
ffd1
ffd4
ffd0
ffc5
ffd1
ffa9
ffb4
ffb4
ffad
ffb1
ffa4
ffad
ffb3
ffb6
ffb3
ffaf
ffaa
fffe
ffd7
ffd9
ffdb
ffe0
ffda
ffdc
ffda
ffcf
ffd4
ffcf
ffd7
ffd1
ffd6
ffd6
ffd3
ffce
ffd0
ffdd
ffd5
ffe6
ffde
ffdf
ffca
ffe7
ffdf
ffe2
ffe2
ffe2
ffe3
ffe1
ffde
0073
0078
0033
ffec
ffec
0001
fffb
ffda
ffca
ffc6
ffca
ffd4
000d
005a
0068
006d
006f
0072
006e
007c
0087
009a
00b4
00c7
00c0
00c0
0093
00c0
00c0
00c6
00c1
00c0
00c4
0025
fffa
ffe8
ffea
fff1
ffd6
ffd6
ffd6
ffe5
ffee
002d
0070
004b
004e
004e
004e
0061
0073
0095
00b2
00a8
009e
00a0
009c
008d
009c
0096
0098
0094
0095
0093
0091
fffe
fff5
ffe7
ffe3
ffda
ffdb
ffe1
ffea
0006
0074
0041
0035
0006
0030
003f
0077
009b
00af
00a1
009d
00a0
00a3
00a2
00a4
00a0
0084
0099
0090
009f
009b
009b
0099
fffc
fff9
ffe5
ffe2
ffe3
ffea
fff6
003f
0039
001f
fff3
fff0
ffec
ffe9
fff4
fffa
000b
003f
00cf
00a8
00a4
00a2
009f
00a0
00a2
00a3
009b
00a7
00a1
00a5
00a1
009e
0031
004b
ffe7
ffeb
fff1
0006
0015
000e
000c
ffec
ffd8
ffc9
ffda
fff4
fff4
fffa
0009
0049
fff0
0071
0096
00b1
009e
009f
009d
0090
00a1
00b5
0098
00a5
009f
009f
0048
002c
ffe3
fff6
000b
0015
fffe
0015
ffef
ffc5
ffdb
ffee
fff2
ffee
0012
002e
fff9
fff7
0015
fff6
0013
005c
00b3
009e
0097
008d
0089
0098
00ad
0094
00a1
009d
002f
fff7
fff1
ffec
ffea
ffdf
fff0
fff8
ffe5
ffe3
ffe0
ffe0
ffe5
ffed
ffee
ffe7
ffef
ffec
ffec
fffd
0005
ffff
0053
00aa
006e
007d
0097
0089
0084
0098
0083
009a
fff5
ffe5
ffea
ffeb
ffe1
ffdf
ffe1
ffdc
ffdc
ffea
ffe0
ffda
ffd5
ffd3
ffd6
ffd6
ffdc
ffd8
ffdd
ffdf
fff9
0003
0027
008e
0092
009f
0093
008d
00a0
0098
0095
009c
fff2
ffe8
ffea
ffe5
ffda
ffde
ffdc
ffdb
ffe6
ffd4
ffd1
ffce
ffc9
ffcd
ffd0
ffd5
ffd0
ffd9
ffd7
ffe0
ffd7
fff9
002b
005a
00a8
0092
007c
008a
0095
00a1
00a1
0097
fff0
ffe9
ffea
ffdf
ffda
ffdd
ffde
ffdf
ffe3
ffd5
ffc9
ffc0
ffc5
ffcc
ffd4
ffd2
ffd4
ffd4
ffda
ffda
ffe7
ffe6
fffe
002d
009e
0094
0075
0096
009a
0095
0098
0098
fff2
ffe4
ffe9
ffda
ffda
ffdc
ffdd
ffe7
ffe4
ffcd
ffc1
ffc0
ffcb
ffce
ffd0
ffd6
ffd2
ffd5
ffd3
ffd7
ffe4
ffed
fff9
002a
0086
000a
ffed
0014
0085
0087
008c
0093
fffd
ffe2
ffe4
ffd8
ffda
ffdc
ffef
fff0
ffd9
ffbf
ffc3
ffce
ffd5
ffe5
ffe5
ffe6
ffe6
ffe6
ffe8
ffea
ffea
fff0
0001
0048
fffa
fff0
ffd8
ffad
ffb9
ffe5
fff7
0022
000c
ffe7
ffe2
ffd8
ffda
ffe0
fff5
ffee
ffd2
ffc9
ffd5
ffe6
0031
0067
0064
0063
0062
0061
005d
003a
fff0
ffe5
0024
005a
fff3
ffd8
ffd6
ffb1
ffd0
ff9a
ff93
ffb8
fffa
ffea
ffe1
ffd7
ffda
ffdf
fff3
ffe7
ffc6
ffd9
ffe2
fffb
fffe
003d
003d
003d
003d
003d
003d
002b
004f
ffe0
0009
002c
fff4
ffd0
ff94
ffb0
ffca
ffa8
ffaa
ffa1
fff3
ffec
ffdf
ffd9
ffd9
ffe2
fff6
ffde
ffbf
ffe4
ffe4
008f
fff9
003d
003d
003d
003d
003d
003d
003a
0048
0039
ffe6
0072
fffa
fff8
ffc7
ffba
ffcc
ffaa
ff9d
ffa8
fff9
ffe3
ffe1
ffd6
ffd8
ffcc
fffb
ffda
ffd4
ffd1
ffee
ffd5
0067
003d
003d
003d
003d
003d
003d
0012
0064
ffe3
ffe8
0085
ffea
ffc4
ffc7
ffd5
ffd4
ffb7
ffaa
ffaa
fff6
ffeb
ffdd
ffdc
ffda
ffd7
ffda
ffd7
ffc8
ffc5
ffbf
ffd6
0020
003d
003d
003d
003d
003d
003d
0016
ffdc
ffe0
fff1
ffff
ffe7
fffd
fff9
ffd9
ff81
ffb7
ff98
ffd1
fff7
ffe6
ffdf
ffdb
ffdb
ffd7
ffe0
ffd4
ffc1
ffc4
ffcf
ffdc
001c
003d
003d
003d
003d
003d
003d
000a
ffdc
ffda
ffe1
ffff
fff6
fff8
ffee
ffc0
ffdb
ffbb
ff9b
ffb9
fffc
ffda
ffe0
ffdc
ffdd
ffe6
ffaf
ffc9
ffcf
ffc9
ffc9
ffdc
0029
003d
003d
003d
003d
003d
003d
0016
ffe5
ffdf
ffec
ffe6
fff5
ffe0
ffd3
fffb
fffd
ffdc
ffd6
ffd4
fffe
fff8
ffe2
ffdc
ffdd
ffda
ffb3
ffc0
ffc9
ffcc
ffd4
ffe8
0033
0029
0029
fffd
ffff
0038
000d
fff3
ffe1
ffe1
ffec
fffa
fff2
fff1
ffec
fffa
fff5
ffdf
ffee
fffe
ffef
ffe8
ffea
ffdc
ffde
ffdc
ffbd
ffbe
ffc8
ffcf
ffd7
ffdc
ffd2
ffbe
ffd9
ffef
ffeb
ffe5
ffee
ffec
ffe0
ffe1
ffe7
fff7
fffe
fffb
0077
008e
0097
00f2
0115
00bf
fff3
ffeb
ffe8
ffdf
ffe0
ffdc
ffbf
ffc7
ffca
ffd2
ffdb
ffdd
ffe2
ffe3
ffe2
ffe7
ffef
fff9
fff6
fff8
ffe9
ffdf
ffea
fff7
000e
0003
0070
007f
0054
003f
ffe0
00ca
fff2
ffec
ffe9
ffe0
ffe1
ffdf
ffe6
ffc0
ffca
ffd1
ffe0
fff2
ffe0
ffdc
ffda
ffd9
ffef
ffe9
fff0
fff1
fff1
ffe6
ffee
fffc
fff7
fffc
0052
0087
0060
0049
003b
ffff
fff4
ffec
ffe9
ffe2
ffe2
ffe3
ffea
ffc4
ffc9
ffd1
ffd7
ffe4
ffd3
ffd8
ffe2
ffe5
ffd4
ffda
ffe6
fff6
ffef
ffe9
ffeb
0038
004a
00c5
0092
0088
0057
00a0
0013
00ab
fff5
ffed
ffea
ffeb
ffe4
ffe3
ffe2
ffe7
ffcc
ffd7
ffda
ffd3
ffcb
ffc8
ffd2
ffdf
ffe5
ffdf
ffe6
ffea
fff1
ffe6
fff7
0045
004c
0099
007e
008c
007f
0055
00c0
0037
fff5
ffee
ffea
ffea
ffe7
ffe4
ffe3
ffe4
fff2
ffca
ffe2
ffd5
ffcf
ffcf
ffd8
ffe0
ffdf
ffe3
ffdf
ffea
fff7
ffe9
fffb
0046
0062
0096
0075
0083
0092
005d
009f
0043
fffa
ffed
ffec
ffeb
ffec
ffe5
ffe5
ffe9
fffc
ffd2
ffd7
ffd8
ffd1
ffd2
ffda
ffdc
ffde
ffdd
ffe1
ffe4
fffb
fff2
fff3
0068
0065
006e
005e
fff7
0015
000b
0041
00b8
0061
0049
ffe8
ffec
ffef
ffe7
ffe2
ffe2
ffdf
ffe8
ffd2
ffd8
ffcf
ffd5
ffd7
ffd6
ffdf
ffe0
ffe1
ffe9
ffef
0025
000c
0089
007f
007c
007a
00a2
006a
0070
fff9
ffe6
0051
0012
fffa
ffee
ffe8
ffd7
ffd6
ffd1
ffc3
ffbd
ffed
ffdc
ffcf
ffcf
ffd5
ffe2
ffe3
ffe0
ffe4
fff0
0017
ffef
0082
0088
0089
008c
008c
0092
0091
0092
00ac
00dd
004f
0011
fff4
ffeb
ffe3
ffd9
ffbd
ffb1
ffbf
ffcf
ffc8
fff3
ffec
ffd3
ffd6
ffdb
ffe3
ffe3
ffe9
ffe6
fffd
0066
007a
0090
0088
0079
0068
005d
0063
005a
005f
0062
0050
0040
005a
0023
ffe4
ffb8
ffb8
ffb3
ffc8
ffbf
ffd8
ffd3
ffe7
fff6
ffea
ffe9
ffe7
ffed
ffe8
fff9
fff7
009f
009e
0039
0022
0006
fff9
ffef
ffed
fff2
fffa
0039
0036
0064
0068
0032
ffda
ffca
ffc7
ffd1
ffd7
ffde
ffda
ffe4
ffe2
ffea
fff3
fff6
fff8
fff9
fffc
ffec
fffb
ffff
0077
0069
0017
0034
0033
001c
0013
001e
0047
00a5
ff60
ff02
ff17
ff3d
ff02
fef5
ff2f
ff3f
ff45
ff5b
ff7e
ff49
ff32
ff2c
ff2e
ff2f
ff2e
ff2e
ff31
ff34
ff2f
ff1f
ff1a
ff0e
ff2b
ff36
ff0e
ff14
ff13
ff13
ff12
feda
ff8b
ff4e
ff5e
ff5e
ff56
ff6e
ff64
ff65
ff88
ff8d
ff61
ff5e
ff6e
ff6f
ff70
ff6f
ff70
ff74
ff71
ff6d
ff70
ff72
ff71
ff6d
ff72
ff58
ff6a
ff68
ff67
ff67
ff67
ff25
ff8b
ff49
ff5a
ff61
ff6a
ff60
ff76
ff87
ff6c
ff5c
ff72
ff69
ff57
ff61
ff6c
ff7b
ff75
ff70
ff71
ff72
ff71
ff71
ff70
ff70
ff6e
ff73
ff6b
ff65
ff68
ff69
ff69
ff26
ff8c
ff4b
ff58
ff5e
ff69
ff7f
ff70
ff5b
ff6a
ff64
ff3e
ff2b
ff66
ff87
ff87
ff91
ff81
ff84
ff8f
ff75
ff73
ff71
ff71
ff6f
ff6f
ff74
ff6c
ff5b
ff6a
ff6f
ff6d
ff2b
ff90
ff4c
ff55
ff6f
ff75
ff61
ff64
ff5e
ff52
ff30
ff68
ff86
ff91
ff9f
ff9a
ffa0
ffb6
ffbe
ffa6
ff95
ff83
ff79
ff70
ff70
ff70
ff70
ff64
ff5e
ff68
ff6c
ff6c
ff2a
ff8d
ff4c
ff42
ff6a
ff77
ff81
ff65
ff60
ff37
ff4e
ff58
ffa2
ffa2
ff91
ff9b
ffc3
ffb2
ffa9
ffae
ffa7
ffa1
ff99
ff7b
ff71
ff72
ff6e
ff6b
ff68
ff64
ff68
ff6c
ff2a
ff78
ff4d
ff59
ff8f
ffa3
ff78
ff62
ff51
ff32
ff55
ffc4
ff95
ff8d
ff9c
ff96
ff86
ff80
ff92
ff98
ffa7
ff9b
ff9d
ff91
ff79
ff69
ff6a
ff68
ff68
ff64
ff62
ff64
ff2a
ff80
ff67
ff56
ff83
ff77
ff5a
ff60
ff4d
ff4c
ff9b
ff78
ff81
ff9f
ffa4
ffad
ffb3
ffb6
ffae
ffad
ffa4
ffb3
ff94
ff97
ff85
ff73
ff73
ff76
ff62
ff69
ff65
ff60
ff2b
ff7d
ff61
ff57
ff85
ff66
ff5d
ff51
ff44
ff7d
ff88
ff82
ff9a
ffa6
ffa6
ffa4
ffab
ffaa
ffab
ffa8
ffa9
ffac
ffa1
ff98
ff90
ff75
ff71
ff6d
ff64
ff69
ff66
ff6e
ff2c
ff80
ff62
ff59
ff7e
ff5e
ff5d
ff44
ff50
ff87
ff84
ff98
ffa5
ff96
ff9d
ffa7
ffa4
ffa7
ffaa
ffad
ffaa
ffa7
ffb1
ff9c
ff9c
ff89
ff6e
ff68
ff6e
ff72
ff70
ff6d
ff2c
ff83
ff5c
ff5c
ff71
ff5a
ff58
ff35
ff65
ffae
ff95
ff8d
ff85
ff9e
ffa2
ffa3
ff9e
ffa0
ffa6
ffa7
ffaa
ffae
ff9e
ff97
ffa1
ff97
ff4f
ff42
ff78
ff82
ff73
ff6e
ff2e
ff82
ff46
ff66
ff6a
ff5d
ff57
ff45
ff8e
ffc0
ff72
ff7a
ff8d
ffa4
ffb9
ffbf
ffbb
ffb3
ffbb
ffb8
ffcf
ffd6
ffb9
ff94
ffb4
ff93
ff62
ff8b
ffc2
ff94
ff7f
ff75
ff3d
ff82
ff4d
ff63
ff66
ff5b
ff5c
ff4d
ff84
ff66
ff5e
ffa6
ff93
ffeb
00a2
00a0
00ae
00b9
00b3
00a9
01cf
fff2
ffb8
ff9d
ffbf
ff9f
ff64
ff63
ff7e
ff45
ff6e
ff72
ff79
ff8b
ff4e
ff64
ff64
ff5d
ff55
ff56
ff6c
ff67
ff86
ffa0
ff73
ffb7
fff1
fff1
fff1
fff1
fff1
fff1
015a
ffbf
ff95
ff9a
ffab
ff8a
ff83
ff7c
ff80
ff40
ff5f
ff44
ff70
ff7f
ff5a
ff61
ff67
ff5d
ff5d
ff5e
ff57
ff65
ffb2
ffa6
ff33
ff85
fff1
fff1
fff1
fff1
fff1
fff1
020e
ff96
ff82
ff9b
ff9a
ff95
ff29
ff31
ff68
ff59
ff6c
ff7d
ff48
ff80
ff62
ff67
ff61
ff52
ff47
ff7b
ff3a
ff8a
ffa9
ff81
ff58
ffd1
fff1
fff1
fff1
fff1
fff1
fff1
0125
ffc4
ff86
ff9a
ffb2
ff7d
feda
ff5d
ffb3
002a
ff47
ff32
ff1d
ff7b
ff5e
ff60
ff63
ff55
ff6e
ff6d
ff40
ff8f
ffa0
ff91
ff65
ffd7
fff1
fff1
fff1
fff1
fff1
fff1
00d6
ffd4
ff90
ffb6
ffbf
ff72
ff3c
ff8e
fff9
ff77
ff37
ff6c
ff58
ff7e
ff64
ff60
ff6a
ff5c
ff49
ff6f
ff54
ff6d
ff89
ffa3
ff79
ffd8
fff1
fff1
fff1
fff1
fff1
fff1
00a7
ffb6
ffb1
ffbf
ffc2
ff6c
ff3c
ff1c
ff05
ff01
ff2b
ff46
ff55
ff86
ff57
ff5a
ff6f
ff5f
ff46
ff6e
ff51
ff6c
ff87
ff9c
ff81
ffde
fff1
fff1
fff1
fff1
fff1
fff1
0084
ffcb
ffbf
ffc3
ffae
ff74
ff69
ff7e
ff57
ff5d
ff76
ff73
ff43
ff79
ff47
ff5b
ff75
ff60
ff39
ff56
ff6d
ff69
ff86
ffa4
ffaa
fffb
fff8
fff5
ffe3
ffe6
fffa
ffe6
fff1
ffb9
ffc4
ffc4
ffbb
ff71
ff5a
ff68
ff79
ff44
ff42
ff56
ff27
ff83
ff69
ff61
ff76
ff61
ff41
ff5a
ff63
ff68
ff8f
ffa2
ffac
ff80
ff5d
ff54
ff58
ff65
ff66
ff4b
ff67
ff96
ffbe
ffc2
ffb0
ff56
ff6a
ff6b
ff56
ff54
ff57
ff5b
ff23
ff7f
ff61
ff5d
ff77
ff65
ff4f
ff41
ff65
ff68
ff83
ff9f
ff9c
ffad
ffb8
ffbd
ffcc
ffb2
ffc4
ffb3
ffaa
ff9e
ffb1
ffca
ffa6
ff5d
ff68
ff76
ff63
ff6b
ff59
ff65
ff4d
ff7f
ff62
ff5c
ff77
ff6c
ff5a
ff46
ff65
ff57
ff87
ffac
ffb8
ffb7
ff8f
ff8e
ff8d
ffb9
ffb6
ffac
ff84
ff85
ffab
ffe0
ff92
ff62
ff6a
ff6a
ff66
ff62
ff5d
ff5e
ff40
ff7f
ff60
ff5a
ff6e
ff78
ff65
ff58
ff45
ff4d
ff7d
ffaa
ffaf
ff86
ff76
ff7a
ff8b
ff94
ff89
ff80
ff77
ff8e
ffca
ffe3
ff86
ff60
ff44
ff5c
ff66
ff5a
ff58
ff71
ff34
ff7f
ff61
ff5a
ff6e
ff83
ff70
ff5a
ff3d
ff3b
ff7c
ff9f
ffb9
ffb4
ffbc
ffc7
ffd4
ffd2
ffd2
ffd5
ffb6
ff8f
ffb7
ffe4
ff7e
ff67
ff60
ff67
ff68
ff6d
ff88
ff4e
ff33
ff81
ff62
ff57
ff6b
ff7c
ff76
ff60
ff63
ff2e
ff63
ff99
ffa5
ffa2
ff96
ffa5
ffb9
ffb9
ffc5
ffb9
ffb0
ff8f
ffae
ffef
ff61
ff66
ff5b
ff5d
ff6b
ff52
ff58
ff60
ff2f
ff81
ff5d
ff50
ff67
ff7a
ff7e
ff67
ff6c
ff32
ff4a
ff93
ff9f
ffa1
ff9b
ffa6
ffb0
ffb4
ffbc
ffb6
ffa6
ff93
ffc3
ffd2
ff56
ff64
ff59
ff57
ff5e
ff68
ff5f
ff6f
ff37
ff8b
ff5e
ff45
ff67
ff7c
ff86
ff65
ff61
ff2a
ff65
ff7a
ff99
ff99
ff9f
ffa5
ffa1
ffb4
ffc8
ffb4
ffa3
ffb3
ffed
ff71
ff60
ff62
ff5f
ff50
ff41
ff5e
ff6f
ff76
ff42
ff82
ff64
ff4d
ff77
ff7b
ff57
ff42
ff50
ff58
ff7e
ff7a
ff86
ff87
ff98
ffa3
ffac
ffb8
ffbf
ffad
ffc1
ffd7
ff93
ff48
ff64
ff62
ff62
ff62
ff62
ff64
ff5f
ff4a
fef1
ff90
ff6e
ff50
ff58
ff2c
ff41
ff83
ff87
ff5c
ff88
ff8c
ff88
ff7d
ff7f
ffa1
ffa2
ffaa
ffad
ffba
ffc9
ff94
ff40
ff67
ff65
ff62
ff5f
ff5c
ff5c
ff60
ff5d
ff62
ff1a
ff79
ff5f
ff6c
ff5c
ff43
ff97
ff84
ff63
ff76
ff88
ff90
ff9a
ff84
ff7c
ff85
ff97
ff9e
ffa2
ff80
ff85
ff7b
ff73
ff6a
ff50
ff55
ff60
ff68
ff71
ff6d
ff66
ff6e
ff24
ff7c
ff7c
ff76
ff56
ff8c
ff80
ff7a
ff7a
ff8f
ff8d
ff9d
ff97
ff99
ff95
ff98
ff99
ff95
ff85
ff7c
ff91
ff71
ff89
ff7d
ff6c
ff63
ff58
ff58
ff5e
ff64
ff65
ff62
ff42
01db
0327
0303
02f2
0311
031d
02ba
0262
0245
0237
0240
0285
02e3
02f0
02ef
02ed
02ee
02f1
02f6
02f6
02fa
0326
033f
033c
0328
0306
0338
034f
034d
0350
0350
0370
01a3
0308
030b
0315
02f3
02a6
0290
027a
0263
0242
02b3
02f5
02fb
02f6
02f5
02fb
0300
0304
030a
031e
0321
0328
0336
0344
032d
0350
0356
034f
0352
0352
0352
0363
01b0
030f
0312
02d9
02b1
0299
0291
0274
029a
02fe
02f5
02fc
0301
02fe
030c
0304
0305
031b
031b
0320
0323
0323
0327
032d
0347
0343
034a
0353
0356
0355
0354
0365
01d5
031d
030d
02c6
02b4
029a
029b
02fc
02f4
0304
031d
032c
031f
02af
0298
02d5
02ea
0315
0301
0318
0321
0321
0325
032d
0332
0346
0358
0350
0348
0341
0346
035e
01df
031c
0311
02c6
02b6
02f4
0308
0310
0320
031c
02f3
0220
0205
01fb
01eb
01ec
0205
0203
027b
02f4
030e
0319
0327
0329
0332
0349
035f
035a
0354
033f
0343
0357
01e0
0328
031f
02e1
02ee
02ef
031a
0323
0310
028b
0276
0225
01b0
01be
01b8
0171
017d
019d
01ee
022f
02a3
02f9
0319
032b
032e
033a
034f
035e
034e
0340
0343
0356
01c0
032c
02c3
0252
024f
02b2
0323
0342
02c5
025c
0197
0158
0182
0184
015f
0183
01b4
01ab
01ca
01e8
0202
027c
02e4
0314
033d
0352
0350
0364
0360
0350
0345
0356
019d
02e0
027f
026a
027a
02c1
02e7
02ec
0297
01f6
019a
0188
015d
014c
0136
0132
0132
0149
016a
01a6
01f1
0241
02af
02e5
0331
0336
0345
035b
036d
0355
0359
035e
01ab
02d8
027d
027f
029c
02d7
02e3
02bd
023b
01d0
0178
0145
0120
010e
0100
00fe
0108
011b
013a
0167
01cf
0235
0281
02d1
031e
0333
033d
0355
035f
0356
0351
0352
01ae
02cf
027e
0299
02b1
02df
02c4
0273
01e2
0175
014b
00ff
0106
0109
00fe
00fa
00fd
0105
0108
0133
0174
01ba
022b
02ba
02db
032a
0346
0355
0341
0333
033e
0350
01b3
02d1
0286
02b9
02ca
02df
02aa
022f
018b
012e
012e
0121
011c
0102
0102
0102
0103
0100
011a
0151
0180
01bd
0217
0277
02aa
0326
0320
030f
0309
0321
032d
0344
01a7
02d6
0287
02c0
02d2
02dc
026f
01be
011e
0105
0147
0107
00ea
00d5
00da
00d5
00dd
00eb
00e1
0114
0138
01ac
0201
0215
026e
02e8
0228
01bf
0217
02b1
02ea
0319
01d3
02e7
0291
02ca
02db
02e1
0268
01cb
0181
016c
0122
00c9
0086
ffee
ffef
ffee
ffee
ffef
ffed
ffec
fffc
016d
01bb
01f7
0203
027e
0290
02d2
0234
0270
029c
02d8
01dd
02c9
0299
02cf
02e0
02e5
0289
0245
01e1
0174
0133
0118
00de
ffea
ffea
ffea
ffea
ffea
ffea
ffe7
ffe7
0198
01d6
0234
0224
0275
0262
0275
0167
020e
01e7
01dd
01da
02b9
02a0
02d4
02e2
02ca
027f
0254
021d
01c7
016e
018d
01d2
ffea
ffea
ffea
ffea
ffea
ffea
ffe6
ffdf
01ca
0228
022d
022b
02d1
02d2
0237
017a
01ea
01e7
0208
01b0
02b3
02a3
02cb
02df
02d8
0271
0224
01c4
0170
0147
023d
021c
ffea
ffea
ffea
ffea
ffea
ffea
ffe3
ffdb
01e2
026c
0198
0268
0289
02ee
024d
021d
01f0
02a4
02fc
01ac
02ba
02be
02d9
02ee
024d
0224
0222
0199
0138
012d
0183
0115
ffea
ffea
ffea
ffea
ffea
ffea
ffe8
fff1
019b
01c7
01a6
026a
0232
010d
fff3
0107
0203
02ac
019d
0191
02ab
02c1
02d6
02e9
0258
0241
0217
01a3
014b
013a
011a
00db
ffea
ffea
ffea
ffea
ffea
ffea
ffe8
fffa
0148
0180
01fa
0294
02d4
0276
0290
021f
0252
02e7
0279
0187
02c4
02c5
02e1
02e3
0224
0268
0246
01d4
011d
0105
0106
00c6
ffea
ffea
ffea
ffea
ffea
ffea
ffe8
fff0
0120
016f
0226
02be
02d6
02d2
02c8
0256
0246
0230
024a
01ae
02ea
02c8
02e3
02d5
02a3
02ed
021f
01d5
0145
00ee
00da
008a
ffe8
ffea
ffe9
ffea
ffe9
ffea
ffe8
fff2
00f0
015b
01f3
0266
02f6
0309
02ac
02cf
0350
0351
032f
01aa
02c4
02b4
02df
02cb
02e3
02c6
0208
01e1
0156
00e3
00bf
00db
011c
0143
015d
010f
010c
0149
0112
00af
00f2
0185
0253
02be
02fd
02ff
0347
0331
0318
0309
0326
01ae
02c3
02a5
02dd
02c1
02f9
02ab
0216
01ea
015f
0117
0108
00f6
00e2
00c7
0118
0114
0103
0125
011b
0101
010e
017a
0273
0305
030c
031e
0359
0334
0329
0364
02f6
01b1
02c7
02ab
02d4
02b4
02f2
021f
01fc
01e4
015d
0137
0105
00fd
0105
012a
0182
0137
0111
0135
014e
0154
0139
017b
025d
0340
0320
032f
034f
0336
0318
02ab
02c2
01b0
02cb
02b1
02bf
02b0
02e5
0278
029c
0200
0165
0149
0125
0161
015e
0162
011a
0134
0173
01ba
01a6
016a
012b
0175
0254
0388
0371
0373
0348
0335
0316
0355
033b
01b1
02ce
02b8
02a7
0291
02c5
02e8
0301
024b
0165
0113
00e5
0113
0104
00e1
00c7
00d3
00ed
0129
014c
0131
0137
0196
0255
0389
0360
0365
0339
032a
02f7
030a
0326
01b2
02d3
02ba
02a6
0283
02bb
02f0
0301
0227
01a3
010e
00e6
00f6
0113
00e4
00b7
00ab
00bf
0101
0162
013f
0168
01e1
0287
036b
034e
036f
0345
0322
0352
0356
038c
01b2
02ea
02ce
02b4
0269
02a9
02d8
02f9
0241
0202
0126
00f9
00ff
0104
00ce
00c0
00b3
00dd
0114
0158
0149
017c
027e
030d
0355
0367
0355
0339
0337
0326
0333
0328
0199
02e7
02eb
02b5
0261
028f
02c1
02f7
026b
020a
0171
00fb
010e
0105
00d2
00bc
00bb
00d1
0107
015a
0159
0171
0285
036b
0364
035c
034b
0343
02f9
02b2
02ad
0316
0198
033a
030d
02ae
025f
0299
02d1
0300
0251
0247
01b0
0145
0123
0102
00ea
00cf
00b9
00c4
010e
0155
0189
024f
02f7
0369
036c
036e
036d
036f
036e
0367
0374
0378
0194
0309
02d6
02e9
02ed
02f0
027a
0247
0210
01e0
01eb
01c5
016a
012f
00f7
0102
00f3
00f4
0124
016e
022b
034b
0360
036b
036c
036a
0363
035d
0366
036b
0379
038a
019b
0341
0314
02e7
027b
0203
01f0
021d
01e6
01cd
01c9
01d5
0202
01c6
016d
0145
013b
0147
0179
0222
02d3
0356
035e
0368
0386
0376
0345
0312
0313
032c
034d
0339
01a4
02d2
02c4
02d1
0250
01d7
0208
01fc
01da
01a7
01a7
01b7
01bc
01de
01e7
01e4
01f2
021b
0241
0264
0280
02f4
031e
0304
0320
0341
0342
033a
032f
0330
032c
031d
00f0
0042
ffee
fff7
00a1
0000
ffe3
fff7
fff7
fff9
ffd2
0053
001e
000f
000d
0004
000b
0012
fffe
fffb
0027
0040
0018
002d
fffa
fffb
0044
001c
0014
0021
0017
00ba
fffa
fffb
fff4
008d
ffe7
ffef
ffff
000c
ffdf
fff1
0113
fffa
fffd
fffb
fffc
fffe
fffb
fff9
001e
0013
fffc
fffe
fffd
fffb
fff6
0049
fff8
fffd
fffd
fffc
fffe
005b
fff6
0017
fffb
ffff
fffc
fffe
fff4
ffdf
00eb
0032
fff6
fffc
0016
0019
0019
fffa
0018
0005
fffd
fffd
fffd
fffe
fffe
fffc
000e
fff8
ffff
ffff
fffd
fffc
fffd
006a
fffa
0018
fffa
fffe
fffb
ffdf
0077
0066
fff7
fffd
0059
00b3
ffdb
ffeb
fffc
fff7
fff4
ffff
fff8
fffd
fffd
fffd
fffc
ffff
fffc
fffd
0005
fffe
fffc
fffe
fffe
0065
0027
0004
fffc
ffee
000c
0081
fff6
0018
fffc
00db
ffbd
ffe2
004f
fffd
0010
0050
fff5
fff9
0012
fffc
fffa
fffa
fffd
fffd
fffe
0000
fffc
fffe
fffd
fffd
fffd
005e
0005
000d
fffb
002d
ffff
fff8
fffe
fffa
00c2
ffcb
00ec
ffe2
fffe
005c
fffc
fff3
fffd
0009
fffa
0008
0006
fff5
fffc
fffe
fffc
fffb
0001
fff8
0005
fffd
fffd
0061
008a
fff8
fff2
fffe
fff4
002e
fffd
0040
ffdd
001c
ffd5
006c
0026
fff6
ffff
0038
fffe
fff7
fff7
fff9
fffb
ffff
fffc
fffa
fffd
fffe
fffe
fffe
fffa
ffff
fffe
005f
fff1
fffa
fffc
fffa
fffc
0002
fffd
0019
000a
ffd8
00ce
fff5
fff6
fffd
fff8
fffc
fffb
fffd
fffe
000b
ffee
0000
0001
0014
fff7
000d
fffb
fffe
fffd
fff9
0004
0065
fff9
fffb
fffc
fff7
0009
fffd
001f
002e
fff1
007e
ffed
fffc
fff7
fffc
fffc
fffd
fffe
fffa
0027
ffff
0022
0000
fffb
fff9
0005
fffb
fff8
0002
ffff
0010
fff9
0062
fff8
fffe
fffe
fff7
0005
fffb
0028
0001
fffe
fff9
fff4
fff8
000c
0014
fffe
0005
fffd
0008
fff8
fffd
fffe
fffd
0006
fffe
0006
fffe
ffff
ffff
fffc
fffb
fffd
0062
fff8
000b
fff9
fffe
fffe
fffe
0032
fff6
0000
fff8
fff7
0017
0008
fffb
0001
0009
fffd
fffe
000b
fffd
ffff
fffb
0004
002f
fffb
001f
0037
0007
fff7
fffb
fffc
0061
0020
fffe
fffb
ffff
fffe
fffe
0001
0022
ffe2
ffff
0045
ffd6
000e
0014
fffe
fffb
001e
fffd
0005
00dc
fffb
0004
0029
fffa
0016
ffe8
ffc8
0003
00ad
004d
001a
0047
0007
fff3
fffc
ffff
fffe
fffe
0006
ffe7
0048
ffff
ffed
0013
fff8
000d
0013
0002
0003
001d
fffe
fffe
0084
001a
fff8
fff2
ffec
0023
00b5
ffe3
00de
ffeb
fff6
ffe1
0009
fff3
fffe
fffe
fffd
002a
fffa
0021
ffe4
ffec
004c
ffec
000a
fffe
fffe
fffe
fffe
fffe
fffe
ffe7
005a
0000
0057
fff8
fff5
ffdd
000e
0018
ffe0
0029
003d
ffe8
0033
ffe8
0004
fffb
0001
fffd
fffe
0064
fffd
0011
fff9
0180
ffdd
fffe
fffe
fffe
fffe
fffe
fffe
ffd4
013d
ffe6
002a
0054
ffe3
00b1
ffec
fffa
ffe5
fffa
ffe5
ffde
0002
fff1
fff9
0015
fffe
004b
fff9
fffa
fff6
002e
fff2
00df
ffef
fffe
fffe
fffe
fffe
fffe
fffe
ffda
ffca
0088
fff7
0015
002b
002e
fff4
006d
ff68
0012
007f
0096
000d
fff2
0001
fffc
0022
ffe3
00ba
ffe9
ffff
fff5
fffc
0060
0015
fffe
fffe
fffe
fffe
fffe
fffe
fffa
ffd8
002c
fffa
fff4
fffd
fffe
0038
ffb6
018b
fff6
fffa
ffc4
fffc
fff4
fffe
fffb
ffff
fffb
0049
ffe8
0020
002f
fff6
0002
0030
fffe
fffe
fffe
fffe
fffe
fffe
ffeb
003b
ffe9
ffff
fff4
fffa
fffc
007d
ffef
0001
ffff
005d
ffd5
fff7
0003
0001
fffa
fffe
ffe3
fff6
fff3
fffc
fffc
0016
0008
0036
fffe
fffe
fffe
fffe
fffe
fffe
fff2
fff5
0007
fffa
00ce
fffb
fff5
ffe7
0060
ffeb
ffe2
003c
007c
ffff
ffff
0004
fffd
fffe
fffc
fffc
ffff
0001
fffa
0025
00f3
001f
fff3
fffc
fff6
fffe
fffa
fff1
ffd0
fff8
fffa
0013
ffd4
009d
fffe
fffb
ffdd
0028
fff2
ffea
0020
fff6
fff4
ffff
ffff
fffd
0023
fffa
0012
001c
fffc
fffd
fff0
00b7
fffc
001f
ffe6
fff7
0063
0020
fff9
ffe2
fffd
001a
fffe
fffa
ffec
0048
004c
fffe
fffa
0099
007a
fff9
ffff
fffd
fffe
fffe
0039
0066
0019
ffff
0019
fff9
007a
ffef
0012
0011
fffb
fffb
ffff
0028
fff7
0001
0001
000e
004b
fffc
fffa
000b
001c
ffea
00d9
ffef
0057
fffc
fffc
ffff
ffff
fffc
0004
ffdd
0003
002d
fff9
0000
fff4
0013
0024
0006
008d
ffeb
fffa
ffe9
0048
fffa
0007
ffef
009f
ffec
ffe4
004f
fff9
fff7
fff5
ffe0
0047
fffb
fffe
ffff
fffd
fffe
fffc
fff3
fffa
0000
0016
001c
0011
ffee
000d
0035
0021
0015
0020
0019
0007
fffb
ffec
fff6
0083
000f
0054
fff9
fffe
fff2
0081
ffd4
00c4
fffb
fffc
0002
ffff
fffb
fffe
fff8
006b
ffff
0019
0024
fffd
fff8
fff7
fff6
fff9
fffe
ffff
fffe
fff8
000d
fff8
ffed
007d
0017
0014
fffd
0027
fff7
fff4
0005
006c
fffb
fffc
ffff
fffe
ffff
fffc
ffff
fffc
001b
0008
0000
fffa
fffe
001f
001b
fffd
000a
fff7
000a
0009
0026
fffc
ffd5
0060
fffe
ffff
0010
ffff
fffa
fffe
002c
0060
000a
fffd
0007
fffe
fffe
ffff
fffc
fff6
0025
fffd
0017
0006
fffe
fffe
fffd
0004
fffc
001b
fffb
ffff
fff8
0037
0036
fffb
ffff
004f
0011
fff0
ffe4
ffff
ffff
0039
fffe
0024
0017
fffe
0004
fff6
0008
fffa
fff4
ffed
fffe
fffb
001a
fffc
fffb
0026
fffa
fffd
0004
0043
ffeb
ffb5
01e3
fffa
fffc
fffb
ffff
fff6
fffb
0003
004c
fff6
0008
000e
0006
fff5
ffed
0029
007c
0011
ffd4
0015
fff8
0004
ffff
ffff
0006
fff6
fffe
0003
0006
fffb
ffe7
00be
fffa
fffd
ffff
fffd
fffe
ffff
fffc
fffb
000d
0082
fff4
0014
fff2
003b
00c9
0005
ffd3
fff1
fff8
fffd
fff9
fff8
0015
fffe
0001
0012
ffff
000d
fffe
ffea
007c
003c
ffff
fffc
fffd
0003
0012
0022
ffff
fffe
fffb
005c
003b
001b
fff3
fffc
ffff
ffe9
fff6
007e
fff6
002b
000e
000c
fff6
fff3
fffe
0007
ffff
fffa
0066
0018
00a2
fff6
0008
0073
fff6
ffeb
ffea
fff0
0006
fff9
fffc
004e
fffa
000f
000a
00f9
ffaa
fffd
fffe
fff8
fff8
000d
fff7
fffb
fffc
fffc
ffff
fff9
fffc
001b
fffb
ffef
0038
000b
0025
ffdf
004a
0013
0011
fffd
ffff
0003
001f
0158
0053
005f
00db
0135
0086
0091
0145
015f
0169
017a
01b5
00bf
0063
005e
005f
005e
005a
005a
0060
0055
003a
0024
0025
0028
0030
0039
001e
0029
0028
0026
002a
002a
006a
00a8
0110
010a
00c0
0156
016d
0182
019f
0159
009f
005f
0065
0064
0065
0062
0060
0053
002c
000f
000c
000d
000d
000a
0033
0012
0027
001f
0020
001e
001e
0031
008e
00cb
0108
0123
0145
0160
0187
017c
00d7
006c
0075
0070
0076
007b
007b
006e
003b
0018
0010
0010
0011
000b
000a
000c
000c
001b
003b
000d
0013
001a
001b
0027
00a3
00a8
00fc
0136
015a
016b
0119
00ac
007f
0073
0075
00a6
012d
0126
0100
0081
00ae
0076
004d
001a
000e
000e
000f
000e
000f
0012
0015
0019
000e
000b
000f
0019
00a2
003a
00fb
0144
0126
00ce
00b4
00b5
0076
0083
0162
0197
017c
010b
00ce
00ab
0087
0075
0066
0070
0045
001d
0012
0011
0011
0009
0022
001e
0010
000b
0012
0016
0079
003b
0110
0103
00c3
00ca
00c5
00b6
0064
0182
016c
0159
0123
00e9
00b9
0083
0080
008f
0090
0084
0076
0070
0033
000d
0019
0024
0018
0022
0020
000f
000f
0017
0060
0088
0137
0100
00ec
0113
0116
00be
00fb
0165
0168
0111
0117
00fe
00ff
00e9
00ec
00f3
0105
00d4
00a7
0094
006b
0027
0021
0042
0029
0023
002a
0028
002d
001e
0094
0107
0147
00fe
0121
014d
0146
0121
0157
014e
0113
0138
0154
015c
015c
014d
0137
013f
0145
012c
00f1
00c1
0088
0045
0022
001b
0010
002e
001e
0018
002e
001f
00bb
011b
0140
0109
0150
015f
0153
0152
0142
012b
0158
017b
01ac
0191
0182
016b
0164
0163
0149
014f
012d
00fb
00ac
006c
0029
0011
0035
0035
0018
0018
001b
0020
00c5
011d
0133
0125
0160
0168
015c
0153
0111
0150
0193
01d1
01bf
019f
0182
016d
016f
015d
0164
015f
013c
0119
00d1
0089
003f
0014
0033
0028
0018
0019
0019
0024
00c8
011c
0131
0141
016c
017a
015a
012a
00ef
017b
01ce
01c8
01b4
0197
017f
0172
0172
016a
0165
0165
0147
0134
00e6
006d
0048
0043
0088
00bd
008c
004b
0032
0032
0092
0113
014b
0158
0170
0188
0153
00ee
00e8
0199
01ca
01e0
015e
0136
0119
0110
012d
0114
010d
00e2
0128
0124
00e2
0028
004f
00c2
011a
0198
012d
00e4
00be
00d9
005a
010e
014c
0160
0172
018a
0128
00f2
0112
01c5
01a9
01d8
0086
0035
0032
0031
0036
0030
0031
fff7
00be
0103
0106
000a
0050
00d8
00e6
01f8
014c
022c
0251
02da
0074
0105
014b
0167
0178
0186
0121
00d5
016d
01d5
0175
0172
004e
0027
0027
0027
0027
0027
0027
fff6
00aa
00d0
010b
0010
0071
0139
019d
0259
01d0
0219
028b
0386
008b
0119
014f
0166
0179
018d
011d
00b1
01cf
018f
0150
0100
0016
0027
0027
0027
0027
0027
0027
fffb
0055
00cb
00ff
003b
0091
00a4
017e
0227
01e5
0235
026c
03ca
0098
0113
014e
016e
0169
01a8
016e
00f8
01bb
0145
0185
0143
0082
0027
0027
0027
0027
0027
0027
fffb
004c
00ff
0137
0061
0076
019e
017e
00e4
01bd
023c
025c
034f
009e
010c
014b
016c
0161
01a3
0142
014e
01a2
0186
01ca
0221
009c
0027
0027
0027
0027
0027
0027
ffef
00cb
013a
0146
0077
00cb
017c
016a
0084
01f1
01f3
0293
0348
00ae
010d
014e
0155
0170
016c
0167
019e
01ba
01a9
019c
0230
009c
0027
0027
0027
0027
0027
0027
ffed
00e7
0168
0162
00c5
009b
00d3
0115
01e8
0189
01a8
02ac
0382
00a7
0116
014e
0149
0168
0143
01ad
01e1
01c3
01b0
019b
021c
0098
0027
0027
0027
0027
0027
0027
fff0
00d2
013f
0140
00d0
00ca
00f1
0176
0149
00fc
0168
019e
0256
0099
00e2
0146
0139
0166
013e
01c8
0224
01cd
01ba
0192
01a0
009b
005a
004b
004b
0047
0049
0043
ffff
00b8
012d
0122
00f0
00d5
00f0
0144
010c
009f
014d
0169
0189
00be
010f
0127
012c
0163
013b
01be
0219
01de
01a9
018a
0156
011a
0174
0155
0112
00fe
00e0
00d3
00f2
00fd
0129
0119
00fa
00a8
0101
00b5
003f
004c
0083
0018
0041
00c2
0111
0125
011b
0158
0144
0192
0221
01d2
0190
0191
012b
0135
013f
0135
00fe
00ce
00c3
00c5
00c5
00dc
0119
011d
00da
0098
00e8
0073
0013
005f
0020
00cb
00ac
00c3
010e
0124
010b
014d
0154
0167
01f3
01d7
01a6
0166
00fd
0108
0140
0140
0117
0115
010d
00fe
00d7
009e
00fb
0129
00b3
00ca
011b
006e
001a
0047
0050
00ea
00a8
00be
010a
0129
0110
012a
0159
0146
0192
01ce
01a4
0150
00ee
0139
0197
015b
0157
014c
0157
0150
011c
00e6
00f3
012b
0097
00a2
004b
0021
001a
0038
0060
0054
005f
00b8
0108
0126
0112
0100
0147
0153
0139
01ab
019b
014e
0106
0187
019d
017d
012a
0114
0127
011d
0118
00f0
00f7
0116
0081
007b
0033
0028
001b
003e
0041
003c
001a
00b7
0106
0123
0119
00f4
012d
014e
0150
014e
0197
0157
0125
0179
0195
0172
012b
0120
0124
0118
0125
00da
00f1
011a
0062
0070
0038
001e
0029
0037
003f
003a
0040
00ab
00f4
011e
011a
00f2
0107
0146
017f
00d6
0199
0152
013f
0164
0186
0169
013e
0131
012f
0134
011e
00e2
00e9
00fa
003d
0056
0036
0058
0092
0094
0083
0054
006d
007f
0075
00d3
011a
00f1
00fe
013a
0162
0100
01ff
015c
0149
015b
0176
016f
0168
0135
0122
0136
0111
00ff
011c
0089
0031
003d
0041
004b
0054
0055
003a
006b
00d8
0055
0068
00b9
0128
0118
0118
0124
016a
01f1
01e8
01c8
0133
015b
016d
0178
0169
0123
0114
0124
0112
0105
00e6
002a
0030
002e
002f
0030
002c
002c
002d
0036
0045
0066
0087
00b2
0125
00ba
0111
01df
0216
021a
01e2
01af
015b
012d
015b
0156
0149
013f
011e
012f
0125
00e5
0062
0047
002f
0029
0028
002a
003c
0055
0059
0063
006a
0072
0074
0082
0065
0092
01e9
0204
0215
0210
01c1
01ac
015f
0135
013e
012b
011f
012c
0115
0116
00df
00cc
0059
0035
002f
0085
00b4
00b4
00c5
00cd
00d3
00e1
00cb
003d
0065
004f
0024
013a
01af
01c5
01cc
01b1
018e
0159
0132
012b
0118
0101
00df
00d7
00c2
00c0
00dc
00ce
00ab
001f
003f
00b0
009b
00a1
00ad
00ae
00ae
00b1
0091
ff16
ff65
ff60
ff5d
ff5c
ff65
ff7b
ff79
ff7e
ff77
ff55
ff4c
ff58
ff54
ff56
ff55
ff55
ff56
ff52
ff4b
ff49
ff48
ff47
ff5a
ff44
ff50
ff3d
ff45
ff43
ff46
ff46
ffe5
ff1d
ff5d
ff5a
ff70
ff5e
ff6a
ff78
ff74
ff64
ff5b
ff53
ff4f
ff4a
ff48
ff49
ff49
ff46
ff44
ff42
ff41
ff40
ff3f
ff3d
ff43
ff3b
ff35
ff37
ff37
ff37
ff36
ff37
ffe2
ff31
ff61
ff66
ff67
ff69
ff6b
ff66
ff5a
ff54
ff4d
ff47
ff47
ff4a
ff52
ff4f
ff4b
ff47
ff43
ff41
ff41
ff3f
ff3f
ff3f
ff3d
ff3c
ff3b
ff3a
ff37
ff39
ff38
ff38
ffe4
ff3c
ff62
ff68
ff68
ff64
ff56
ff53
ff4c
ff49
ff4b
ff5d
ff71
ff74
ff78
ff7a
ff74
ff61
ff4f
ff4a
ff42
ff40
ff3f
ff3e
ff3e
ff3d
ff37
ff36
ff34
ff3b
ff3a
ff39
ffe3
ff30
ff5a
ff63
ff58
ff56
ff50
ff49
ff45
ff5e
ff5f
ff83
ff7f
ff90
ff97
ff96
ff91
ff8a
ff6d
ff6c
ff54
ff47
ff42
ff3f
ff3e
ff3d
ff36
ff2f
ff34
ff3a
ff39
ff3a
ffe3
ff26
ff65
ff60
ff68
ff57
ff4f
ff43
ff4c
ff5c
ff8a
ff9a
ffa4
ff9d
ffa5
ff9d
ff9c
ff99
ff87
ff87
ff6d
ff5a
ff4f
ff40
ff3e
ff3f
ff36
ff35
ff34
ff32
ff39
ff3b
ffe3
ff35
ff66
ff59
ff71
ff5f
ff57
ff4d
ff76
ff70
ff8b
ffa3
ff9b
ffa0
ffa2
ffa2
ffa6
ffa6
ffa1
ff93
ff81
ff69
ff61
ff47
ff3d
ff3c
ff3a
ff32
ff37
ff34
ff34
ff38
ffe3
ff3d
ff5d
ff5c
ff6c
ff65
ff59
ff5f
ff79
ff90
ff97
ff9e
ffaf
ffb5
ffb5
ffb7
ffb6
ffb5
ffad
ff9e
ff9a
ff79
ff6b
ff46
ff45
ff40
ff3c
ff37
ff37
ff34
ff37
ff36
ffe3
ff46
ff60
ff5d
ff6b
ff61
ff5c
ff6d
ff84
ff93
ffb0
ffb9
ffb7
ffc3
ffc0
ffc1
ffc0
ffbb
ffb4
ffa6
ffa1
ff91
ff75
ff53
ff50
ff3f
ff3d
ff36
ff3d
ff36
ff39
ff3b
ffe2
ff49
ff5f
ff58
ff6d
ff5d
ff5c
ff76
ff8e
ffa3
ffb1
ffb7
ffbf
ffbf
ffc0
ffc1
ffc3
ffbe
ffb7
ffaf
ffa7
ff93
ff7b
ff6c
ff4c
ff3e
ff3e
ff3d
ff3e
ff3b
ff3c
ff39
ffe0
ff48
ff5b
ff55
ff6f
ff5c
ff64
ff8b
ff9d
ffa5
ffae
ffc0
ffc3
ffc7
ffc6
ffc2
ffc2
ffc4
ffc1
ffbb
ffad
ffa0
ff86
ff85
ff40
ff55
ff57
ff5f
ff5d
ff4f
ff45
ff40
ffe2
ff49
ff47
ff54
ff6c
ff5f
ff6c
ff88
ff9f
ffae
ffa2
ffc3
ffd8
ffda
ffd8
ffd7
ffd3
ffd9
ffd4
ffd1
ffb6
ffa5
ff99
ff92
ff4d
ff6c
ff5e
ff64
ff51
ff49
ff57
ff52
ffda
ff56
ff42
ff57
ff6a
ff5e
ff6b
ff7e
ff90
ffa0
ffae
ffc3
0072
004d
fff8
fff7
fff7
fff7
fff6
fff7
ff76
ff79
ff8d
ffa7
ff54
ff66
ff62
ffa2
ff4f
ff22
ff7f
ff8e
ff9e
ff5b
ff38
ff5a
ff69
ff5e
ff63
ff7a
ffad
ffb1
ffae
ffb6
0100
006f
fffc
fffc
fffc
fffc
fffc
fffc
ff32
ff5e
ff80
ffbb
ff6a
ff4e
ff77
ff8d
ff3c
ff11
ffa8
ff9f
ff87
ff50
ff40
ff5c
ff6a
ff5d
ff5e
ff6e
ff9f
ffae
ff8b
ff5b
0291
013f
fffc
fffc
fffc
fffc
fffc
fffc
fedf
ff1a
ff94
ffb2
ff47
ff53
ff75
ff7a
ff59
ff3c
ff72
ff97
ff91
ff48
ff4f
ff5b
ff64
ff73
ff30
ff7b
ff8d
ffac
ff94
ff78
024b
00ce
fffc
fffc
fffc
fffc
fffc
fffc
ff1a
ff2a
ffc2
ff7b
ff4c
ff84
ff8a
ffe6
ffd6
ff9a
ff63
ffc3
ff67
ff43
ff51
ff5e
ff64
ff7b
ff24
ff96
ff94
ffb9
ffaf
ffb1
00e8
0078
fffc
fffc
fffc
fffc
fffc
fffc
ff72
ff85
ffaa
ff85
ff73
ff6a
ffb1
ffc7
ff87
ff74
ff6d
ffb9
ff47
ff3f
ff5d
ff63
ff69
ff62
ff13
ff89
ff9b
ffb6
ffbb
ffc0
00ae
0063
fffc
fffc
fffc
fffc
fffc
fffc
ff80
ff96
ffa6
ff95
ff83
ff6d
ff69
ff76
ff53
ff3e
ff70
ff97
ff96
ff38
ff60
ff69
ff70
ff5a
ff61
ffbe
ffa7
ffb0
ffbb
ffca
009d
0055
fffc
fffc
fffc
fffc
fffc
fffc
ff98
ffa4
ffb3
ff8a
ff7a
ff5f
ff5e
ff5f
ff07
ff3c
ff66
ff63
ffa6
ff37
ff52
ff6f
ff73
ff59
ffad
ffa5
ffa2
ffb4
ffc2
ffc8
003c
000b
ffee
ffe5
ffe6
ffe9
ffe7
ffe9
ffa3
ffaa
ffa7
ff99
ff4c
ff44
ff58
ff44
ff36
ff46
ff4f
ff4b
ffc9
ff48
ff5d
ff6e
ff71
ff59
ffb1
ff8c
ffa4
ffb0
ffbf
ffc4
ffc6
ffc3
ffcc
ffca
ffc4
ffb6
ffc0
ffc7
ffc6
ffc2
ffab
ff88
ff76
ff48
ff2f
ff38
ff45
ff38
ff47
ff4d
ffd6
ff4c
ff5d
ff74
ff6d
ff5a
ff91
ff51
ffa0
ffa6
ffb2
ffb5
ffc7
ffc5
ffbb
ffc1
ffe1
ffaa
ffa9
ffa3
ffb7
ffb2
ffa6
ff6b
ff7d
ff4b
ff2c
ff3c
ff44
ff25
ff6c
ff0d
ffce
ff4b
ff5d
ff77
ff6b
ff5d
ff66
ff2d
ffa0
ff9c
ffbd
ffce
ffb4
ffba
ffb5
ffc9
ffd3
ffb3
ffa9
ff91
ffac
ffb7
ffa6
ff55
ff74
ff4f
ff30
ff3e
ff46
ff31
ff49
ff02
fffd
ff48
ff5c
ff78
ff6a
ff65
ff59
ff6d
ffb5
ffa1
ffc2
ffca
ffb4
ffa8
ffa2
ffa5
ffb0
ffb2
ffa7
ffa0
ffa3
ffb8
ffac
ff3f
ff5c
ff51
ff4b
ff47
ff46
ff3b
ff60
ff45
ffee
ff49
ff5c
ff78
ff70
ff65
ff5c
ff5b
ff95
ff8b
ffba
ffbb
ffc0
ffbd
ffc2
ffc8
ffce
ffcb
ffb9
ffb1
ffb2
ffad
ffa7
ff36
ff43
ff3c
ff43
ff3f
ff43
ff29
ff53
ff3e
fffc
ff47
ff5a
ff77
ff76
ff65
ff63
ff57
ff61
ff5a
ffb0
ffbc
ffbb
ffc2
ffc4
ffc9
ffd0
ffcc
ffc0
ffb1
ff9e
ffa4
ffa4
ff69
ff31
ff2c
ff45
ff3f
ff38
ff33
ff42
ff5e
ffd8
ff3a
ff56
ff77
ff76
ff69
ff63
ff57
ff34
ff5c
ff9f
ffbb
ffb6
ffc7
ffc1
ffc7
ffce
ffcb
ffc4
ffb5
ffa4
ff95
ff74
ff9e
ff33
ff32
ff53
ff48
ff4f
ff4c
ff4f
ff41
ffd7
ff12
ff5b
ff76
ff73
ff6c
ff62
ff56
ff49
ff3d
ffa0
ffaf
ffb2
ffc4
ffbc
ffc0
ffc8
ffd0
ffbb
ffb0
ffa9
ffa7
ff35
ff44
ff35
ff34
ff37
ff3b
ff3d
ff3c
ff47
ff4e
ffc6
ff1f
ff6d
ff5f
ff68
ff5c
ff62
ff6d
ff7a
ff70
ff9f
ff8e
ffb1
ffb5
ffb4
ffc4
ffcb
ffc9
ffb8
ffb6
ff8e
ff67
ff60
ff31
ff32
ff32
ff33
ff33
ff32
ff31
ff34
ff39
ffdf
ff17
ff56
ff3f
ff58
ff82
ff87
ff87
ff9c
ff78
ff9a
ff9d
ff8e
ffa1
ffa9
ffb8
ffbb
ffba
ffac
ff9b
ff67
ff6c
ff38
ff33
ff33
ff33
ff36
ff3b
ff3e
ff3e
ff3c
ff43
ffe0
ff18
ff53
ff56
ff87
ff6a
ff9c
ff8d
ff9e
ff9a
ffad
ff99
ff99
ff90
ff90
ff98
ff9a
ff92
ff7f
ff86
ff51
ff58
ff3f
ff3a
ff3d
ff42
ff40
ff3f
ff3f
ff42
ff42
ff3b
ffbd
ff47
ff5d
ff67
ffac
ff94
ff8f
ff8f
ff88
ff94
ff94
ffa3
ff8f
ff8f
ff91
ff95
ff91
ff86
ff8b
ff87
ff76
ff63
ff72
ff50
ff4c
ff5e
ff63
ff5e
ff5d
ff62
ff5d
ff3a
ffb8
004a
01b2
01ba
0180
01bb
01ab
0164
0170
015d
0149
00f3
0117
016f
0171
0173
0170
0172
0171
016c
016c
018a
0196
0198
01a5
0195
0134
01c8
01a1
01a7
01a4
01a9
01d5
0003
013a
0145
0124
0117
0111
011f
012a
0100
0113
016e
0127
010b
0113
0115
010e
0114
010d
011e
0115
0106
00fb
00f2
00ec
0143
013f
012b
012b
012a
0129
0128
0128
000d
0167
014c
0134
0126
0136
0119
010f
0179
0136
0110
012b
0141
0152
0131
011d
0121
010d
0103
0100
0104
0108
0106
0104
00fc
00fd
0146
0109
010c
011e
0125
0128
fffe
0172
0149
013c
013c
0118
016e
015c
0123
0128
013d
0166
0094
004f
007f
fffb
0062
0087
0101
0109
00fe
0106
0105
0109
010d
00fd
010c
0151
0126
0111
0111
010b
000b
0155
014b
0126
0144
015b
0135
0158
0134
013b
008b
0105
00e2
007a
004e
005d
fff5
002c
fff3
0093
00eb
010e
0104
010c
0107
00fc
011f
0157
012c
0116
0119
010f
fff7
011b
0156
00ec
00f0
010e
0144
0153
014d
00fc
0115
0029
0061
0051
003f
fff5
fff3
0004
fff9
0008
fff9
005d
00fc
0105
010b
0119
0101
0136
015c
0115
0117
0113
0022
0115
0174
00e5
009a
00a5
00fd
011f
016b
0147
0058
007c
0095
0046
0086
0075
0053
0051
002a
0045
0080
0032
00ac
00f7
00f7
0135
013a
0120
013e
015f
013e
0117
fffd
0127
0180
00e6
00d8
0141
0145
013d
0155
00c8
00af
0074
0049
002a
001b
000f
0008
000c
002d
0027
004b
007d
00a3
00c8
00f9
0106
00f0
012d
012f
0120
0152
0120
0006
0135
0174
00d9
00fe
0156
0152
015a
00e9
0083
008a
0064
0028
0039
0035
0030
0011
0023
0023
0025
fffb
003d
0096
0069
0104
00ff
0102
0134
013b
011d
011a
0113
0006
0139
0176
00d4
0121
0151
016f
0154
00bf
006d
0054
005d
0063
0053
0037
0020
002e
0021
003e
0042
0060
0017
0056
007a
00cc
010d
00f7
0117
010a
010e
0114
0113
0008
0131
0171
00e9
0148
0159
017e
011f
0023
003c
008b
0071
0056
0041
0038
004a
0038
0032
0008
ffff
002f
0080
005a
006e
0050
00f4
00f2
012c
0154
0138
012b
0121
0034
018a
0157
00fd
014d
015e
01a7
00f7
fff7
007f
00ae
0048
fffd
fffd
fff5
fff6
0005
fffa
fff6
ffff
fff6
fffd
0094
003a
fff5
016d
0207
0225
01b2
019c
017d
0157
fff7
0171
014c
0111
0155
015c
01a3
0124
00a4
0109
0066
0072
fff5
ffb8
ffb8
ffb7
ffb5
ffb8
ffb7
ffad
ffbd
fff5
005e
0055
fff4
01ec
01f6
0170
0151
008e
fffb
fffe
fff9
016f
0142
0117
0158
016c
0165
0119
00a3
012b
00ad
0039
fffc
ffc7
ffc7
ffc7
ffc7
ffc7
ffc7
ffc1
ffe0
003c
005d
0098
fff9
0116
00e1
0130
017d
00f1
0248
00fb
fffb
0149
0145
010f
0156
017c
016d
00ea
00d6
00aa
009a
01db
0121
ffc7
ffc7
ffc7
ffc7
ffc7
ffc7
ffc2
ffe9
0108
fffa
0106
fff4
0152
0192
01b1
01d8
0116
009f
0201
000b
0118
0143
0139
0156
0161
0121
0135
00ce
002e
00d4
ffd8
003c
ffc7
ffc7
ffc7
ffc7
ffc7
ffc7
ffcb
ffbd
0043
0074
007b
001b
013f
ffb6
ff96
ff87
00d7
0191
0147
0009
011f
013a
012e
0159
01cd
0136
0184
00c5
0058
0076
0086
004f
ffc7
ffc7
ffc7
ffc7
ffc7
ffc7
ffc9
ffb6
0035
00a2
0029
0028
01b1
0271
ffb4
ffe4
016e
0126
0299
002b
010b
0149
010a
014f
01d3
00e5
0169
0128
0066
0009
0059
004c
ffc7
ffc7
ffc7
ffc7
ffc7
ffc7
ffc1
ffc7
0024
fffe
002c
0077
018f
0251
024c
01dd
0142
011e
016e
002e
0114
015c
00eb
014c
01ec
00c1
0148
016b
00b0
0044
0035
002d
ffc7
ffc7
ffc7
ffc7
ffc7
ffc7
ffc5
ffc2
fff9
0013
000d
00e3
0131
0105
01ae
0191
01e6
01f5
01f5
000d
0177
015f
00e1
0143
017d
0127
0107
014e
00d2
006b
0018
fffe
ffc2
ffc1
ffbd
ffc1
ffc2
ffbc
ffb8
ffc1
fff5
ffff
0020
00cf
0143
013a
0144
016a
00c4
0085
0132
0005
0116
0128
00e0
013a
0150
017d
0118
0151
00bc
0076
000e
0061
003d
0098
008b
00f3
00d1
00c3
00f8
0022
fff9
fffb
0029
013c
013b
0179
017e
0159
0185
0186
013e
0009
0142
012c
00e2
0123
0149
01ab
011e
0153
00d5
0087
004d
0028
001e
000a
ffed
0012
fff9
0001
0012
004c
000b
0007
0005
014c
015d
012d
0122
0139
012e
00e2
00bd
000f
0142
012d
00eb
0103
0149
01f3
00e4
018b
00b9
0046
0021
fffd
0070
0020
fff9
fff8
fff4
fffb
0059
0074
0023
fff6
002d
0118
0117
0129
010c
0135
0106
01bf
00d0
000b
0145
0130
010b
00bc
014d
01b2
0160
01b2
00d7
0010
fffc
0021
012a
0127
00f2
006f
0060
00ab
00da
0056
fff2
fff6
004c
013e
0168
013a
0114
012b
0170
0042
011e
0008
013e
0130
0135
0099
00ff
014e
0178
01f8
00f5
007d
ffee
0016
0021
002c
fff2
ffee
ffee
ffee
001c
00b3
fffe
fffa
0071
013e
0132
0153
011d
0115
0088
01c4
00d9
0007
013e
0135
0135
00bc
00ca
014f
0140
023e
011d
00a8
0002
0007
006d
0056
0007
fffa
fff8
fff6
000f
0093
0037
fff1
00e2
0148
0138
0137
0102
0151
0124
012e
00fc
0010
013f
0148
014e
00d4
009d
0122
015f
01cb
01fe
0088
0052
0002
005b
0047
0003
fffa
fff7
fffd
0021
0079
0030
ffeb
0153
014f
012d
0141
0029
003b
00f1
00f0
015d
0023
0180
0162
0150
00e7
00ab
011b
0163
0176
01e5
00ec
0063
0024
005d
004f
0042
fffb
fff4
fffc
004d
0032
002b
0079
0147
0144
013e
0151
019f
01cc
01d5
018f
002d
000f
0100
0154
0142
00ee
011b
0172
0139
014c
00d5
01b3
00ab
009b
004d
0044
0058
000a
fffa
fffc
0031
0024
00be
0174
013c
013f
013f
013f
0140
013d
0131
013c
01be
0004
015f
015c
0183
0167
0104
007a
00ba
0164
00d1
008a
0142
0128
0101
0046
0042
005d
0039
001b
0022
00d3
016b
012f
0140
013c
0142
0151
0160
014b
0136
0129
0127
0032
011e
00e8
00ec
010d
007b
00b8
00f5
0156
0081
00b9
002c
006a
0123
014a
010d
0111
00f8
011f
00e9
0064
00fc
0155
013a
00eb
00c6
0108
014b
015f
0148
0142
0160
fffe
0114
0116
012c
00a9
0094
00a6
00bb
0098
00b1
0016
0059
003c
0055
0058
002d
002f
0074
00b0
0080
0112
00d2
00bc
00ba
0190
0165
0189
0186
018e
01a5
01b3
01c1
ff68
ff7e
ff93
ff83
ff8c
ff7d
ff92
ffa0
ffa5
ff97
ff68
ff6d
ff87
ff85
ff85
ff84
ff84
ff82
ff7b
ff7e
ff8d
ff7f
ff77
ff75
ff72
ff77
ff79
ff73
ff73
ff73
ff75
ff7b
ff6e
ff7d
ff8f
ff8b
ff81
ff96
ff9d
ff9a
ff7c
ffa6
ffa1
ff81
ff7e
ff80
ff7f
ff7f
ff7a
ff7e
ff86
ff7e
ff7b
ff78
ff74
ff79
ff8d
ff77
ff75
ff73
ff72
ff74
ff74
ff7e
ff7a
ff89
ff93
ff95
ff97
ff98
ff82
ff96
ffa8
ff80
ff7c
ff80
ffa1
ffb0
ffa1
ff99
ff94
ff80
ff7b
ff79
ff79
ff7a
ff7a
ff78
ff74
ff76
ff6e
ff6c
ff73
ff76
ff77
ff82
ff70
ff85
ff94
ff94
ff8b
ff87
ffa4
ff82
ff83
ff8a
ffb4
ff9f
ff63
ff7a
ff86
ff7c
ff7b
ff93
ff97
ff82
ff7b
ff7a
ff7a
ff7a
ff78
ff72
ff6b
ff73
ff78
ff77
ff75
ff7f
ff72
ff84
ff8f
ff86
ffa0
ff8d
ff83
ff82
ff8e
ff7d
ff68
ffbd
ffbe
ffad
ffb8
ffba
ffab
ffb6
ff90
ff92
ff8e
ff81
ff79
ff79
ff78
ff75
ff6d
ff71
ff75
ff76
ff75
ff81
ff5b
ff7a
ff98
ffa1
ffa4
ff92
ff7e
ff78
ff7d
ffac
ffb0
ff9c
ffb6
ffa9
ff9c
ff9b
ffa2
ffa2
ff9e
ff8d
ff78
ff76
ff7f
ff78
ff77
ff73
ff74
ff71
ff73
ff73
ff76
ff82
ff83
ff7d
ff92
ffa1
ff93
ff74
ff6b
ff81
ff9d
ffa0
ffbf
ffdc
ffd4
ffcd
ffdc
ffcc
ffba
ffb7
ffb0
ffa8
ffaa
ff8e
ff81
ff7a
ff7b
ff78
ff75
ff70
ff72
ff73
ff73
ff81
ff7c
ff8d
ff98
ffa1
ff98
ff8e
ff8e
ff95
ffad
ffbb
ffca
ffc4
ffcb
ffc5
ffcb
ffcc
ffcd
ffca
ffc2
ffbd
ffac
ffa1
ff8d
ff79
ff77
ff77
ff76
ff72
ff72
ff75
ff78
ff81
ff83
ff8d
ff97
ff9e
ff90
ff8e
ff8e
ff95
ffae
ffc1
ffcc
ffca
ffc6
ffcd
ffd2
ffd3
ffd0
ffcd
ffc5
ffb8
ffae
ff9d
ff8a
ff7e
ff79
ff75
ff75
ff77
ff7b
ff72
ff75
ff82
ff87
ff90
ff97
ff98
ff8d
ff8e
ff96
ffad
ffc1
ffc1
ffc6
ffd6
ffd2
ffd2
ffce
ffd1
ffd5
ffd4
ffd4
ffc8
ffb8
ffa8
ff91
ff8f
ff7a
ff77
ff72
ff70
ff75
ff76
ff76
ff82
ff80
ff8e
ff9b
ff96
ff8e
ff8e
ff9f
ffbb
ffc6
ffc6
ffd4
ffda
ffdb
ffdd
ffdc
ffdc
ffdb
ffd7
ffcd
ffc6
ffc3
ffb2
ff9f
ff96
ff6f
ff7f
ffc0
ffec
ffca
ffa1
ff90
ff92
ff91
ff93
ff93
ff92
ff8e
ff8d
ff9a
ffb6
ffc1
ffca
ffd9
ffe2
0046
0044
0047
005e
006c
0048
0065
003f
ffc8
ffb5
ffa8
ffa3
ff95
ffd1
00e4
017f
000a
fff6
ffd3
ffb0
ff7a
ff91
ff92
ff92
ff8e
ff8f
ffa1
ffc5
ffc7
ffc1
ffca
ffd3
001f
fffe
fffd
fffe
ffff
fffd
fffe
fff8
ffad
ffb2
ffa0
ffae
ffd7
011c
008c
ffa8
ff78
ff43
ff3a
ff39
ff82
ff91
ff93
ff91
ff8f
ff8c
ff98
ffb4
ffc0
ffc9
ffc1
ff97
fffd
ffff
ffff
ffff
ffff
ffff
ffff
fff4
ffa5
ffb1
ffa9
ffaa
ff76
ff87
ffad
ff95
ffa0
ffdc
ffe4
ffa6
ff80
ff8d
ff94
ff91
ff8d
ff92
ff9a
ffb1
ffc4
ffb6
fff5
004a
00b2
ffff
ffff
ffff
ffff
ffff
ffff
fff7
ffbd
ffbe
ffa9
ffa1
ff99
ffa7
ffd1
ffd7
ffbb
ff8e
ff8b
ffa9
ff80
ff8c
ff95
ff93
ff8f
ff85
ff8b
ffb5
ffc9
ffc8
ffab
ff7c
fffc
ffff
ffff
ffff
ffff
ffff
ffff
ffec
ff91
ffb5
ffae
ff9d
ff89
ff19
ff3f
ff59
ff3e
ff9d
ffa4
ff79
ff83
ff8f
ff93
ff90
ff91
ffb9
ffa7
ffb8
ffd0
ffd4
ffc9
ffcb
0015
ffff
ffff
ffff
ffff
ffff
ffff
fff4
ffb7
ffcb
ffc2
ff9a
ff71
ff64
ff84
ff79
ff96
ff96
ffb6
ffe2
ff8e
ff95
ff94
ff91
ff8e
ff9e
ff9d
ffb1
ffcc
ffc3
ffc3
ffdb
001b
ffff
ffff
ffff
ffff
ffff
ffff
fffa
ffc6
ffbc
ffb5
ff9e
ffab
ffdf
ffd1
ff96
ffa0
ff9a
ff79
ff88
ff7a
ff88
ff94
ff91
ff8d
ff9c
ffb0
ffb4
ffcc
ffd6
ffd6
ffda
0016
ffff
ffff
ffff
ffff
ffff
ffff
fff9
ffd3
ffca
ffbc
ffad
ff8c
ff8e
ff9b
ff9d
ffb0
ffec
ffe5
ffc7
ff8d
ff9b
ff95
ff95
ff8b
ff97
ffb2
ffaa
ffc8
ffd8
ffd9
ffd1
ffbd
ffa6
ff8e
ff8a
ffa5
ff97
ff8b
ffb2
ffd1
ffcf
ffbb
ff95
ff82
ff84
ff6b
ff79
ff57
ff06
ff08
ff67
ff82
ff88
ff95
ff96
ff8b
ff96
ffb9
ffaa
ffbe
ffcd
ffdb
ffe1
ffd8
ffc9
ffd2
ffcf
fffb
ffec
ffc6
ffce
ffd6
ffd0
ffb4
ff94
ff84
ff8b
ff9a
ff8f
ff8e
ff9c
ffb3
ff96
ff89
ff92
ff95
ff98
ff8b
ff91
ffab
ffa9
ffc3
ffd3
ffd7
ffda
ffd0
ffd0
ffcd
ffc9
ffd2
ffcb
ffbe
ffc3
ffd3
ffd1
ffb7
ff8d
ff8d
ff8b
ff77
ff76
ff7d
ff76
ff51
ff73
ff87
ff91
ff95
ff9c
ff8e
ff8e
ff9c
ffaa
ffbe
ffcd
ffce
ffc2
ffbf
ffb4
ffa6
ff9e
ffa5
ff95
ff96
ffb9
ffd8
ffd2
ffac
ff76
ff4d
ff47
ff68
ff73
ff79
ff79
ff83
ff76
ff87
ff90
ff94
ff9d
ff96
ff8d
ff95
ffa3
ffbe
ffcd
ffd6
ffd9
ffec
003a
0055
0012
ffea
ffd7
ffcc
ffb2
ffb2
ffc9
ffab
ff76
ff7b
ff74
ff7b
ff7d
ff8e
ff73
ff57
ff92
ff85
ff8f
ff94
ff9e
ff97
ff8b
ff8d
ff95
ffb4
ffcd
ffd2
ffd1
ffd1
ffd4
ffdf
ffdd
ffde
ffd4
ffc8
ffc6
ffcb
ffce
ffa1
ff6f
ff75
ff72
ff83
ff6d
ff5d
ff84
ff99
ff91
ff81
ff8c
ff90
ff9e
ff9a
ff8e
ff89
ff8e
ffa3
ffc7
ffd4
ffd7
ffd2
ffd5
ffdb
ffe0
ffe1
ffd9
ffcc
ffb9
ffc5
ffca
ff99
ff70
ff76
ff72
ff81
ff78
ff73
ff7b
ff72
ff74
ff77
ff84
ff92
ffa0
ff9c
ff91
ff89
ff87
ff9e
ffca
ffd2
ffd5
ffcf
ffd3
ffd9
ffd8
ffde
ffd5
ffcc
ffc0
ffbd
ffb9
ff88
ff78
ff74
ff66
ff3a
ff0e
ff44
ff90
ff9e
ffa7
ff86
ff9e
ff98
ffa0
ff9d
ff93
ff8a
ff91
ffa2
ffb5
ffc6
ffcc
ffd5
ffd8
ffdb
ffdb
ffdd
ffd9
ffcc
ffc1
ffb3
ff9e
ff7a
ff73
ff72
ff77
ff78
ff94
ffb7
ffbb
ff6e
ff1b
ff73
ff83
ff8a
ff87
ff8b
ffa6
ffc1
ff91
ff98
ffb3
ffc3
ffc4
ffc9
ffd0
ffd5
ffd6
ffdb
ffd7
ffc9
ffbb
ff8e
ff9d
ff7b
ff71
ff71
ff70
ff70
ff70
ff6f
ff6f
ff6e
ff8c
ff76
ff9c
ff94
ff96
ffb0
ff91
ff8c
ffa6
ffb4
ffb7
ffb6
ffd2
ffc6
ffbe
ffc5
ffc6
ffd1
ffc4
ffad
ffb4
ffa3
ff71
ff6e
ff71
ff70
ff7e
ff94
ff9f
ff8c
ff79
ff71
ff79
ff80
ff6d
ff7e
ff95
ffa6
ffb0
ffb6
ffb7
ffbb
ffbf
ffb8
ffa6
ffb1
ffda
ffef
ffe9
ffe2
ffd8
ffda
ffa8
ff84
ff8c
ff82
ff69
ff38
ff33
ff60
ff88
ff87
ff78
ff73
ff7e
ffd3
ffe5
ffe9
ffc4
ff92
ff90
ff8b
ff81
ff86
ff89
ff82
ff92
ff8e
ff8f
ff8e
ff94
ffa1
ffb6
ffb5
ffc7
ffcd
ffc6
ffd0
ffef
fff9
fff2
fff4
fff7
0019
0059
000f
fff0
ff7a
ff6f
ff7a
ff7c
ff72
ff5e
ff79
ff90
ff93
ff95
ff96
ff85
ff83
ff7d
ff7e
ff7f
ff7f
ff80
ff7f
ff81
ff83
ff77
ff72
ff72
ff7d
ff83
ff79
ff71
ff72
ff72
ff72
ff69
ffa3
ff72
ff71
ff7f
ff69
ff69
ff7c
ff7e
ff80
ff9a
ffa1
ff8e
ff84
ff83
ff86
ff85
ff83
ff82
ff85
ff85
ff87
ff7f
ff7a
ff6f
ff82
ff8a
ff75
ff7c
ff7c
ff7c
ff7b
ff4b
ffa2
ff70
ff72
ff81
ff73
ff79
ff7c
ff87
ff99
ff92
ff8c
ff8d
ff87
ff76
ff6e
ff72
ff7d
ff81
ff82
ff81
ff81
ff81
ff82
ff83
ff81
ff77
ff7f
ff7b
ff75
ff76
ff78
ff49
ffa0
ff6e
ff72
ff76
ff7a
ff7e
ff93
ff8f
ff8c
ff85
ff7a
ff5a
ff41
ff5d
ff65
ff52
ff53
ff53
ff67
ff7f
ff80
ff81
ff82
ff81
ff80
ff7f
ff78
ff80
ff82
ff7f
ff7e
ff4a
ffa7
ff6c
ff76
ff75
ff81
ff85
ff82
ff7f
ff7d
ff72
ff5a
ff74
ff7d
ff84
ff8f
ffa1
ff7f
ff95
ff74
ff59
ff70
ff7c
ff82
ff82
ff80
ff7e
ff78
ff74
ff7e
ff7e
ff7e
ff4e
ffa2
ff66
ff68
ff5e
ff66
ff6e
ff7c
ff78
ff7d
ff5b
ff5b
ff55
ff8f
ff97
ff94
ffa1
ffbf
ffb7
ffa9
ff9a
ff6b
ff64
ff77
ff7f
ff83
ff8b
ff7c
ff72
ff81
ff82
ff7e
ff4f
ffa6
ff62
ff6e
ff9d
ffa5
ff90
ff6a
ff65
ff56
ff66
ff82
ffb4
ffa0
ff92
ff9d
ffa2
ff90
ff90
ff9c
ff90
ffb2
ff92
ff79
ff7b
ff7a
ff79
ff7e
ff76
ff74
ff81
ff86
ff51
ffa1
ff6e
ff71
ff8c
ff97
ff89
ff7b
ff74
ff56
ff5f
ffa8
ff93
ff8f
ff9c
ff9e
ff9c
ff9e
ff9f
ffa0
ff9d
ff8f
ffa6
ff91
ff7e
ff80
ff80
ff78
ff78
ff76
ff73
ff76
ff4d
ff9c
ff74
ff73
ff91
ff8f
ff79
ff76
ff67
ff5e
ff8c
ff89
ff8f
ff9c
ffa4
ffa8
ffab
ffaa
ffa5
ffa4
ffa3
ff9c
ff80
ff8d
ff7e
ff7b
ff80
ff83
ff77
ff7a
ff75
ff73
ff4e
ff9e
ff78
ff76
ff93
ff84
ff74
ff6f
ff5f
ff75
ff8d
ff94
ffa3
ffa6
ffa3
ffa6
ffac
ffae
ffae
ffad
ffab
ffb9
ffad
ff8d
ff95
ff7c
ff83
ff79
ff73
ff79
ff7c
ff7d
ff4f
ffa0
ff7a
ff74
ff8b
ff7a
ff72
ff64
ff60
ff81
ff93
ff9e
ff9b
ff91
ff9a
ff9c
ffa0
ffa2
ffa5
ffa0
ff97
ff95
ffaa
ff9a
ff97
ff7c
ff81
ff6f
ff5b
ff6b
ff79
ff7c
ff4e
ffa8
ff80
ff77
ff88
ff76
ff71
ff6a
ff8b
ffbf
ffaf
ff95
ff8b
ff85
ff73
ff73
ff6f
ff6f
ff6f
ff71
ff7c
ff8a
ff8c
ffa0
ffa5
ff87
ff75
ffb1
ffea
ffbd
ff8b
ff7f
ff4c
ff97
ff69
ff78
ff80
ff74
ff6e
ff66
ff98
ffc2
ff94
ff92
ffad
ffe0
ffdf
ffe5
ffe7
ffdf
ffe3
ffea
fff8
ffd1
ffbb
ff95
ffc2
ffae
ff96
ff88
ff8a
ff84
ff82
ff67
ff1b
ffa5
ff6c
ff7b
ff7d
ff72
ff71
ff5f
ff90
ff8e
ff87
ffb3
ff93
ffd9
ffea
ffea
ffea
ffea
ffea
ffea
0083
ffe8
ffcc
ff9b
ffc4
ffb1
ff9a
ffa3
ff80
ff6c
ff58
ffa7
ff77
ffa7
ff64
ff7b
ff77
ff72
ff72
ff73
ff82
ff7a
ff74
ffa9
ff8b
ffd6
ffea
ffea
ffea
ffea
ffea
ffea
00ea
ffd9
ffa8
ff97
ffb4
ff91
ff66
ff6f
ff8b
ff7d
ffaf
ff66
ff89
ffa8
ff72
ff7c
ff84
ff72
ff66
ff5c
ff7f
ff7d
ff99
ffb0
ff27
ff73
ffea
ffea
ffea
ffea
ffea
ffea
012b
ffb1
ff87
ffa3
ff95
ffb1
ff5c
fee1
fee0
fede
ff68
ff7e
ff28
ffa1
ff73
ff79
ff72
ff6e
ff7d
ff8f
ff6f
ff93
ffb5
ff8c
ff63
ffb2
ffea
ffea
ffea
ffea
ffea
ffea
00cc
ffd5
ff84
ff9c
ffb7
ffa0
ff2f
015b
0287
01ac
ff8e
ff78
ff7b
ffa7
ff78
ff7b
ff75
ff6d
ff7d
ff74
ff62
ff9f
ff9b
ff81
ff6a
ffbd
ffea
ffea
ffea
ffea
ffea
ffea
0071
ffd4
ff95
ff9a
ffb3
ff8e
ff4f
ff3b
ffcb
ffb5
ff61
ff66
ff2b
ffa8
ff84
ff7b
ff77
ff70
ff71
ff8d
ff56
ff83
ffa1
ffa2
ff70
ffba
ffea
ffea
ffea
ffea
ffea
ffea
0076
ffcf
ff98
ffb4
ffba
ff94
ff83
ff72
ff75
ff74
ff9b
ffb0
ff87
ff92
ff6d
ff73
ff7e
ff74
ff57
ff84
ff63
ff7a
ff96
ffab
ff8f
ffe5
00d8
0114
0118
00f3
00dc
00f9
015f
fff2
ffb6
ffb8
ffc2
ff97
ff76
ff86
ff7c
ff84
ff5e
ff4a
ff33
ffa8
ff6f
ff71
ff82
ff74
ff5b
ff7d
ff7a
ff7c
ff95
ffaa
ffa2
ffa6
ff99
ff87
ff7d
ffaf
ffb2
ff9d
ffd6
ffdd
ffbf
ffbc
ffab
ff8e
ff75
ff7b
ff89
ff67
ff6e
ff91
ff5d
ff9e
ff7a
ff79
ff84
ff74
ff62
ff75
ff6d
ff7a
ff93
ffa5
ffb5
ffa7
ffbe
ffcb
ffbe
ffbe
ffb6
ffa9
ffa7
ffc3
ffc5
ffc1
ffab
ff7e
ff80
ff84
ff7a
ff7a
ff83
ff7d
ff3c
ff9f
ff7a
ff78
ff88
ff75
ff69
ff72
ff84
ff86
ff91
ff9c
ffaf
ffbf
ffc5
ffad
ffae
ffa3
ffbf
ffb8
ffbe
ffaf
ffb2
ffbd
ffb4
ff7b
ff7e
ff8a
ff79
ff7a
ff75
ff83
ff6e
ff9e
ff7a
ff76
ff89
ff72
ff6d
ff5d
ff91
ff80
ff97
ffa3
ff9e
ff99
ff88
ff92
ff9a
ff9a
ff84
ff86
ff8a
ff97
ffb0
ffd2
ffa2
ff6e
ff72
ff7d
ff7f
ff78
ff7a
ff50
ff5f
ff9e
ff78
ff74
ff88
ff8a
ff6f
ff64
ff60
ff7d
ff93
ffc0
ffba
ffba
ffa3
ffa4
ffa0
ffad
ffb2
ffa3
ff8f
ffa3
ffc5
ffd2
ffa6
ff7d
ff74
ff87
ff88
ff8c
ff7d
ffaf
ff62
ff9f
ff7b
ff77
ff84
ff90
ff76
ff70
ff62
ff6d
ff9a
ffa6
ffc2
ffa4
ffa1
ffa8
ffbb
ffc2
ffc0
ffc0
ffa6
ff9c
ffc1
ffcf
ffa9
ff7a
ff77
ff79
ff72
ff70
ff92
ff72
ff60
ff9f
ff79
ff71
ff82
ff91
ff80
ff6e
ff75
ff47
ff9c
ffa9
ffb8
ffab
ffa2
ffa8
ffb5
ffb8
ffb8
ffb7
ffab
ff95
ffb7
ffd1
ff91
ff7c
ff78
ff8b
ff82
ff66
ff7b
ff65
ff3f
ff9e
ff80
ff79
ff7e
ff90
ff92
ff7e
ff79
ff4d
ff5f
ffb7
ffb4
ffb0
ffa3
ffad
ffb5
ffb1
ffb5
ffb4
ffaf
ffa0
ffcc
ffef
ff76
ff77
ff74
ff5d
ff7e
ffab
ffb9
ffca
ff65
ffa2
ff6d
ff65
ff88
ffa5
ffa1
ff71
ff55
ff4b
ff52
ff96
ffba
ffc0
ffaa
ffa1
ffab
ffc4
ffca
ffb3
ffaa
ffbe
fff0
ffa9
ff77
ff77
ff77
ff76
ff77
ff78
ff6f
ff55
ff45
ffa2
ff92
ff6d
ff6e
ff72
ff56
ff56
ff64
ff66
ff7d
ff66
ff99
ffad
ffcb
ffbd
ffb0
ffc1
ffcc
ffc6
ffcb
ffc5
ffab
ff76
ff77
ff78
ff78
ff77
ff74
ff6f
ff6f
ff6f
ff3b
ff9b
ff65
ff5c
ff6f
ff6d
ff66
ff82
ff7f
ff6d
ff86
ff93
ff7e
ff67
ff7b
ffbb
ffc0
ffce
ffd1
ffd2
ffc4
ff9b
ff5a
ff71
ff75
ff65
ff66
ff74
ff82
ff82
ff77
ff78
ff44
ff83
ff43
ff4c
ff4f
ff41
ff78
ff72
ff60
ff61
ff8e
ff84
ff9a
ff90
ff7e
ff7b
ff84
ff7d
ff7e
ff72
ff75
ff75
ff55
ff36
ff1c
ff2d
ff29
ff2a
ff2b
ff2b
ff2f
ff34
ff02
ffe4
fff5
fffa
fffb
ffed
fff7
fffd
fffc
fffb
0033
ffff
fff8
fff9
fff9
fff7
fff8
fff7
fffa
fffb
fff9
fff5
fff7
fff7
fffc
fffb
fff7
fff5
fff9
fff8
fff8
fff8
00ac
ffc5
ffee
fff1
ffee
fff0
fff6
fffa
0000
0022
fff7
fff4
fff0
fff2
fff3
fff2
fff3
fff6
fff4
fff1
fff0
fff0
fff0
fff1
fffa
ffea
fff4
ffef
fff1
fff1
fff1
fff2
00e9
ffc2
ffee
fff5
fff9
fff5
fff9
0022
fffb
fff4
fff5
fff5
fff1
ffe9
ffe9
ffed
ffec
ffee
fff1
fff1
fff2
fff2
fff0
fff1
ffef
fff3
fff4
ffef
fff1
fff1
fff1
fff1
00e6
ffcb
fff3
fff4
fff6
fffd
fffc
fff6
fff6
fff1
ffe9
ffde
ffe9
fff0
fff2
ffe9
ffeb
ffeb
ffed
ffec
fff0
fff1
fff0
fff0
fff0
fff1
fff5
fff2
fff2
fff1
fff1
fff1
00e3
ffd0
fff2
fff8
fffc
fff4
fff4
fff1
fff2
ffe2
fff9
fff9
fff9
fffb
fffb
fff8
fff2
ffec
ffe2
ffe5
ffea
ffed
ffef
fff1
fff0
fff1
ffee
ffef
fff3
fff3
fff1
fff2
00de
ffd0
fff5
fff3
ffef
ffeb
ffef
fff3
ffee
0019
ffef
0000
fffa
fff6
0003
fff7
fff2
fff8
fff0
ffee
ffeb
ffeb
ffef
fff1
fff1
fff1
ffeb
fff1
fff2
fff1
fff2
fff1
00dc
ffc8
fff6
fff8
fff8
ffec
fff2
fff1
ffee
ffeb
0020
fff6
fff1
ffeb
ffee
ffe9
ffec
ffef
ffeb
fff0
ffed
ffe8
ffea
ffef
fff0
fff5
ffee
fff0
fff2
fff0
fff2
fff1
00de
ffcc
fff5
fff1
fff5
fff2
fff2
fff0
fff5
ffff
ffef
fff5
fff0
fff1
fff4
fff2
fff1
fff5
fff2
fff0
ffec
ffe9
fff0
ffec
fff1
fff2
ffef
ffef
fff3
ffef
ffee
fff0
00e1
ffce
fff4
fff2
fff3
fff4
fff3
fff7
fffd
fffb
fffc
ffeb
fff5
fffa
fff7
fff6
fff5
fff7
fff4
fff2
fff4
fff0
fff1
ffeb
ffec
fff2
ffee
fff1
fff2
ffee
fff2
fff1
00de
ffcf
fff3
fff2
fff6
fff3
fff5
fff9
fffa
ffef
fff1
fffd
fff7
fff8
fff8
fff7
fff8
fff6
fff5
ffef
fff1
ffef
ffec
ffee
fff2
ffef
ffef
fff6
fff5
fff0
ffef
fff1
00e0
ffd1
fff6
ffef
fff9
fff3
fff8
fffe
fff8
fff3
fff8
fff7
fff8
fff8
fff5
fff6
fff5
fff6
fff3
fff5
fff4
fff3
fff4
fff3
ffe6
ffe6
ffe0
ffd5
ffd6
ffdf
ffe8
ffea
00d4
ffcd
fff3
fff1
fff9
fff4
fffb
0027
0023
ffee
ffeb
ffff
fffe
fffa
fff2
fff0
ffed
fff2
fff0
ffeb
ffed
ffeb
fff8
fffb
ffd5
ffec
fff2
ffe9
ffef
ffe8
ffd9
ffe0
00de
ffca
fff2
fff0
fff7
fff6
fffd
002a
fff1
fffa
fff4
000b
009c
0039
fff6
fff6
fff6
fff7
fff6
fff4
ffd1
ffe2
fff6
fff8
ffdb
ffe5
ffd6
ffe4
fff6
0039
fffe
fff7
018a
ffcf
ffef
fff1
fff5
fff5
fffd
001d
fff4
fffb
fff9
002a
00e8
007f
fff9
fff9
fff9
fff9
fff9
fff9
ffb4
ffcf
ffef
0041
ffe0
0024
0021
001c
fff5
ffeb
fff9
0004
010c
ffd0
ffec
fff3
fff5
fff6
fff7
0006
0022
0017
0026
fff5
0112
0082
fff9
fff9
fff9
fff9
fff9
fff9
ffa0
ffc3
ffdf
003b
ffe9
ffea
fff2
fff1
ffe2
ffea
0031
fffd
010d
ffd0
fff0
fff3
fff7
ffef
fffd
fff8
fffe
fff4
ffde
ffc7
0202
0130
fff9
fff9
fff9
fff9
fff9
fff9
ff77
ff8f
0042
001a
ffc6
fff5
00a0
0042
ffe8
fff3
fff5
ffeb
01c5
ffcf
ffef
fff3
fff3
0006
ffdc
fff1
fffc
ffff
ffeb
fff0
0173
00c9
fff9
fff9
fff9
fff9
fff9
fff9
ffa7
ffb3
fffb
ffef
ffd5
fffb
010c
00d8
ffee
0094
fff5
fffd
0099
ffc8
fff1
fff2
fff6
fffd
ffd5
ffe5
fffe
0002
fff7
fff5
0129
00b8
fff9
fff9
fff9
fff9
fff9
fff9
ffad
ffce
fff2
fff3
ffde
ffe7
fff6
fffd
fffb
ffe1
ffe9
000d
013b
ffd0
fff9
fff4
fff9
fff5
ffd0
ffe7
001d
0004
fff5
fff7
011f
00b0
fff9
fff9
fff9
fff9
fff9
fff9
ffb6
ffc9
fff6
fff5
fff8
fff7
fff8
fff7
fffd
fffa
0000
0008
011f
ffc6
fff5
fff7
fffc
fff2
fff9
0029
0029
0005
fffc
fffb
010a
00a2
001f
003c
0030
001d
003b
002e
ffc9
ffd3
fff2
ffee
ffe6
fff4
fffe
000e
ffea
fffc
005a
0029
011b
ffcd
fff4
fff8
fffb
fff1
003e
001f
0012
0021
fffe
fff8
000d
0021
0009
fffb
fffb
fff9
fff9
000c
fff2
ffe8
fff2
fff7
fff2
ffeb
fff8
fff2
ffee
fff2
ffe9
ffe6
00db
ffd0
fff4
fff9
fff8
fff0
0046
0015
0015
ffff
fffa
fffc
0001
fffa
fffb
fffe
ffff
fff2
fff7
fffe
fffe
fff5
fff3
ffeb
fff9
ffed
fff1
fff1
fff4
fff4
fffc
0054
00fa
ffd2
fff4
fffd
fff6
ffef
ffff
ffde
fffc
fffc
fffa
fffa
fffa
fffe
fff9
fffd
0053
fffa
fff9
fff2
fffc
fff4
ffef
ffe7
fffa
fffd
fffd
fff6
fff2
fff2
fffc
fff1
00a6
ffd2
fff4
fffe
fff4
fff0
fff4
fff3
004a
fffa
001f
0005
ffec
ffe6
ffe8
ffee
ffec
ffee
ffee
ffed
fff5
fffd
fff3
ffe1
fff0
fff4
fff3
fff5
fff2
fff0
fff8
fffd
0104
ffd1
fff4
ffff
fff5
fff2
fff2
fff9
0056
0007
001f
fff9
fff6
fff5
fff7
fff3
fff2
fff4
fff2
fff4
fff7
fff7
fff4
ffdc
ffec
fff7
fffd
fff9
fffb
0009
0005
ffee
00d5
ffd3
fff4
ffff
fff8
fff0
fff3
fff6
0032
001b
0002
fff3
fff5
fff9
ffff
ffff
fffa
fffa
fff2
fff4
fffc
fff7
fff6
ffdf
ffe6
fff3
fff1
fff6
fff4
ffea
fff1
fffe
0192
ffda
fff5
ffff
fff9
ffed
fff1
fff2
fff5
0022
fffd
fff9
fff3
fffa
fff8
fff6
fff7
fff6
fff7
fff6
ffee
fff1
0002
000a
ffe9
ffef
fffd
0019
fff7
fff2
ffec
fff0
00f1
ffd5
ffee
fffc
fff9
fff1
fff1
fff1
ffe2
fff5
fff8
fffe
fff2
fffa
fff7
fff9
fff7
fff7
fff2
fff3
fff8
fff5
ffe2
0037
fff2
fff3
fff3
fff4
fff6
fff6
fffb
0022
0163
ffca
fff0
000b
fffd
fff4
ffea
ffe1
ffed
ffed
0048
ffff
fffc
fffc
fff5
fff8
fff8
fffa
ffef
fff1
fffa
002a
fff2
ffe2
fff2
fff2
fff1
fff1
fff1
fff2
fff2
fff3
00c9
ffda
fff2
fff6
fffa
ffe4
ffed
fff6
fff5
ffef
fff4
fff6
fffe
ffff
fffa
fffa
0001
fff9
fff7
0006
fff2
ffe8
fff4
fff1
fff2
fff0
ffeb
ffe4
ffe2
ffe6
ffea
ffea
011d
ffcd
fff6
fff1
ffe0
fff4
fff9
fff4
0008
fff0
000a
fff6
fff0
fff9
fff5
fff6
fff7
fff7
fff5
ffec
ffe6
fff4
ffeb
ffee
fff4
fff7
fff9
fff6
fff1
fff0
fff2
fff8
0130
ffbf
ffe1
ffe0
001e
fffd
002c
002b
0039
003e
0039
002f
0017
fffe
0013
000f
fffe
fff7
fff3
fff6
ffe8
ffde
ffe0
ffdb
ffd7
ffdb
ffda
ffdb
ffdb
ffd8
ffd6
ffd8
00c6
ffcc
ffcb
ffc9
ffc6
ffd4
fff3
ffcf
ffc2
ffc2
ffc5
ffc2
ffc9
ffbf
ffc5
ffc3
ffc2
ffc1
ffc2
ffc2
ffbb
ffb5
ffc4
ffcb
ffc7
ffce
ffb6
ffc6
ffcb
ffcb
ffcb
ffca
ffa6
ff75
ff6d
ff7d
ff80
ff85
ff86
ff8b
ff93
ff8b
ff66
ff78
ff79
ff74
ff73
ff72
ff72
ff72
ff6f
ff6d
ff70
ff6a
ff6d
ff73
ff6d
ff63
ff69
ff69
ff67
ff68
ff68
ff67
ff49
ff6d
ff6d
ff7c
ff74
ff82
ff8a
ff8c
ff6d
ff72
ff7c
ff6c
ff66
ff6b
ff72
ff7f
ff75
ff70
ff72
ff6f
ff6f
ff6f
ff6e
ff6e
ff6c
ff68
ff64
ff65
ff6f
ff6e
ff6a
ff68
ff48
ff6e
ff68
ff7c
ff80
ff85
ff74
ff69
ff7a
ff6c
ff6e
ff7a
ffac
ffc9
ffa6
ffa7
ffbc
ffa9
ff9d
ff73
ff6f
ff70
ff6e
ff6d
ff6d
ff6c
ff6c
ff6a
ff66
ff67
ff67
ff68
ff4b
ff68
ff66
ff7d
ff7d
ff6f
ff7a
ff70
ff71
ff72
ffa4
ff98
ff74
ff96
ffa1
ff95
ff9b
ffa3
ff88
ff9a
ff91
ff78
ff6d
ff6e
ff6b
ff6c
ff71
ff6c
ff65
ff6a
ff6a
ff6a
ff4b
ff79
ff70
ff93
ffa0
ff8f
ff74
ff6e
ff6b
ff84
ff92
ffcc
ffc7
ff9c
ffb3
ffc6
ffb9
ffa6
ffaa
ff99
ff97
ffad
ff8e
ff71
ff6e
ff69
ff69
ff66
ff64
ff66
ff6a
ff6a
ff4b
ff74
ff85
ff86
ff77
ff70
ff7b
ff8a
ff7f
ff96
ffae
ff98
ff96
ffa9
ffac
ffa8
ffc3
ffce
ffc7
ffb6
ffad
ff8a
ff89
ff7e
ff6f
ff70
ff6b
ff64
ff66
ff67
ff61
ff64
ff4a
ff73
ff7c
ff8b
ff91
ff81
ff7c
ff76
ff78
ff95
ffaf
ffb2
ffba
ffbd
ffc0
ffb3
ffb5
ffb3
ffb5
ffb3
ffad
ffa5
ff7c
ff81
ff72
ff6b
ff68
ff68
ff66
ff6a
ff65
ff6a
ff4c
ff7d
ff80
ff8a
ff8b
ff7b
ff7b
ff7c
ff93
ffa6
ffb2
ffba
ffc8
ffc3
ffc2
ffbe
ffbc
ffc2
ffbe
ffc2
ffb4
ffb8
ffa5
ff92
ff84
ff71
ff70
ff66
ff62
ff68
ff6c
ff6a
ff4c
ff7b
ff7d
ff89
ff86
ff7d
ff7c
ff80
ffa1
ffb7
ffb8
ffbd
ffb6
ffc2
ffc9
ffc8
ffc4
ffc0
ffbe
ffb5
ffb2
ffa3
ff9b
ff9b
ff85
ff6e
ff6e
ff70
ff6e
ff6b
ff69
ff6b
ff4c
ff7d
ff7f
ff88
ff84
ff7e
ff7d
ff8b
ffb7
ffc8
ffb3
ffba
ffc8
ffce
ffc7
ffcb
ffc7
ffc5
ffc8
ffcb
ffca
ffb7
ff9e
ff99
ffa2
ff7b
ff81
ff94
ff8d
ff72
ff6b
ff6b
ff4c
ff60
ff7d
ff86
ff7d
ff7c
ff7a
ff82
ffb2
ffaa
ffad
ffc4
ffc2
ffd3
ffd2
ffd4
ffd0
ffcd
ffda
ffd7
ffdc
ffbd
ffaf
ff95
ffaf
ff7f
ff5f
ff07
fef0
ff27
ff55
ff62
ff50
ff76
ff84
ff87
ff7d
ff7e
ff78
ff84
ffa1
ffa7
ffbe
ffc0
ff9f
ffb8
ffb6
ffb7
ffb2
ffb0
ffb8
ffb1
ffcb
ffab
ffaa
ff93
ffad
ff4d
ff2e
ff47
ff85
ff9a
ffb2
ffe3
ffcf
ff6f
ff83
ff85
ff7d
ff7d
ff80
ff8d
ff9a
ffa2
ffa4
ffb6
ffa6
fff9
fff2
fff2
fff2
fff2
fff2
fff2
007c
ff9c
ffb1
ff82
ffab
ff7d
ff42
ff5d
ffa1
ffac
ffa2
ff82
ffaa
ff7c
ff89
ff86
ff7f
ff7d
ff79
ff81
ff9a
ffaf
ffc0
ff89
ff34
ffe9
fff2
fff2
fff2
fff2
fff2
fff2
008e
ff89
ff9d
ff9f
ffa5
ff8a
ff88
ff92
ff8c
ff91
ff87
ff97
ff6e
ff7c
ff84
ff7d
ff76
ff7a
ffac
ff89
ff9e
ffb5
ffcc
ffb3
ffb8
0036
fff2
fff2
fff2
fff2
fff2
fff2
00d1
ffc0
ff98
ffb1
ffad
ff80
fff1
0353
035a
012d
ffb1
ffa7
ffe7
ff86
ff84
ff86
ff7f
ff76
ff82
ff6b
ff98
ffb4
ffac
ffb1
ffac
fff6
fff2
fff2
fff2
fff2
fff2
fff2
005c
ffb7
ffac
ffad
ff9b
ff81
ff94
ff7b
ffa3
ff79
ff85
ff73
ff5a
ff7c
ff7d
ff83
ff7e
ff79
ff9a
ff8a
ff8f
ffb1
ffce
ffd2
ffa4
fff0
fff2
fff2
fff2
fff2
fff2
fff2
004a
ffc0
ffb7
ffb7
ff98
ff75
ff71
ffcf
ffe9
ff97
ffac
ffb4
ff97
ff72
ff7a
ff83
ff82
ff7d
ff82
ff8c
ff97
ffad
ffbc
ffcc
ffb2
fff3
fff2
fff2
fff2
fff2
fff2
fff2
0032
ffc0
ffca
ffac
ff8e
ff68
ff67
ff72
ff87
ff62
ff34
ff32
ff33
ff83
ff7d
ff82
ff82
ff7c
ff7a
ff9a
ff92
ffa9
ffb9
ffc3
ffc1
ffeb
ffed
fff0
ffee
fff2
ffef
ffec
fffd
ffc9
ffc1
ffad
ff80
ff6c
ff7b
ff7a
ff6a
ff79
ffb2
ffb5
ff6b
ff73
ff81
ff83
ff84
ff7c
ff6c
ff93
ff90
ffa8
ffb8
ffbe
ffc0
001a
00f0
0116
00e9
fff8
ffff
0072
fffe
ffca
ffbc
ffac
ff82
ff72
ff76
ff62
ff5c
ff71
ff64
ff60
ff47
ff7a
ff81
ff81
ff88
ff7c
ff70
ffa3
ff96
ffa9
ffb9
ffb9
ffbd
ffc4
ffb7
ffa8
ffa8
ffb1
ffab
ffb9
ffb5
ffb7
ffb6
ffaf
ff71
ff6e
ff75
ff64
ff65
ff6b
ff68
ffb0
ff60
ff7a
ff80
ff7f
ff8c
ff7c
ff78
ff8f
ff89
ffa6
ffba
ffc4
ffbd
ffb0
ffbd
ffd5
ffe3
ffda
ffc9
ffc4
ffac
ffb5
ffc5
ffb6
ff65
ff7a
ff73
ff6b
ff6a
ff72
ff6e
ff82
ff4d
ff79
ff7f
ff7e
ff91
ff85
ff7a
ff82
ff70
ffa1
ffb6
ffcc
ffce
ffb8
ff9f
ffa9
ffac
ffc7
ffd5
ffc9
ffbe
ffcd
ffc5
ffb0
ff67
ff74
ff71
ff73
ff67
ff6c
ff81
ffb8
ff42
ff7a
ff7f
ff7d
ff8d
ff85
ff7c
ff7e
ff7b
ff98
ffaf
ffc1
ffc2
ffa0
ff9a
ffa9
ffb9
ffb6
ffb2
ffa5
ffa1
ffb4
ffbe
ffae
ff63
ff68
ff5e
ff5f
ff69
ff75
ff5c
ff51
ff49
ff7a
ff7d
ff79
ff8e
ff8f
ff80
ff79
ff75
ff80
ffb2
ffc3
ffc4
ffbe
ffc1
ffc6
ffc7
ffc4
ffc0
ffb9
ffb2
ffad
ffb5
ff8f
ff62
ff69
ff60
ff76
ff7a
ff87
ff73
ff66
ff5a
ff78
ff7d
ff78
ff8c
ff90
ff89
ff7b
ff7b
ff7e
ff9b
ffb8
ffc3
ffbe
ffc4
ffc9
ffd0
ffcc
ffcb
ffbb
ffb5
ffb8
ffbc
ff6b
ff61
ff65
ff68
ff87
ffb5
ffa6
ff7d
ff86
ff5a
ff6c
ff5b
ff70
ff8c
ff8e
ff81
ff76
ff76
ff92
ff98
ffb2
ffbb
ffbe
ffc0
ffbd
ffcc
ffd1
ffcb
ffb5
ffb0
ffac
ff97
ff53
ff65
ff64
ff62
ff7f
ff6c
ff38
ff1c
ff48
ff7e
ff74
ff78
ff7b
ff83
ff73
ff6c
ff84
ff9f
ffa5
ffa7
ff98
ffa6
ffa9
ffc5
ffc4
ffc0
ffc0
ffbf
ffb7
ffb2
ff8a
ff62
ff60
ff63
ff65
ff65
ff65
ff65
ff63
ff67
ff86
ff67
ff69
ff4c
ff6d
ff88
ff9a
ffbe
ffa5
ff8e
ffa7
ffa6
ffb8
ff8c
ff8a
ffa2
ffb1
ffbb
ffb5
ffb4
ffa9
ff8f
ff6f
ff6c
ff67
ff64
ff63
ff63
ff62
ff67
ff6d
ff71
ff6f
ff52
ff77
ff8c
ff87
ff77
ffa3
ffa5
ffa1
ff97
ffa8
ffb0
ffaa
ffbf
ffbb
ffa0
ff83
ff80
ff78
ff7a
ff7a
ff9b
ff82
ff75
ff62
ff76
ff93
ff89
ff6b
ff55
ff5c
ff69
ff68
ff49
ff80
ff7f
ff7d
ff86
ffad
ffa6
ffab
ffac
ffb1
ffae
ffba
ffab
ffa8
ffa8
ffb3
ffb6
ffb6
ffa7
ff9a
ff93
ff78
ff7a
ff94
ff84
ff76
ff7b
ff74
ff6f
ff68
ff64
ff6b
ff63
012d
0005
ffec
ffe7
002a
0030
ffed
fffa
fffd
fffa
fff5
009b
fff9
fffa
fffa
fffa
fffb
fff8
fff9
fffa
fffa
fffc
fff9
fffd
fff7
fff5
000f
fff8
fffa
fff9
fff8
fff3
0172
0005
ffeb
ffec
002f
fff7
fffa
fffc
fffd
ffff
ffff
0009
fff9
fffd
fffb
fff9
fff9
fff9
fffa
fff9
fff8
fff8
fff8
fff8
ffee
fffe
fff6
fff9
fff8
fff8
fff7
ffee
0111
fffa
ffe8
fff4
fff9
fffd
fffb
fffc
fffe
fffe
fffb
fffb
fff6
fff7
fff2
fff3
fff7
fff8
fff9
fff8
fff8
fff8
fff7
fff7
fff4
fff9
fff6
fff7
fff7
fff7
fff8
ffee
00b6
fffa
ffe8
fffb
fff9
fffe
fffe
fffc
fffd
fffa
fff6
fffa
fff1
fff7
fff6
fff8
fff5
fff0
fff5
fff6
fff8
fff8
fff7
fff7
fff7
fff7
fff5
fffa
fff7
fff7
fff7
ffee
00a3
0046
ffe5
fffb
fff9
fffa
fffc
fffa
fffc
0002
fff2
ffff
fff3
ffff
fff5
ffed
fff9
0007
fff6
fff6
fff2
fff8
fff7
fff8
fff6
fff4
fffb
fffe
fff3
fff9
fff7
ffee
00f6
0039
ffde
fff9
fff8
fff8
fffb
fffe
000f
fff6
fff6
fff5
fff9
fff6
fffe
fffd
fff8
fff8
fffa
fff2
fffe
fff2
fff7
fff8
fff7
fff3
fffa
fffc
fff8
fff8
fff7
ffed
0123
fffb
fff3
fffb
fff9
fffa
fffa
fff1
004d
001d
fff1
000b
fffd
fffc
fffc
fff3
fffb
fffa
fff2
fffc
fff5
fff8
fffa
fffb
fff8
fff3
fff9
fff8
fff9
fffa
fff4
ffed
0121
fff9
002b
fffa
fff8
0002
fffb
fff7
fffa
fffe
fff8
0000
fffc
fffb
fffc
fffb
fffc
fff9
fffa
fff7
fffc
fff5
fff5
000d
fff6
fff7
fff6
fff9
fff7
fffb
fff8
ffed
00da
fffb
0034
fff6
fffc
ffff
fffb
fffb
fffa
ffe9
001c
0002
fff9
ffff
ffff
ffff
fffd
0006
ffff
fffb
ffe9
fffc
fff5
fffd
fffa
fff7
fff6
fffb
fff1
fff9
fff5
ffee
00ad
fffb
0042
fff2
0006
fffd
0011
0000
fffa
0018
ffff
fffb
000c
ffff
0001
fffd
fffd
fffe
0014
0003
fffd
fff9
001a
ffea
001a
fff7
fff8
fff9
fff6
fff9
fff6
ffef
00a6
fffc
003f
fff1
0002
fffc
0024
fffe
fffe
0009
fffd
000d
fffe
fffe
ffff
0003
fffe
0006
fffd
fffa
fffc
fff7
fffc
fff4
0044
fff8
ffeb
ffe2
ffea
fff1
fff5
ffed
00cb
0010
0047
fff3
ffff
fffb
0056
fffb
fff9
0063
fffe
0004
0022
0016
ffff
001b
0007
fffd
0008
fff8
fff0
fffd
fff0
fffd
0013
fff6
0005
ffe9
0012
fff5
ffee
ffe4
00fb
fffc
0048
fff6
fffd
fff6
005f
fffa
0017
0032
ffff
0000
ffed
0003
fffe
0003
0002
ffff
0003
0000
00a7
fff6
0012
fff4
002b
fff9
fff5
ffca
0171
fffa
fffb
ffe1
007d
002e
0039
fff5
fffc
fff5
0051
ffef
fffb
0023
fffa
0022
ffd4
fffe
fffe
fffe
fffe
fffe
fffe
0014
01fa
fff4
fff0
ffe1
0083
0039
ffe0
ffeb
0277
0054
ffee
fffe
0074
0059
002f
fff6
fffc
fffb
0042
fffb
ffda
fff5
ffec
fffa
ff90
fffe
fffe
fffe
fffe
fffe
fffe
001b
02ca
000f
ffe4
ffeb
0052
0093
ffe6
000a
01f0
003c
0071
fffe
00b4
002c
002e
fff4
ffff
fffe
004a
006d
fff0
fffe
00d6
ffda
ff6e
fffe
fffe
fffe
fffe
fffe
fffe
007d
03dc
ffe4
ffc0
00d5
fffa
00bc
fff7
fffe
00a2
0117
ffec
ffe2
00b6
002e
0011
fffa
fff7
0066
005c
002c
ffec
fffe
0038
ffe8
ffc3
fffe
fffe
fffe
fffe
fffe
fffe
002e
0176
000a
ffe7
0038
fff1
015d
ffc6
fffc
ffd1
0158
ffc4
00df
00cb
002b
fffe
fff8
fffa
00ab
0046
000d
fff1
fffd
000b
fffb
ffd7
fffe
fffe
fffe
fffe
fffe
fffe
0022
00fe
ffff
fff6
ffed
fffa
fffb
002e
ffe6
0144
011b
ffd4
0048
00f2
ffff
fffa
fff1
fffd
013c
ffdd
fffc
fffa
0010
fffd
fffd
ffdc
fffe
fffe
fffe
fffe
fffe
fffe
0018
00f4
fffb
fff1
ffde
fff5
fffe
ffe7
0055
0163
0007
fffe
003e
010f
0034
fff8
ffeb
ffff
0062
ffbc
0008
fffe
fffe
fff9
fff8
ffd9
ffff
000d
0008
0005
0006
0015
0031
00e9
fffb
fffc
001e
0086
fffa
ffed
00db
00ea
fffb
0018
0012
00c4
001a
fffc
ffe9
0003
fffc
ffcd
0029
fffb
fff7
0003
0007
fffd
ffef
fff9
000e
fff9
fff8
0007
fff6
001b
fffb
ffee
ffec
007d
fff8
0023
fff8
0011
fffc
fffe
fff3
00af
fffd
0001
ffe8
000b
fff3
ffe8
0020
fffa
fffd
fffa
fffe
0007
ffff
fffe
ffed
fffc
0004
ffff
000c
0008
fffa
fff4
ffeb
0007
fffb
0026
fff6
fffc
0020
ffd1
002d
00aa
fffd
fffe
ffe7
0009
fff7
0119
0053
0005
0006
fff8
001d
fff8
0008
fffd
ffdf
fff6
0005
0025
0008
fffd
fff5
fff4
000f
fff3
0003
001f
fff7
ffff
001a
00a2
008a
00b7
fffd
fffd
ffeb
ffff
fffb
00b8
ffe7
0005
fff9
ffe9
fffa
fffa
0001
fffa
ffff
fff7
fffd
fffb
0039
fffc
ffec
fff1
0084
ffd5
fffd
fff2
fff3
fffb
0024
ffff
ffe4
00ba
fffd
fffc
fff0
fff8
0004
ffff
fffb
ffee
000e
fff1
0019
fffb
001c
0019
001e
fffe
fffc
fffc
0009
001a
ffec
fffa
00c0
ffd9
fffb
ffe5
fffc
fff8
ffee
fff5
fff5
00bb
fffc
ffff
fff0
fff7
fffd
fffc
fff0
00c1
fffe
0009
fffe
0014
fffd
fffb
fff9
fffa
fffc
fffc
fff7
0047
ffe6
ffea
00ed
ffeb
0014
ffed
fff5
0026
fff1
fff5
ffcb
00dc
fffb
ffff
ffec
fffb
fffa
0003
fff6
01ce
ffe6
fffe
fffd
0004
0005
001d
fffe
fffd
fff7
fff7
fffb
007c
ffe8
ffbc
0075
fff9
fffa
ffef
fffb
000d
fff1
fff2
fff6
0153
0039
fff7
ffec
fffa
fff7
0011
fffd
017e
000e
fffa
001d
fffd
ffff
0014
ffff
ffff
fff9
fffd
fffd
0003
0003
fff4
fff8
fff8
fff6
fffb
fff6
fff2
0021
fffd
fff2
01b1
fff1
fff2
ffef
fffd
fffa
0008
fff5
008d
ffed
fffb
003a
fffc
0015
0015
000f
fffd
fff9
0014
fffb
fff9
ffdb
00a6
fff8
fff8
fff8
fff7
fff8
fff8
fff7
fff5
fffa
0189
ffe8
0047
fff6
0007
fffa
fff6
fff7
003b
0020
ffff
fff7
004d
ffff
0011
ffff
fffa
fffc
fffa
fff4
fff9
fffa
fffc
fff7
fff8
fff6
fff4
fff2
fff1
fff5
ffee
ffe7
01ac
fffc
fffb
0002
006b
ffe8
fffd
fffa
001a
fff2
fff6
ffff
fffd
0010
fffc
0011
fffb
0012
ffff
0006
ffe6
fff7
fffa
fffa
fff4
fff7
fff8
fff8
fff9
fffa
ffea
0003
016a
fff7
fff9
fff3
fff0
003e
0025
0071
0042
0036
002f
000a
002f
0025
000a
fffe
0003
ffff
0000
ffee
0032
ffea
fff0
0046
fff4
fff2
fff4
fff4
fff3
ffee
fffa
0052
ff0f
ff30
ff45
ff3c
ff2c
ff2a
ff43
ff40
ff42
ff4b
ff61
ff3a
ff4c
ff4c
ff4c
ff4c
ff4c
ff4d
ff51
ff53
ff4e
ff46
ff47
ff48
ff57
ff48
ff42
ff45
ff45
ff43
ff45
ff53
fee3
feee
ff0e
fef5
feed
ff0a
ff0f
ff17
ff2f
ff3d
ff29
ff18
ff16
ff17
ff16
ff17
ff1a
ff1e
ff1c
ff1a
ff16
ff12
ff10
ff0a
ff1b
ff04
ff05
ff06
ff06
ff06
ff05
ff0e
fee6
fef1
ff0c
feff
ff05
ff0d
ff1b
ff2f
ff28
ff1a
ff12
ff0f
ff09
ff05
ff0a
ff0f
ff14
ff17
ff18
ff17
ff17
ff16
ff16
ff13
ff0c
ff03
ff07
ff0a
ff07
ff07
ff06
ff0e
fee9
fef9
ff0d
ff04
ff0f
ff1e
ff1f
ff16
ff0f
ff09
fef3
fee7
fefe
ff09
ff1a
ff0e
ff07
ff01
ff06
ff14
ff16
ff16
ff15
ff13
ff12
ff0d
ff02
ff0d
ff0f
ff0c
ff0a
ff0f
fef2
fef5
ff14
ff10
ff16
ff0c
ff03
ff04
ff00
feef
ff00
ff21
ff45
ff4e
ff56
ff5e
ff4a
ff3e
ff0f
ff00
ff09
ff12
ff15
ff13
ff12
ff0a
fefc
ff03
ff11
ff0e
ff0d
ff12
feec
feef
ff1d
ff09
ff01
fefa
fefe
fefe
fef7
ff1c
ff27
ff45
ff57
ff67
ff79
ff7f
ff7c
ff6b
ff4f
ff3b
ff0f
ff01
ff0d
ff11
ff0d
ff0c
feff
fefc
ff0c
ff0e
ff0c
ff13
fee5
feeb
ff24
ff29
ff19
fef3
fee7
fee2
ff0b
ff37
ff68
ff66
ff62
ff61
ff69
ff6f
ff68
ff65
ff5b
ff47
ff4b
ff1f
ff07
ff0c
ff0b
ff06
ff03
fefd
ff00
ff07
ff0b
ff13
feeb
ff00
ff1b
ff29
ff14
fefe
fef7
fef1
ff1f
ff52
ff60
ff62
ff67
ff6c
ff6d
ff6e
ff6d
ff6c
ff65
ff51
ff3f
ff34
ff1e
ff06
ff14
ff0a
ff02
ff00
ff02
fefe
ff07
ff12
fefb
ff03
ff18
ff20
ff02
fef7
fef8
ff0e
ff3b
ff57
ff5d
ff67
ff74
ff7c
ff80
ff84
ff81
ff7b
ff71
ff65
ff51
ff28
ff2c
ff08
ff0e
ff0f
ff06
fefd
ff08
ff01
ff09
ff12
ff00
ff04
ff15
ff17
fef9
fef7
ff00
ff2b
ff52
ff5d
ff66
ff77
ff7b
ff81
ff84
ff87
ff89
ff81
ff79
ff6f
ff6a
ff4b
ff2c
ff25
ff06
ff12
ff0d
ff05
ff0b
ff09
ff0d
ff13
ff04
ff02
ff0d
ff0c
fef6
fef9
ff10
ff53
ff5f
ff61
ff73
ff75
ff7a
ff83
ff84
ff86
ff89
ff86
ff7e
ff70
ff5c
ff5e
ff43
ff39
fefa
fef7
fedb
fecc
fee4
fefb
ff03
ff0e
fefd
ff09
ff04
ff04
fef4
fefc
ff28
ff7b
ff7e
ff62
ff72
ff98
ffa3
ffa3
ffa5
ff9c
ffa0
ffa6
ff9e
ff88
ff6e
ff51
ff5b
ff56
fef3
fef6
ff1d
ff20
fef0
fedf
fee3
fefd
fee1
ff0d
ff00
fefe
fef4
fefe
ff28
ff73
ff65
ff67
ff88
ffc0
002d
fff7
fffa
fff8
fff5
fff9
fff9
ffd7
ff7a
ff6c
ff59
ff73
ff0e
feed
fedd
ff0a
fed4
fef0
fed9
fef4
feee
ff0b
fefd
fefb
fef3
feff
ff1e
ff4f
ff4e
ff68
ff95
ffc5
0112
00c3
00c3
00c3
00c3
00c3
00c3
0025
ff6d
ff7e
ff54
ff7e
ff19
ff0d
ff02
ff09
fee8
fef9
ff2f
ff53
fef5
ff04
fefe
fefa
fef3
ff01
ff20
ff35
ff57
ff58
ff68
ff7e
01e0
00c3
00c3
00c3
00c3
00c3
00c3
002d
ff2b
ff7c
ff49
ff66
ff22
fedf
ff0f
ff01
fef7
ff0f
ff02
ff65
ff01
ff09
fefe
fefb
fef2
fefc
ff03
ff3e
ff60
ff53
ff4a
ff2a
0148
00c3
00c3
00c3
00c3
00c3
00c3
006c
ff05
ff4a
ff73
ff30
ff1e
ff2c
ff64
ff48
feff
feef
feef
ff30
feff
ff0a
fefc
fef6
fef0
ff28
feef
ff49
ff6d
ff67
ff55
ff8f
00d3
00c3
00c3
00c3
00c3
00c3
00c3
0035
ff57
ff45
ff71
ff37
ff1f
ff29
0025
ffd4
ff67
feee
fef4
ff69
ff03
ff06
ff03
fef9
fef1
ff13
fee4
ff38
ff73
ff72
ff6b
ff9e
00a3
00c3
00c3
00c3
00c3
00c3
00c3
0016
ff72
ff6e
ff63
ff3c
ff0b
fefd
ff37
ff7f
ff23
fee0
feec
ff27
ff08
ff0b
ff07
feff
fef3
ff0d
ff06
ff20
ff64
ff7e
ff86
ffad
0094
00c3
00c3
00c3
00c3
00c3
00c3
0029
ff8b
ff7d
ff72
ff2a
ff04
fefd
fefb
ff0c
fef0
ff27
ff2f
ff4d
feed
ff04
ff0c
ff06
fef2
fef4
ff34
ff15
ff52
ff7e
ff97
ffb0
0059
0091
00aa
00be
00ad
00b4
00cf
0067
ffa4
ff90
ff6a
ff3d
fef4
ff05
ff17
ff0b
ff00
ff10
ff05
ff24
fefc
feff
ff0e
ff0c
fef3
feed
ff41
ff1a
ff4e
ff7e
ff95
ffa4
ffb2
ffc2
ffb8
ffbe
ffd3
ffc8
ffc2
ffde
ffbb
ff93
ff61
ff2e
ff00
ff0b
ff08
ff04
feff
ff1c
ff17
ff21
ff04
ff0c
ff11
ff11
fef2
feeb
ff2e
ff14
ff4e
ff72
ff91
ff92
ff99
ff9f
ff9c
ff95
ff97
ff88
ff8d
ff9a
ffa7
ff91
ff63
ff10
fefe
ff0e
fef2
fefe
ff0d
fef3
ff10
fefa
ff03
ff0d
ff12
ff19
fef2
feef
ff28
ff15
ff4c
ff74
ff89
ff94
ff91
ff92
ff95
ff95
ff98
ff8a
ff83
ff81
ff9a
ff90
ff62
ff02
ff09
ff17
fefe
ff02
ff10
fef6
ff41
fefb
ff01
ff0a
ff12
ff24
fef8
fef2
ff02
ff32
ff4c
ff81
ff8f
ff7a
ff5f
ff59
ff6e
ff81
ff84
ff68
ff62
ff64
ff8b
ff99
ff67
feea
ff0d
ff07
ff09
ff06
ff0d
ff0f
ff1b
ff11
ff01
ff0a
ff11
ff2d
ff10
fef1
fef1
ff02
ff53
ff78
ffa4
ff82
ff72
ff67
ff7f
ff8c
ff91
ff83
ff67
ff64
ff92
ff9f
ff61
fee6
ff07
fef9
ff17
ff08
ff1e
ff0c
ff38
ff10
ff00
ff0a
ff10
ff2d
ff20
fef8
fef3
fef1
ff3e
ff73
ff92
ff97
ff7b
ff85
ff9c
ffad
ffad
ffa2
ff85
ff6f
ff7b
ff98
ff58
feea
ff05
fef7
ff0a
ff01
ff0a
ff0b
fefe
ff2d
ff01
ff09
ff0c
ff2e
ff29
ff05
fef0
fefc
fef7
ff78
ff85
ff93
ff81
ff87
ff97
ffa5
ffa7
ff9a
ff89
ff74
ff6d
ff86
ff3f
fefb
ff03
fef3
ff1d
ff0b
fef7
fefd
feee
ff13
fefb
ff0a
ff14
ff2b
ff2b
ff14
fef3
fef8
fedc
ff40
ff86
ff8a
ff83
ff86
ff93
ffa5
ffac
ff9d
ff83
ff76
ff75
ff80
ff11
fefe
fefe
fefd
ff07
ff23
ff29
ff22
ff36
ff21
feee
feeb
ff10
ff24
ff24
ff0d
fee4
fedf
fefd
ff18
ff69
ff7e
ff8d
ff87
ff8b
ffa2
ffaf
ffa4
ff80
ff76
ff6b
ff54
feff
fefc
fefc
fefc
fefd
fefc
fefc
fef9
ff03
ff31
feed
ff0a
ff0e
ff1a
ff09
fef8
fefa
fefb
ff1d
ff32
ff2d
ff5b
ff72
ff97
ff90
ff93
ff9e
ff97
ff86
ff71
ff31
ff12
fef6
fefc
fefc
fef7
feef
fee8
fee7
fee8
feeb
fefa
fef0
fefd
ff15
ff0f
ff0d
ff29
ff20
ff0f
ff34
ff41
ff50
ff36
ff38
ff5e
ff81
ff7f
ff86
ff7d
ff6f
ff51
fefc
fef6
fef9
feee
feeb
feed
fef2
fef7
fef2
fef0
fef4
ff0a
fefe
ff10
ff14
ff17
ff69
ff59
ff53
ff4c
ff5e
ff7c
ff73
ff7a
ff64
ff5f
ff69
ff6e
ff63
ff54
ff49
ff44
ff19
ff02
fefb
fef0
fef5
fef2
feef
feef
feee
fef2
fef4
feed
